Date,Day_of_Week,Month,Year,Open,High,Low,Close,Prev_Close,Daily_Return_Pct,Volume_Shares_Mn,Turnover_Cr,50_Day_MA,200_Day_MA,RSI_14,India_VIX,Advance_Decline_Ratio,Top_Sector,Market_Sentiment,Is_Market_Holiday,Prev_Close_Recomputed,Daily_Return_Pct_Recomputed
2010-01-01,Friday,January,2010,5200.0,5238.12,5161.88,5200.0,5200.0,0.07,267.3,39537.4,5200.0,5200.0,50.0,18.0,1.02,Pharma,Neutral,No,,0.0
2010-01-04,Monday,January,2010,5207.64,5238.01,5193.46,5223.79,5200.0,0.46,187.6,10536.9,5211.9,5211.9,50.0,18.13,1.08,FMCG,Neutral,No,5200.0,0.4574999999999993
2010-01-05,Tuesday,January,2010,5238.05,5284.12,5147.9,5193.57,5223.79,-0.58,283.2,15345.0,5205.79,5205.79,52.29,18.41,0.23,FMCG,Neutral,No,5223.79,-0.5785071758244542
2010-01-06,Wednesday,January,2010,5168.25,5246.71,5058.82,5136.8,5193.57,-1.09,332.4,15932.4,5188.54,5188.54,21.47,16.79,0.94,Pharma,Bearish,No,5193.57,-1.0930824076694747
2010-01-07,Thursday,January,2010,5156.72,5170.51,5057.46,5071.02,5136.8,-1.28,141.2,6972.3,5165.04,5165.04,13.47,16.97,0.77,Auto,Bearish,No,5136.8,-1.2805637751129058
2010-01-08,Friday,January,2010,5081.47,5118.93,4900.6,4936.99,5071.02,-2.64,290.8,13065.3,5127.03,5127.03,7.66,19.21,0.26,Auto,Bearish,No,5071.02,-2.6430580041096396
2010-01-11,Monday,January,2010,4920.25,4961.1,4864.85,4905.58,4936.99,-0.64,223.9,11290.8,5095.39,5095.39,6.96,19.22,1.59,IT,Bearish,No,4936.99,-0.6362176143763681
2010-01-12,Tuesday,January,2010,4903.7,4995.62,4873.18,4964.72,4905.58,1.21,230.7,11338.8,5079.06,5079.06,20.67,19.33,1.12,Auto,Bearish,No,4905.58,1.2055659065798605
2010-01-13,Wednesday,January,2010,4977.2,5020.29,4922.63,4965.62,4964.72,0.02,259.2,13058.8,5066.45,5066.45,20.85,18.62,1.46,Banking,Bearish,No,4964.72,0.018127910536739962
2010-01-14,Thursday,January,2010,4949.57,5020.9,4918.82,4989.9,4965.62,0.49,191.1,10449.9,5058.8,5058.8,25.36,17.81,1.11,Auto,Bearish,No,4965.62,0.4889621034231324
2010-01-15,Friday,January,2010,4976.06,5018.93,4860.58,4902.81,4989.9,-1.75,249.1,11974.1,5044.62,5044.62,21.06,17.9,0.49,Energy,Bearish,No,4989.9,-1.7453255576263902
2010-01-18,Monday,January,2010,4903.08,4989.61,4868.85,4955.02,4902.81,1.06,287.0,13671.2,5037.15,5037.15,28.34,17.25,1.45,Banking,Bearish,No,4902.81,1.064899516807709
2010-01-19,Tuesday,January,2010,4948.54,4977.48,4895.01,4923.81,4955.02,-0.63,237.8,10890.6,5028.43,5028.43,26.86,17.86,1.04,Banking,Bearish,No,4955.02,-0.6298662770281458
2010-01-20,Wednesday,January,2010,4927.52,4977.48,4889.62,4934.5,4923.81,0.22,267.3,13665.8,5021.72,5021.72,28.15,18.17,0.86,Realty,Bearish,No,4923.81,0.21710829621775818
2010-01-21,Thursday,January,2010,4946.68,4995.78,4833.6,4882.05,4934.5,-1.06,296.0,14504.5,5012.41,5012.41,25.91,17.94,1.36,Metal,Bearish,No,4934.5,-1.062924308440568
2010-01-22,Friday,January,2010,4946.68,4969.56,4877.39,4960.78,4882.05,1.61,503.5,26222.5,5009.19,5009.19,52.29,17.8,1.2,IT,Bearish,No,4882.05,1.6126422302106609
2010-01-25,Monday,January,2010,4960.63,5065.58,4907.18,5011.58,4960.78,1.02,205.2,10416.3,5009.33,5009.33,37.63,18.58,1.23,Banking,Bearish,No,4960.78,1.0240325110164163
2010-01-26,Tuesday,January,2010,5024.02,5049.63,4982.69,5008.22,5011.58,-0.07,131.6,7082.9,5009.26,5009.26,40.57,24.57,1.53,IT,Neutral,No,5011.58,-0.0670447244182408
2010-01-27,Wednesday,January,2010,5006.64,5060.1,4954.2,5007.65,5008.22,-0.01,303.1,14619.2,5009.18,5009.18,44.86,19.99,1.35,FMCG,Neutral,No,5008.22,-0.011381289160632288
2010-01-28,Thursday,January,2010,4996.45,5032.31,4969.86,5005.68,5007.65,-0.04,406.0,20709.4,5009.0,5009.0,57.08,19.05,0.88,Energy,Neutral,No,5007.65,-0.03933981009054836
2010-01-29,Friday,January,2010,5023.03,5077.55,4938.37,4992.56,5005.68,-0.26,219.7,11322.4,5008.22,5008.22,59.32,19.21,1.12,IT,Neutral,No,5005.68,-0.2621022518419054
2010-02-01,Monday,February,2010,5023.03,5082.07,4917.65,5042.72,4992.56,1.0,250.6,12082.8,5009.79,5009.79,58.52,19.02,1.01,Pharma,Neutral,No,4992.56,1.0046949861393724
2010-02-02,Tuesday,February,2010,5043.69,5123.29,5022.09,5101.44,5042.72,1.16,285.2,14247.6,5013.77,5013.77,63.18,19.15,1.14,Metal,Bullish,No,5042.72,1.1644509312434428
2010-02-03,Wednesday,February,2010,5095.88,5147.93,5064.06,5115.98,5101.44,0.29,183.1,9537.7,5018.03,5018.03,62.47,18.9,0.99,IT,Bullish,No,5101.44,0.2850175636682969
2010-02-04,Thursday,February,2010,5101.81,5166.98,5026.9,5091.95,5115.98,-0.47,126.9,5842.6,5020.99,5020.99,71.37,17.97,1.27,Banking,Unknown,No,5115.98,-0.4697047291037054
2010-02-05,Friday,February,2010,5096.51,5165.44,5054.68,5123.39,5091.95,0.62,265.3,14643.3,5024.93,5024.93,69.96,17.69,0.57,Energy,Bullish,No,5091.95,0.6174451830831118
2010-02-08,Monday,February,2010,5130.46,5162.1,5083.6,5115.15,5123.39,-0.16,228.6,10783.6,5028.27,5028.27,73.99,17.9,1.21,Pharma,Bullish,No,5123.39,-0.16083101227899282
2010-02-09,Tuesday,February,2010,5102.43,5279.24,5038.33,5213.74,5115.15,1.93,231.5,10977.6,5034.89,5034.89,78.69,17.85,1.52,Banking,Bullish,No,5115.15,1.9274117083565516
2010-02-10,Wednesday,February,2010,5191.91,5279.88,5132.61,5220.26,5213.74,0.13,189.2,9313.8,5041.29,5041.29,88.36,19.29,1.23,Auto,Bullish,No,5213.74,0.12505418375293814
2010-02-11,Thursday,February,2010,5199.81,5229.21,5175.69,5205.06,5220.26,-0.29,150.2,7821.6,5046.74,5046.74,82.38,18.88,1.08,Energy,Bullish,No,5220.26,-0.29117323658208244
2010-02-12,Friday,February,2010,5233.37,5319.17,5195.78,5281.24,5205.06,1.46,314.4,16035.3,5054.31,5054.31,83.49,19.27,1.48,Banking,Bullish,No,5205.06,1.4635758281364553
2010-02-15,Monday,February,2010,5233.37,5385.3,5306.67,5380.19,5281.24,1.87,310.3,16494.9,5064.49,5064.49,87.33,20.05,1.4,IT,Neutral,No,5281.24,1.8736130151252324
2010-02-16,Tuesday,February,2010,5380.67,5442.48,5243.93,5304.87,5380.19,-1.4,300.7,14625.4,5071.78,5071.78,75.94,19.63,0.33,Banking,Bullish,No,5380.19,-1.399950559366857
2010-02-17,Wednesday,February,2010,5283.04,5419.97,5240.69,5376.87,5304.87,1.36,318.1,16190.8,5080.75,5080.75,78.86,19.56,1.36,Realty,Bullish,No,5304.87,1.3572434385762517
2010-02-18,Thursday,February,2010,5374.53,5431.93,5250.8,5307.49,5376.87,-1.29,351.1,17135.1,5087.23,5087.23,72.52,19.78,0.2,IT,Bullish,No,5376.87,-1.2903417787672031
2010-02-19,Friday,February,2010,5272.45,5299.68,5271.02,5298.24,5307.49,-0.17,239.4,11998.3,5093.09,5093.09,69.41,19.47,0.97,IT,Bullish,No,5307.49,-0.17428200524164908
2010-02-22,Monday,February,2010,5303.24,5395.39,5266.77,5358.54,5298.24,1.14,313.2,17465.4,5100.26,5100.26,69.48,18.66,1.17,Banking,Bullish,No,5298.24,1.1381137887298458
2010-02-23,Tuesday,February,2010,5342.56,5606.42,5296.24,5558.23,5358.54,3.73,508.8,28706.1,5112.32,5112.32,52.29,18.41,2.1,Realty,Bullish,No,5358.54,3.726574775965087
2010-02-24,Wednesday,February,2010,5538.05,5580.51,5535.43,5577.87,5558.23,0.35,295.6,15940.7,5124.25,5124.25,78.9,18.83,1.05,IT,Bullish,No,5558.23,0.3533498973594171
2010-02-25,Thursday,February,2010,5594.23,5653.67,5451.36,5509.91,5577.87,-1.22,294.8,15467.5,5133.89,5133.89,72.03,24.57,0.82,Pharma,Bullish,No,5577.87,-1.2183862298691084
2010-02-26,Friday,February,2010,5507.36,5572.07,5470.43,5534.95,5509.91,0.45,252.0,15336.0,5143.68,5143.68,73.48,18.66,1.52,Banking,Bullish,No,5509.91,0.45445388400173437
2010-03-01,Monday,March,2010,5549.32,5554.76,5449.04,5454.39,5534.95,-1.46,244.1,14027.5,5151.07,5151.07,63.74,19.23,0.93,Energy,Bullish,No,5534.95,-1.4554783692716193
2010-03-02,Tuesday,March,2010,5474.14,5506.67,5346.88,5378.84,5454.39,-1.39,251.4,14393.4,5156.37,5156.37,58.39,19.64,0.66,Energy,Neutral,No,5454.39,-1.3851228093334027
2010-03-03,Wednesday,March,2010,5377.4,5526.48,5324.56,5472.7,5378.84,1.74,299.8,14853.0,5163.56,5163.56,63.07,19.82,1.46,Banking,Bullish,No,5378.84,1.7449859077421839
2010-03-04,Thursday,March,2010,5472.62,5496.41,5432.31,5456.03,5472.7,-0.3,214.1,10652.4,5170.06,5170.06,59.06,19.29,0.51,Banking,Neutral,No,5472.7,-0.3046028468580422
2010-03-05,Friday,March,2010,5473.35,5516.14,5397.44,5439.97,5456.03,-0.29,347.9,19730.4,5175.93,5175.93,53.39,19.95,1.64,IT,Neutral,No,5456.03,-0.29435322019856
2010-03-08,Monday,March,2010,5431.18,5465.22,5389.05,5423.04,5439.97,-0.31,258.0,13129.1,5181.19,5181.19,57.18,21.51,1.43,IT,Neutral,No,5439.97,-0.31121495155304696
2010-03-09,Tuesday,March,2010,5441.82,5499.01,5441.69,5498.88,5423.04,1.4,306.4,16598.0,5187.8,5187.8,57.38,21.42,1.73,Energy,Neutral,No,5423.04,1.398477606656048
2010-03-10,Wednesday,March,2010,5441.82,5543.24,5408.14,5485.67,5498.88,-0.24,302.4,15540.8,5193.88,5193.88,61.56,21.74,1.12,Banking,Neutral,No,5498.88,-0.2402307378957176
2010-03-11,Thursday,March,2010,5479.83,5599.81,5418.29,5537.62,5485.67,0.95,277.9,14395.1,5200.76,5200.76,64.72,21.35,1.21,Pharma,Neutral,No,5485.67,0.9470128534891785
2010-03-12,Friday,March,2010,5540.73,5610.52,5436.46,5505.81,5537.62,-0.57,232.3,11790.0,5206.87,5206.74,59.38,21.76,0.85,IT,Neutral,No,5537.62,-0.5744345043538468
2010-03-15,Monday,March,2010,5485.91,5558.95,5441.82,5514.63,5505.81,0.16,243.5,39537.4,5212.69,5212.66,46.33,22.02,1.33,IT,Neutral,No,5505.81,0.16019441281118868
2010-03-16,Tuesday,March,2010,5520.74,5576.47,5465.87,5521.59,5514.63,0.13,250.7,14505.1,5219.25,5218.49,45.16,21.22,0.48,Banking,Neutral,No,5514.63,0.1262097366459769
2010-03-17,Wednesday,March,2010,5524.44,5614.01,5515.91,5605.36,5521.59,1.52,378.7,39537.4,5228.62,5225.65,57.99,20.54,1.32,IT,Neutral,No,5521.59,1.5171354627924116
2010-03-18,Thursday,March,2010,5593.05,5701.1,5542.93,5650.47,5605.36,0.8,267.3,9633.3,5240.21,5233.38,59.36,20.76,1.27,Banking,Neutral,No,5605.36,0.8047654387943073
2010-03-19,Friday,March,2010,5637.41,5751.23,5599.48,5712.79,5650.47,1.1,230.2,13567.4,5255.73,5241.94,71.57,21.52,0.79,Unknown,Neutral,No,5650.47,1.1029171024711166
2010-03-22,Monday,March,2010,5697.84,5825.94,5654.01,5781.47,5712.79,1.2,275.0,15556.6,5273.24,5251.4,84.01,21.8,0.95,Banking,Neutral,No,5712.79,1.2022146796924145
2010-03-23,Tuesday,March,2010,5754.3,5774.62,5637.3,5657.27,5781.47,-2.15,267.3,22730.9,5287.1,5258.4,64.83,23.93,0.2,Unknown,Neutral,No,5781.47,-2.148242574985251
2010-03-24,Wednesday,March,2010,5684.6,5915.23,5613.6,5842.26,5657.27,3.27,425.6,26153.8,5304.63,5268.3,74.42,22.66,2.12,Metal,Neutral,No,5657.27,3.269951761185161
2010-03-25,Thursday,March,2010,5684.6,5858.62,5830.42,5850.45,5842.26,0.14,233.5,12383.0,5321.84,5278.0,76.22,21.99,1.5,Metal,Neutral,No,5842.26,0.1401854761684622
2010-03-26,Friday,March,2010,5826.7,5879.65,5745.5,5798.19,5850.45,-0.89,326.2,18463.0,5339.75,5286.53,72.93,22.27,0.57,Realty,Neutral,No,5850.45,-0.8932646206702086
2010-03-29,Monday,March,2010,5796.06,6008.98,5770.96,5983.07,5798.19,3.19,267.3,20905.5,5360.31,5297.76,76.11,22.97,2.63,Metal,Neutral,No,5798.19,3.1885812641531257
2010-03-30,Tuesday,March,2010,5987.38,6086.02,5719.63,5815.44,5983.07,-2.8,477.1,27070.8,5378.14,5305.98,65.24,25.74,0.2,IT,Bearish,No,5983.07,-2.8017389066148333
2010-03-31,Wednesday,March,2010,5801.17,5863.72,5627.43,5688.76,5815.44,-2.18,281.2,14415.8,5393.23,5311.96,56.54,27.26,0.24,IT,Bearish,No,5815.44,-2.178339042273661
2010-04-01,Thursday,April,2010,5682.54,5727.35,5603.75,5648.29,5688.76,-0.71,153.0,8359.0,5408.55,5317.13,56.12,26.64,0.32,Auto,Bearish,No,5688.76,-0.7114028364705183
2010-04-02,Friday,April,2010,5670.39,5774.96,5648.34,5752.59,5648.29,1.85,347.0,21449.2,5424.39,5323.73,59.44,26.66,1.49,IT,Bearish,No,5648.29,1.846576574503083
2010-04-05,Monday,April,2010,5732.44,5774.96,5552.12,5617.05,5752.59,-2.36,254.7,15599.8,5436.5,5328.11,53.44,28.51,0.2,Realty,Bearish,No,5752.59,-2.3561560966451625
2010-04-06,Tuesday,April,2010,5607.25,5784.1,5578.89,5754.99,5617.05,2.46,309.3,18015.6,5451.43,5334.39,55.18,28.25,2.84,IT,Bearish,No,5617.05,2.4557374422517086
2010-04-07,Wednesday,April,2010,5720.37,5790.85,5665.82,5736.15,5754.99,-0.33,227.8,12560.9,5466.0,5340.21,53.02,27.26,0.58,Energy,Bearish,No,5754.99,-0.3273680753572143
2010-04-08,Thursday,April,2010,5767.53,5915.27,5709.62,5856.46,5736.15,2.1,347.6,20218.9,5483.02,5347.59,54.87,26.95,1.81,Auto,Bearish,No,5736.15,2.097399823923719
2010-04-09,Friday,April,2010,5868.02,6008.49,5810.47,5950.14,5856.46,1.6,359.5,20262.2,5502.17,5356.07,52.29,26.74,1.39,Realty,Bearish,No,5856.46,1.5996011242286345
2010-04-12,Monday,April,2010,5949.26,6024.53,5881.73,5956.91,5950.14,0.11,144.7,8047.5,5520.45,5364.42,60.84,26.91,0.97,Energy,Bearish,No,5950.14,0.11377883545596451
2010-04-13,Tuesday,April,2010,5944.08,6114.97,5909.96,6080.07,5956.91,2.07,253.8,15411.3,5540.03,5374.22,59.0,25.95,1.67,IT,Bearish,No,5956.91,2.067514869286255
2010-04-14,Wednesday,April,2010,6066.06,6150.3,6004.2,6088.22,6080.07,0.13,431.5,27514.2,5559.47,5383.87,59.0,26.02,1.33,Banking,Bearish,No,6080.07,0.1340445093559868
2010-04-15,Thursday,April,2010,6083.31,6144.8,6050.95,6112.28,6088.22,0.4,227.0,13104.7,5579.88,5393.58,62.15,25.44,1.29,Metal,Bearish,No,6088.22,0.39518939854340823
2010-04-16,Friday,April,2010,6121.38,6150.02,6045.14,6073.55,6112.28,-0.63,153.3,10073.4,5598.88,5402.53,53.95,24.88,0.86,Unknown,Neutral,No,6112.28,-0.6336424378464266
2010-04-19,Monday,April,2010,6054.17,6172.45,6030.74,6148.65,6073.55,1.24,220.6,12663.9,5619.55,5412.22,65.81,24.89,1.59,Energy,Neutral,No,6073.55,1.2365091256349163
2010-04-20,Tuesday,April,2010,6140.11,6269.41,6097.18,6225.88,6148.65,1.26,267.3,15771.7,5639.79,5422.65,76.74,25.04,1.53,Pharma,Bearish,No,6148.65,1.2560480755938372
2010-04-21,Wednesday,April,2010,6241.89,6319.57,6148.75,6226.23,6225.88,0.01,220.6,14494.3,5659.91,5432.82,79.97,24.93,0.62,IT,Neutral,No,6225.88,0.005621695246285735
2010-04-22,Thursday,April,2010,6256.29,6424.1,6148.75,6330.03,6226.23,1.67,373.5,22287.4,5682.41,5444.04,79.96,25.68,1.48,FMCG,Bearish,No,6226.23,1.6671404686302977
2010-04-23,Friday,April,2010,6340.35,6489.3,6296.49,6444.71,6330.03,1.81,407.0,25162.1,5705.68,5456.39,93.89,25.5,1.81,Metal,Bearish,No,6330.03,1.8116817771795757
2010-04-26,Monday,April,2010,6431.91,6555.12,6397.05,6519.78,6444.71,1.16,228.1,13537.6,5728.47,5469.36,93.46,25.15,1.21,Banking,Bearish,No,6444.71,1.1648313112614797
2010-04-27,Tuesday,April,2010,6516.75,6617.89,6429.96,6530.91,6519.78,0.17,194.4,13823.4,5752.99,5482.15,95.56,25.32,1.16,FMCG,Bearish,No,6519.78,0.17071128166901506
2010-04-28,Wednesday,April,2010,6538.99,6617.89,6429.96,6485.41,6530.91,-0.7,264.0,17076.9,5775.16,5494.09,89.44,25.86,1.1,IT,Bearish,No,6530.91,-0.6966869854277582
2010-04-29,Thursday,April,2010,6479.74,6602.39,6427.15,6549.23,6485.41,0.98,225.2,13463.7,5800.0,5506.51,89.03,26.04,1.12,Pharma,Bearish,No,6485.41,0.9840549787908506
2010-04-30,Friday,April,2010,6563.22,6586.7,6527.27,6550.7,6549.23,0.02,292.7,20439.9,5825.05,5518.65,88.95,24.59,1.31,Auto,Unknown,No,6549.23,0.022445386709586543
2010-05-03,Monday,May,2010,6536.35,6626.07,6375.6,6464.33,6550.7,-1.32,434.8,28496.7,5847.16,5529.52,76.48,24.22,0.53,Auto,Neutral,No,6550.7,-1.3184850473995129
2010-05-04,Tuesday,May,2010,6495.62,6626.07,6441.22,6590.39,6464.33,1.95,316.9,19027.4,5867.81,5541.57,79.77,23.8,1.67,IT,Neutral,No,6464.33,1.9500860878080235
2010-05-05,Wednesday,May,2010,6588.66,6641.37,6498.98,6551.4,6590.39,-0.59,269.5,17482.6,5887.28,5552.92,75.58,23.78,1.06,Banking,Neutral,No,6590.39,-0.5916190088902279
2010-05-06,Thursday,May,2010,6539.0,6605.48,6439.92,6506.07,6551.4,-0.69,219.7,14106.3,5907.2,5563.51,75.0,23.23,0.95,Energy,Neutral,No,6551.4,-0.6919131788625321
2010-05-07,Friday,May,2010,6517.62,6592.91,6464.91,6540.02,6506.07,0.52,266.1,16171.1,5927.3,5574.24,73.76,23.97,0.36,Realty,Neutral,No,6506.07,0.521820392341317
2010-05-10,Monday,May,2010,6520.81,6632.83,6430.18,6541.91,6540.02,0.03,157.8,10158.7,5949.05,5584.76,71.11,23.4,0.46,Banking,Neutral,No,6540.02,0.028898994192669406
2010-05-11,Tuesday,May,2010,6544.81,6650.97,6465.96,6571.8,6541.91,0.46,185.8,11680.0,5972.91,5595.37,72.21,22.75,1.31,Banking,Neutral,No,6541.91,0.4569002019287995
2010-05-12,Wednesday,May,2010,6599.43,6637.41,6544.39,6582.27,6571.8,0.16,118.9,8139.3,5995.1,5605.87,68.42,21.75,1.01,Energy,Neutral,No,6571.8,0.15931708207797338
2010-05-13,Thursday,May,2010,6558.25,6661.42,6503.5,6606.27,6582.27,0.36,287.1,17090.8,6018.11,5616.4,63.6,21.64,0.64,IT,Neutral,No,6582.27,0.3646158544088893
2010-05-14,Friday,May,2010,6629.88,6667.39,6576.18,6613.6,6606.27,0.11,308.9,18821.1,6041.58,5626.79,58.91,22.9,0.84,Banking,Neutral,No,6606.27,0.11095519862191414
2010-05-17,Monday,May,2010,6587.98,6919.47,6485.49,6813.47,6613.6,3.02,428.5,31640.3,6069.39,5639.02,69.76,22.3,1.5,Auto,Neutral,No,6613.6,3.022105963469213
2010-05-18,Tuesday,May,2010,6830.24,6939.62,6795.35,6904.35,6813.47,1.33,291.4,19851.0,6097.5,5651.93,77.55,21.3,1.41,Pharma,Neutral,No,6813.47,1.3338284310344084
2010-05-19,Wednesday,May,2010,6884.74,6936.54,6641.3,6691.65,6904.35,-3.08,267.3,22536.0,6121.62,5662.44,57.83,23.96,0.35,Banking,Neutral,No,6904.35,-3.0806665363140735
2010-05-20,Thursday,May,2010,6715.58,6798.79,6652.08,6735.1,6691.65,0.65,246.7,17589.9,6145.57,5673.16,59.69,24.14,1.0,Realty,Neutral,No,6691.65,0.6493166857202742
2010-05-21,Friday,May,2010,6723.46,6790.85,6537.16,6603.34,6735.1,-1.96,258.6,18277.0,6167.52,5682.37,56.97,25.08,0.42,IT,Bearish,No,6735.1,-1.9563183917091092
2010-05-24,Monday,May,2010,6596.28,6666.85,6510.45,6580.85,6603.34,-0.34,293.5,18199.2,6188.84,5691.18,49.47,25.07,0.86,IT,Bearish,No,6603.34,-0.3405852189952324
2010-05-25,Tuesday,May,2010,6562.32,6645.19,6488.8,6571.56,6580.85,-0.14,290.0,19871.7,6209.84,5699.73,51.17,25.64,1.43,FMCG,Bearish,No,6580.85,-0.14116717445314758
2010-05-26,Wednesday,May,2010,6524.01,6639.73,6453.74,6568.97,6571.56,-0.04,158.2,10631.4,6229.12,5708.09,53.83,25.6,1.37,Energy,Bearish,No,6571.56,-0.039412255233158416
2010-05-27,Thursday,May,2010,6546.46,6612.94,6505.43,6571.75,6568.97,0.04,166.1,11450.7,6247.54,5716.31,52.01,25.43,0.54,Metal,Bearish,No,6568.97,0.0423201810938358
2010-05-28,Friday,May,2010,6538.54,6576.56,6390.92,6428.3,6571.75,-2.18,267.3,17132.1,6261.85,5723.03,43.9,26.61,0.22,IT,Bearish,No,6571.75,-2.182828013847146
2010-05-31,Monday,May,2010,6388.92,6441.01,6237.91,6289.19,6428.3,-2.16,315.3,20468.1,6272.01,5728.32,36.42,29.33,0.2,Banking,Bearish,No,6428.3,-2.164024703265258
2010-06-01,Tuesday,June,2010,6294.74,6506.14,6258.27,6468.67,6289.19,2.85,357.4,25228.5,6288.23,5735.18,45.3,29.13,1.77,IT,Bearish,No,6289.19,2.853785622631857
2010-06-02,Wednesday,June,2010,6498.26,6725.54,6463.37,6689.62,6468.67,3.42,389.1,27925.4,6305.18,5743.93,52.96,29.92,2.38,Banking,Bearish,No,6468.67,3.4156944163174163
2010-06-03,Thursday,June,2010,6725.69,6768.14,6622.24,6664.31,6689.62,-0.38,267.3,10028.2,6321.46,5752.3,51.78,30.53,0.93,Auto,Bearish,No,6689.62,-0.3783473500736887
2010-06-04,Friday,June,2010,6641.07,6884.28,6532.1,6773.14,6664.31,1.63,256.4,18802.8,6340.96,5761.5,48.49,29.19,1.77,Energy,Bearish,No,6664.31,1.6330272751417616
2010-06-07,Monday,June,2010,6770.91,6866.89,6665.61,6761.46,6773.14,-0.17,184.8,12144.3,6356.52,5770.42,44.3,29.04,0.26,FMCG,Bearish,No,6773.14,-0.17244586705723328
2010-06-08,Tuesday,June,2010,6785.09,7008.01,6737.3,6959.0,6761.46,2.92,405.8,29519.1,6379.4,5780.94,60.79,27.96,2.25,Realty,Bearish,No,6761.46,2.921558361655618
2010-06-09,Wednesday,June,2010,6931.62,7037.74,6929.78,7035.87,6959.0,1.1,214.9,16172.5,6406.34,5791.95,61.82,27.55,1.5,Pharma,Bearish,No,6959.0,1.1046127317143253
2010-06-10,Thursday,June,2010,7061.28,7101.1,6756.36,6794.67,7035.87,-3.43,400.8,26886.5,6429.27,5800.67,56.92,30.69,0.34,IT,Bearish,No,7035.87,-3.428147478563416
2010-06-11,Friday,June,2010,6819.54,6898.1,6711.82,6790.04,6794.67,-0.07,180.9,11181.4,6450.01,5809.2,57.67,29.74,0.79,Banking,Bearish,No,6794.67,-0.06814164631983759
2010-06-14,Monday,June,2010,6750.4,6798.06,6738.67,6786.27,6790.04,-0.06,211.3,15629.0,6473.4,5817.55,52.29,30.04,1.3,FMCG,Bearish,No,6790.04,-0.055522500603818636
2010-06-15,Tuesday,June,2010,6738.3,6812.47,6668.12,6742.25,6786.27,-0.65,309.4,19076.9,6493.14,5825.39,56.19,29.27,0.87,FMCG,Bearish,No,6786.27,-0.6486626674152434
2010-06-16,Wednesday,June,2010,6734.15,6802.56,6665.65,6734.06,6742.25,-0.12,151.8,9911.8,6513.1,5833.02,55.78,28.38,1.0,Auto,Bearish,No,6742.25,-0.12147280210611591
2010-06-17,Thursday,June,2010,6753.01,6807.5,6474.14,6526.81,6734.06,-3.08,222.3,14789.0,6526.51,5838.8,53.35,31.15,0.2,Pharma,Bearish,No,6734.06,-3.077638155882187
2010-06-18,Friday,June,2010,6497.05,6548.05,6416.11,6466.87,6526.81,-0.92,186.0,11108.3,6536.84,5843.99,56.39,30.97,0.66,IT,Bearish,No,6526.81,-0.9183659398695612
2010-06-21,Monday,June,2010,6427.33,6455.49,6379.83,6407.91,6466.87,-0.91,291.0,19908.3,6545.86,5848.62,47.61,30.23,0.4,Banking,Bearish,No,6466.87,-0.9117239097121178
2010-06-22,Tuesday,June,2010,6409.15,6478.29,6379.83,6384.17,6407.91,-0.37,166.7,10011.2,6551.95,5852.97,35.75,28.57,0.76,Energy,Bearish,No,6407.91,-0.3704796103565715
2010-06-23,Wednesday,June,2010,6396.29,6455.39,6121.48,6178.57,6384.17,-3.22,343.6,23293.1,6553.75,5855.6,30.6,32.05,0.2,Energy,Bearish,No,6384.17,-3.2204656204330453
2010-06-24,Thursday,June,2010,6165.96,6516.73,6128.49,6477.36,6178.57,4.84,477.9,33533.5,6561.05,5860.57,39.75,32.4,2.53,Metal,Bearish,No,6178.57,4.835908632580031
2010-06-25,Friday,June,2010,6465.73,6516.73,6183.93,6214.13,6477.36,-4.06,480.0,30451.6,6563.87,5863.38,33.84,35.65,0.2,Realty,Bearish,No,6477.36,-4.0638469993948085
2010-06-28,Monday,June,2010,6225.81,6245.9,6134.31,6154.17,6214.13,-0.96,330.7,21003.1,6563.98,5865.67,24.14,34.6,0.63,Banking,Bearish,No,6214.13,-0.9648977411158124
2010-06-29,Tuesday,June,2010,6138.11,6294.55,6079.88,6235.4,6154.17,1.32,318.4,19987.0,6564.17,5868.55,24.35,34.87,1.44,IT,Bearish,No,6154.17,1.319918039313174
2010-06-30,Wednesday,June,2010,6220.53,6289.73,6175.8,6244.82,6235.4,0.15,160.0,9774.1,6564.54,5871.47,29.31,33.97,1.04,Metal,Bearish,No,6235.4,0.1510729063091393
2010-07-01,Thursday,July,2010,6250.01,6437.48,6204.75,6391.19,6244.82,2.34,430.9,26722.9,6565.76,5875.47,36.44,24.57,1.81,Realty,Bearish,No,6244.82,2.34386259331734
2010-07-02,Friday,July,2010,6398.65,6494.01,6387.42,6482.63,6391.19,1.43,234.0,16357.6,6566.52,5880.1,40.26,34.18,1.47,Banking,Bearish,No,6391.19,1.4307194747770058
2010-07-05,Monday,July,2010,6478.28,6519.81,6387.42,6496.3,6482.63,0.21,192.3,12683.8,6566.05,5884.77,41.95,33.6,0.99,IT,Bearish,No,6482.63,0.21087120505103749
2010-07-06,Tuesday,July,2010,6525.23,6546.01,6417.85,6438.35,6496.3,-0.89,264.7,18144.2,6564.2,5888.93,40.63,32.95,0.83,Banking,Bearish,No,6496.3,-0.892046241706815
2010-07-07,Wednesday,July,2010,6452.83,6524.3,6315.66,6386.39,6438.35,-0.81,267.3,17765.7,6562.22,5892.65,45.06,31.11,1.09,Energy,Bearish,No,6438.35,-0.8070390705693233
2010-07-08,Thursday,July,2010,6379.67,6435.09,6310.16,6365.46,6386.39,-0.33,322.8,19754.7,6558.54,5896.15,46.33,30.27,0.79,Energy,Bearish,No,6386.39,-0.32772818446728574
2010-07-09,Friday,July,2010,6340.81,6436.5,6310.16,6392.6,6365.46,0.43,203.3,11935.0,6555.38,5899.8,49.43,29.55,0.98,Energy,Bearish,No,6365.46,0.42636353067964183
2010-07-12,Monday,July,2010,6411.61,6491.26,6324.74,6404.3,6392.6,0.18,252.0,15569.8,6554.18,5903.48,50.75,29.73,1.17,IT,Bearish,No,6392.6,0.18302412164064413
2010-07-13,Tuesday,July,2010,6424.02,6500.19,6324.74,6329.8,6404.3,-1.16,241.2,16428.2,6548.97,5906.57,56.26,29.11,0.65,FMCG,Bearish,No,6404.3,-1.1632809206314507
2010-07-14,Wednesday,July,2010,6327.92,6406.52,6091.71,6168.33,6329.8,-2.55,447.3,28760.6,6541.31,5908.45,52.29,31.43,0.2,IT,Bearish,No,6329.8,-2.550949477076689
2010-07-15,Thursday,July,2010,6173.45,6297.89,6130.04,6253.91,6168.33,1.39,314.1,20766.5,6536.26,5910.92,52.23,30.44,1.24,IT,Bearish,No,6168.33,1.3874095581786305
2010-07-16,Friday,July,2010,6267.07,6281.75,6182.64,6197.16,6253.91,-0.91,343.1,22425.2,6529.41,5912.95,52.41,24.57,0.52,Realty,Unknown,No,6253.91,-0.9074323103466472
2010-07-19,Monday,July,2010,6226.96,6363.65,6134.64,6270.68,6197.16,1.19,209.5,12138.6,6523.98,5915.47,52.0,30.56,1.09,Banking,Bearish,No,6197.16,1.186349876395001
2010-07-20,Tuesday,July,2010,6287.37,6350.85,5971.7,6270.68,6270.68,-3.8,383.7,21567.8,6513.2,5916.29,40.45,33.59,0.2,IT,Bearish,No,6270.68,0.0
2010-07-21,Wednesday,July,2010,6040.66,6103.95,5979.17,6042.44,6032.61,0.16,243.1,14152.3,6502.4,5917.17,32.11,33.53,1.28,Energy,Bearish,No,6270.68,-3.6397966408746845
2010-07-22,Thursday,July,2010,6059.29,6144.62,5994.43,6079.55,6042.44,0.61,328.8,19194.1,6491.87,5918.29,28.1,32.93,0.96,IT,Bearish,No,6042.44,0.614155870807167
2010-07-23,Friday,July,2010,6059.29,6216.78,5937.92,6053.26,6079.55,-0.43,301.3,16655.7,6480.66,5919.21,26.25,32.92,0.45,Realty,Bearish,No,6079.55,-0.4324333215451796
2010-07-26,Monday,July,2010,6058.18,6186.95,6012.15,6140.29,6053.26,1.44,380.9,21767.4,6467.2,5920.71,34.51,32.38,1.53,IT,Bearish,No,6053.26,1.4377376818441592
2010-07-27,Tuesday,July,2010,6157.19,6344.72,6072.55,6258.69,6140.29,1.93,395.1,26489.9,6454.28,5923.0,43.79,24.57,1.65,Metal,Bearish,No,6140.29,1.9282476886270785
2010-07-28,Wednesday,July,2010,6245.99,6291.75,6217.32,6263.01,6258.69,0.07,270.2,17224.0,6445.71,5925.28,44.94,32.34,1.71,Energy,Bearish,No,6258.69,0.06902402899010206
2010-07-29,Thursday,July,2010,6282.46,6411.69,6211.71,6340.29,6263.01,1.23,290.1,17813.0,6437.82,5928.05,47.54,32.55,1.61,Banking,Bearish,No,6263.01,1.2339114898427392
2010-07-30,Friday,July,2010,6327.58,6423.34,6114.53,6208.49,6340.29,-2.08,259.2,16177.6,6429.92,5929.9,41.72,34.98,0.2,FMCG,Bearish,No,6340.29,-2.078769267651798
2010-08-02,Monday,August,2010,6189.71,6377.35,6141.36,6327.92,6208.49,1.92,185.7,11190.0,6424.86,5932.52,49.92,35.18,1.35,IT,Bearish,No,6208.49,1.9236561547171744
2010-08-03,Tuesday,August,2010,6325.47,6327.52,6286.51,6288.55,6327.92,-0.62,258.8,16547.7,6419.2,5934.85,55.44,34.29,0.89,FMCG,Bearish,No,6327.92,-0.6221633648971525
2010-08-04,Wednesday,August,2010,6263.24,6399.23,6198.93,6334.19,6288.55,0.73,304.2,17629.4,6414.5,5937.44,53.77,33.72,1.23,FMCG,Bearish,No,6288.55,0.7257634907888053
2010-08-05,Thursday,August,2010,6322.85,6367.95,6264.33,6309.33,6334.19,-0.39,76.2,5194.9,6409.26,5939.84,55.43,32.77,0.84,Metal,Bearish,No,6334.19,-0.3924732286211761
2010-08-06,Friday,August,2010,6316.49,6388.35,6187.85,6259.06,6309.33,-0.8,189.7,11257.1,6405.87,5941.89,49.42,33.02,0.75,Banking,Bearish,No,6309.33,-0.7967565494275862
2010-08-09,Monday,August,2010,6264.28,6341.74,6225.85,6259.06,6259.06,0.7,193.9,13001.6,6406.15,5944.19,66.58,33.8,1.47,Banking,Bearish,No,6259.06,0.0
2010-08-10,Tuesday,August,2010,6315.16,6425.99,6142.7,6252.43,6303.07,-0.8,249.2,16079.6,6401.82,5946.14,62.26,33.55,1.29,Banking,Bearish,No,6259.06,-0.10592644901950307
2010-08-11,Wednesday,August,2010,6264.72,6373.0,6211.94,6319.75,6252.43,1.08,279.5,17745.0,6394.43,5948.49,63.55,33.17,1.76,Pharma,Bearish,No,6252.43,1.076701378504033
2010-08-12,Thursday,August,2010,6326.84,6639.66,6256.21,6566.35,6319.75,3.9,472.7,33707.2,6392.47,5952.35,73.18,32.7,2.0,Metal,Bearish,No,6319.75,3.9020530875430253
2010-08-13,Friday,August,2010,6549.57,6605.29,6523.36,6578.97,6566.35,0.19,150.6,9227.9,6388.58,5956.24,71.24,32.8,0.9,IT,Bearish,No,6566.35,0.19219200925932808
2010-08-16,Monday,August,2010,6597.19,6646.0,6575.42,6624.14,6578.97,0.69,274.7,16810.9,6385.84,5960.37,69.05,32.62,0.52,Banking,Bearish,No,6578.97,0.6865816381591658
2010-08-17,Tuesday,August,2010,6621.96,6646.0,6603.34,6801.64,6624.14,2.68,267.3,17533.0,6382.69,5965.53,73.78,31.98,1.96,Banking,Bearish,No,6624.14,2.6795931245414497
2010-08-18,Wednesday,August,2010,6806.54,6900.68,6787.21,6881.14,6801.64,1.17,327.9,24053.4,6379.6,5971.11,73.83,33.18,1.23,Banking,Bearish,No,6801.64,1.1688357513776089
2010-08-19,Thursday,August,2010,6883.29,6957.04,6793.24,6866.81,6881.14,-0.21,201.5,12550.4,6381.04,5976.54,82.36,32.58,0.92,Auto,Bearish,No,6881.14,-0.20825037711774394
2010-08-20,Friday,August,2010,6899.25,6937.8,6576.06,6613.01,6866.81,-3.7,339.2,21262.2,6377.5,5980.37,62.38,35.81,0.2,IT,Bearish,No,6866.81,-3.69603935451833
2010-08-23,Monday,August,2010,6589.3,6937.8,6561.37,6580.58,6613.01,-0.49,204.3,13241.7,6373.38,5983.97,62.76,36.41,0.59,Metal,Bearish,No,6613.01,-0.4903969599320172
2010-08-24,Tuesday,August,2010,6573.81,6608.08,6532.32,6566.55,6580.58,-0.21,163.8,11214.1,6369.87,5987.43,60.44,36.0,0.47,Banking,Unknown,No,6580.58,-0.21320309152080436
2010-08-25,Wednesday,August,2010,6577.02,6648.15,6472.21,6542.97,6566.55,-0.36,243.5,15292.7,6366.05,5990.72,60.51,36.02,0.78,Realty,Bearish,No,6566.55,-0.3590926742353279
2010-08-26,Thursday,August,2010,6543.4,6671.69,6473.29,6600.96,6542.97,0.89,301.4,19688.8,6367.53,5994.31,65.27,35.14,1.47,IT,Bearish,No,6542.97,0.8862947560511477
2010-08-27,Friday,August,2010,6591.36,6936.63,6512.35,6854.46,6600.96,3.84,466.8,39537.4,6375.28,5999.34,70.74,34.79,2.08,Metal,Bearish,No,6600.96,3.840350494473531
2010-08-30,Monday,August,2010,6815.02,6978.63,6768.17,6930.99,6854.46,1.12,244.1,15538.2,6385.74,6004.76,75.04,34.35,1.57,Realty,Bearish,No,6854.46,1.1164993303630009
2010-08-31,Tuesday,August,2010,6925.02,7040.86,6814.3,6930.06,6930.99,-0.01,303.9,22065.8,6396.66,6010.11,73.68,33.65,0.79,Realty,Bearish,No,6930.99,-0.013417996563252604
2010-09-01,Wednesday,September,2010,6925.02,7023.12,6532.36,6613.9,6930.06,-4.56,457.5,30024.9,6405.37,6013.58,51.75,36.62,0.2,Energy,Bearish,No,6930.06,-4.562153863025728
2010-09-02,Thursday,September,2010,6624.68,6646.56,6555.94,6577.67,6613.9,-0.55,323.4,22601.7,6407.38,6016.8,49.95,35.98,1.22,Banking,Bearish,No,6613.9,-0.547785724005497
2010-09-03,Friday,September,2010,6574.35,6706.09,6500.4,6631.5,6577.67,0.82,251.2,17307.0,6415.72,6020.29,50.26,36.08,1.13,Banking,Bearish,No,6577.67,0.8183748956697422
2010-09-06,Monday,September,2010,6635.04,6795.07,6581.45,6740.63,6631.5,1.65,287.1,17640.9,6427.45,6024.36,47.69,24.57,1.62,Pharma,Bearish,No,6631.5,1.645630701952803
2010-09-07,Tuesday,September,2010,6717.51,6766.81,6615.59,6664.51,6740.63,-1.13,311.8,20780.3,6436.03,6027.96,41.79,36.09,0.7,Metal,Bearish,No,6740.63,-1.1292712995669527
2010-09-08,Wednesday,September,2010,6672.3,6725.94,6493.23,6545.85,6664.51,-1.78,329.1,23657.2,6442.05,6030.85,52.29,24.57,0.49,Banking,Bearish,No,6664.51,-1.7804759839808157
2010-09-09,Thursday,September,2010,6672.3,6580.97,6347.98,6448.19,6545.85,-1.49,262.5,16276.1,6443.19,6033.17,43.49,35.86,0.66,Realty,Bearish,No,6545.85,-1.4919376398787134
2010-09-10,Friday,September,2010,6451.39,6529.04,6268.59,6344.96,6448.19,-1.6,370.7,23487.6,6440.44,6034.89,41.19,35.83,0.54,Auto,Bearish,No,6448.19,-1.6009143651164057
2010-09-13,Monday,September,2010,6340.78,6585.77,6304.72,6548.53,6344.96,3.21,318.0,21457.5,6441.49,6037.72,49.41,34.69,1.76,Banking,Bearish,No,6344.96,3.2083732600363075
2010-09-14,Tuesday,September,2010,6552.71,6590.45,6347.98,6384.75,6548.53,-2.5,383.0,22997.5,6440.41,6039.61,45.26,37.18,0.2,Banking,Bearish,No,6548.53,-2.5010193127312506
2010-09-15,Wednesday,September,2010,6396.91,6467.54,6081.23,6149.12,6384.75,-3.69,443.7,39537.4,6435.67,6040.21,37.75,39.39,0.2,Banking,Bearish,No,6384.75,-3.6905125494342004
2010-09-16,Thursday,September,2010,6153.83,6256.49,5996.66,6098.39,6149.12,-0.82,325.5,20484.6,6430.33,6040.52,26.98,39.16,0.94,Banking,Bearish,No,6149.12,-0.8249960970024908
2010-09-17,Friday,September,2010,6065.04,6134.04,6028.58,6097.38,6098.39,-0.02,285.9,16996.5,6424.42,6040.83,23.4,38.5,0.77,Pharma,Bearish,No,6098.39,-0.01656174826470951
2010-09-20,Monday,September,2010,6102.43,6150.68,6084.04,6132.2,6097.38,0.57,267.3,13936.1,6418.98,6041.32,25.08,37.02,1.48,Banking,Bearish,No,6097.38,0.5710649492076878
2010-09-21,Tuesday,September,2010,6125.06,6201.99,6016.82,6093.35,6132.2,-0.63,253.8,16761.2,6414.25,6041.59,30.33,35.83,0.65,Auto,Bearish,No,6132.2,-0.633540980398543
2010-09-22,Wednesday,September,2010,6080.4,6167.02,6027.01,6113.34,6093.35,0.33,234.3,13255.1,6413.15,6041.97,32.24,34.85,1.21,Pharma,Bearish,No,6093.35,0.32806256000393513
2010-09-23,Thursday,September,2010,6138.08,6259.92,6076.64,6197.88,6113.34,1.38,392.9,24020.4,6412.03,6042.79,33.79,34.19,1.52,Metal,Bearish,No,6113.34,1.3828774450627639
2010-09-24,Friday,September,2010,6180.54,6275.85,6130.25,6225.19,6197.88,0.44,281.0,18426.8,6412.59,6043.75,29.48,34.41,0.87,Auto,Bearish,No,6197.88,0.4406345395522258
2010-09-27,Monday,September,2010,6209.88,6345.94,6145.46,6280.78,6225.19,0.89,326.9,19087.0,6412.79,6044.98,34.47,24.57,1.21,Auto,Bearish,No,6225.19,0.8929847924320407
2010-09-28,Tuesday,September,2010,6238.55,6297.54,6159.68,6218.48,6280.78,-0.99,255.0,17230.1,6416.51,6045.88,52.29,33.61,0.2,Metal,Bearish,No,6280.78,-0.9919150169246524
2010-09-29,Wednesday,September,2010,6245.35,6297.54,6202.99,6239.84,6218.48,0.34,169.5,10632.1,6420.46,6046.88,40.55,32.39,1.0,IT,Bearish,No,6218.48,0.34349230036923145
2010-09-30,Thursday,September,2010,6256.52,6324.19,6083.25,6149.76,6239.84,-1.44,237.1,14595.1,6421.86,6047.41,41.04,31.26,0.89,Banking,Bearish,No,6239.84,-1.4436267596605028
2010-10-01,Friday,October,2010,6143.63,6205.07,5919.41,5979.2,6149.76,-2.77,423.4,24932.5,6420.38,6047.06,23.06,34.97,0.2,Metal,Bearish,No,6149.76,-2.7734415651992985
2010-10-04,Monday,October,2010,5990.19,6029.22,5863.33,5901.78,5979.2,-1.29,241.7,15312.9,6415.61,6046.32,25.11,35.01,0.31,Banking,Bearish,No,5979.2,-1.2948220497725462
2010-10-05,Tuesday,October,2010,5862.38,5905.22,5717.28,5759.37,5901.78,-2.41,535.3,33595.0,6405.63,6044.87,27.78,37.04,0.2,Banking,Bearish,No,5901.78,-2.4130008234803713
2010-10-06,Wednesday,October,2010,5767.58,5897.32,5739.57,5868.82,5759.37,1.9,288.9,16548.3,6397.74,6043.99,37.73,36.2,0.99,FMCG,Bearish,No,5759.37,1.900381465333879
2010-10-07,Thursday,October,2010,5853.73,5911.37,5783.31,5840.83,5868.82,-0.48,265.0,15609.4,6387.75,6042.97,36.68,36.98,0.24,IT,Bearish,No,5868.82,-0.4769272187594743
2010-10-08,Friday,October,2010,5870.16,5963.46,5812.1,5905.05,5840.83,1.1,295.3,16793.9,6381.68,6046.5,38.55,36.22,1.98,Pharma,Bearish,No,5840.83,1.0995012695113582
2010-10-11,Monday,October,2010,5911.56,6048.25,5865.18,6001.17,5905.05,1.63,310.9,18165.1,6375.15,6050.39,45.61,34.76,1.72,Banking,Bearish,No,5905.05,1.6277592907765366
2010-10-12,Tuesday,October,2010,6003.53,6024.21,5974.9,5995.56,6001.17,-0.09,151.5,8226.4,6369.29,6054.4,44.31,34.76,1.27,FMCG,Bearish,No,6001.17,-0.09348177105463888
2010-10-13,Wednesday,October,2010,5980.8,6010.47,5980.26,6009.93,5995.56,0.24,267.3,15680.7,6362.8,6058.76,40.26,34.87,1.19,Energy,Unknown,No,5995.56,0.2396773612473212
2010-10-14,Thursday,October,2010,5995.25,6136.56,5952.84,6093.45,6009.93,1.39,302.9,20189.6,6358.49,6063.87,43.55,34.77,1.64,Pharma,Bearish,No,6009.93,1.3897000464231617
2010-10-15,Friday,October,2010,6104.28,6158.89,6034.72,6089.2,6093.45,-0.07,205.5,13187.8,6355.09,6069.63,40.12,34.89,0.88,Auto,Bearish,No,6093.45,-0.06974702344320541
2010-10-18,Monday,October,2010,6074.04,6138.3,5927.22,5990.59,6089.2,-1.62,413.4,24855.3,6348.84,6075.06,38.67,35.14,0.77,IT,Bearish,No,6089.2,-1.619424554949742
2010-10-19,Tuesday,October,2010,5974.97,6059.34,5900.1,5984.35,5990.59,-0.1,125.5,8002.3,6343.48,6080.16,37.11,34.48,1.4,Unknown,Bearish,No,5990.59,-0.10416336287410392
2010-10-20,Wednesday,October,2010,6009.61,6049.1,5956.73,5996.13,5984.35,0.2,139.1,8937.6,6337.01,6085.31,41.58,33.83,0.86,Banking,Bearish,No,5984.35,0.19684677533900496
2010-10-21,Thursday,October,2010,6001.3,6140.01,5991.27,6129.76,5996.13,2.23,374.2,23141.8,6328.27,6091.01,58.6,33.32,1.67,FMCG,Bearish,No,5996.13,2.228604116321696
2010-10-22,Friday,October,2010,6109.6,6305.47,6073.28,6268.2,6129.76,2.26,325.2,22166.4,6322.06,6097.84,69.56,33.09,1.58,Auto,Bearish,No,6129.76,2.258489728798511
2010-10-25,Monday,October,2010,6278.58,6405.7,6173.52,6300.28,6268.2,0.51,192.7,10999.8,6315.58,6104.56,82.73,31.94,1.14,Auto,Bearish,No,6268.2,0.5117896684853694
2010-10-26,Tuesday,October,2010,6295.01,6405.7,6203.25,6310.93,6300.28,0.17,240.1,13667.9,6305.77,6111.5,80.39,32.26,1.28,Metal,Bearish,No,6300.28,0.16904010615402087
2010-10-27,Wednesday,October,2010,6277.5,6338.47,6176.71,6237.29,6310.93,-1.17,336.6,19237.3,6292.89,6118.01,75.64,31.63,0.56,Banking,Bearish,No,6310.93,-1.1668644716388918
2010-10-28,Thursday,October,2010,6227.95,6267.02,6144.77,6183.56,6237.29,-0.86,165.6,9334.5,6279.22,6124.52,68.26,32.19,0.2,IT,Bearish,No,6237.29,-0.8614318077241809
2010-10-29,Friday,October,2010,6164.11,6316.58,6117.05,6268.72,6183.56,1.38,331.3,20455.1,6272.34,6131.06,67.8,31.68,1.75,Auto,Bearish,No,6183.56,1.3772001888879521
2010-11-01,Monday,November,2010,6273.53,6366.75,6073.61,6165.22,6268.72,-1.65,323.8,21721.0,6264.03,6136.83,59.98,30.91,0.22,Auto,Bearish,No,6268.72,-1.6510547607805102
2010-11-02,Tuesday,November,2010,6273.53,6207.48,5972.21,6025.47,6165.22,-2.27,322.2,20094.4,6253.21,6141.91,50.8,32.24,0.37,Banking,Bearish,No,6165.22,-2.2667479830403456
2010-11-03,Wednesday,November,2010,6027.11,6165.57,5988.07,6125.89,6025.47,1.67,316.7,20019.4,6244.87,6147.51,51.64,31.78,1.71,Banking,Bearish,No,6025.47,1.666591983695879
2010-11-04,Thursday,November,2010,6138.13,6219.8,5966.87,6047.33,6125.89,-1.28,300.7,17765.7,6233.8,6152.71,48.04,32.17,0.45,Metal,Bearish,No,6125.89,-1.2824259005630267
2010-11-05,Friday,November,2010,6090.16,6091.43,5976.92,5978.17,6047.33,-1.14,310.8,18705.6,6216.27,6157.64,49.4,31.53,0.35,FMCG,Bearish,No,6047.33,-1.1436452120191862
2010-11-08,Monday,November,2010,6013.68,6037.62,5895.76,5919.33,5978.17,-0.98,210.6,11977.9,6196.04,6162.02,47.02,30.92,0.53,FMCG,Bearish,No,5978.17,-0.9842476878375849
2010-11-09,Tuesday,November,2010,5923.29,6081.53,5894.98,6052.6,5919.33,2.25,395.3,24011.3,6178.49,6166.78,52.33,30.28,2.23,Metal,Bearish,No,5919.33,2.251437240363359
2010-11-10,Wednesday,November,2010,6051.64,6124.3,5946.06,6018.32,6052.6,-0.57,308.0,19450.9,6166.58,6171.29,44.99,29.57,0.53,Banking,Bearish,No,6052.6,-0.5663681723556926
2010-11-11,Thursday,November,2010,6051.64,6211.53,5946.06,6175.98,6018.32,2.62,408.9,25550.0,6158.54,6176.71,45.92,30.37,1.54,Unknown,Bearish,No,6018.32,2.61966794720121
2010-11-12,Friday,November,2010,6145.54,6241.61,6139.96,6235.95,6175.98,0.97,164.6,10097.8,6150.63,6182.27,47.22,30.41,1.38,Banking,Bearish,No,6175.98,0.971019983873009
2010-11-15,Monday,November,2010,6193.18,6251.36,6160.78,6218.83,6235.95,-0.27,302.4,20103.0,6140.2,6187.79,46.05,29.65,0.85,Auto,Bearish,No,6235.95,-0.27453715953463215
2010-11-16,Tuesday,November,2010,6203.11,6241.05,6082.46,6119.89,6218.83,-1.59,278.7,16331.1,6129.3,6192.32,45.07,28.87,0.35,Auto,Bearish,No,6218.83,-1.5909745080666233
2010-11-17,Wednesday,November,2010,6149.95,6197.49,6026.41,6073.36,6119.89,-0.76,290.2,17559.6,6119.85,6196.59,45.34,28.75,0.48,Auto,Bearish,No,6119.89,-0.7603077833098414
2010-11-18,Thursday,November,2010,6102.57,6154.52,5906.78,5957.5,6073.36,-1.91,198.3,12943.5,6110.04,6200.35,37.18,29.21,0.36,Banking,Bearish,No,6073.36,-1.9076754877036712
2010-11-19,Friday,November,2010,5958.78,6096.35,5888.05,6024.83,5957.5,1.13,234.9,15475.1,6103.64,6204.07,44.04,30.06,1.33,Auto,Bearish,No,5957.5,1.1301720520352485
2010-11-22,Monday,November,2010,6033.24,6097.05,5992.5,6056.16,6024.83,0.52,296.3,16172.5,6093.79,6207.45,51.44,30.34,1.57,Banking,Bearish,No,6024.83,0.520014672613168
2010-11-23,Tuesday,November,2010,6045.17,6173.8,6010.9,6139.0,6056.16,1.37,319.0,19709.7,6088.87,6211.62,50.62,30.35,1.19,Unknown,Bearish,No,6056.16,1.3678634646376606
2010-11-24,Wednesday,November,2010,6138.44,6356.69,6088.19,6305.07,6139.0,2.71,286.9,17499.2,6091.99,6216.26,61.31,29.68,1.76,Unknown,Bearish,No,6139.0,2.7051637074442043
2010-11-25,Thursday,November,2010,6290.39,6346.82,6233.57,6290.0,6305.07,-0.24,272.8,16442.6,6095.83,6221.17,64.37,29.49,1.31,Auto,Bearish,No,6305.07,-0.23901399984456495
2010-11-26,Friday,November,2010,6275.32,6380.07,6240.21,6344.57,6290.0,0.87,214.0,13838.8,6100.77,6226.41,69.67,29.47,1.13,IT,Bearish,No,6290.0,0.8675675675675629
2010-11-29,Monday,November,2010,6356.23,6374.06,6348.68,6366.5,6344.57,0.35,221.3,13937.8,6105.46,6231.45,66.19,29.23,0.9,Banking,Bearish,No,6344.57,0.3456499021998385
2010-11-30,Tuesday,November,2010,6354.94,6393.33,6348.68,6222.82,6366.5,-2.26,265.2,17271.4,6108.04,6234.77,59.48,32.12,0.38,IT,Bearish,No,6366.5,-2.256813005576067
2010-12-01,Wednesday,December,2010,6232.01,6319.86,6162.03,6249.68,6222.82,0.43,262.1,14831.3,6110.77,6238.13,53.89,32.74,1.19,Banking,Bearish,No,6222.82,0.4316371034354293
2010-12-02,Thursday,December,2010,6246.92,6294.93,6043.71,6090.51,6249.68,-2.55,415.9,27493.1,6108.62,6241.03,43.06,35.06,0.2,Pharma,Bearish,No,6249.68,-2.5468503987404167
2010-12-03,Friday,December,2010,6116.42,6279.81,6037.06,6199.37,6090.51,1.79,360.9,22676.0,6108.11,6244.35,49.15,34.06,1.62,Auto,Bearish,No,6090.51,1.787370844149335
2010-12-06,Monday,December,2010,6209.64,6379.26,6147.48,6316.04,6199.37,1.88,257.9,16888.7,6108.81,6248.66,52.29,33.42,1.77,FMCG,Bearish,No,6199.37,1.8819654255190457
2010-12-07,Tuesday,December,2010,6320.67,6357.89,6225.64,6262.52,6316.04,-0.85,260.0,16623.1,6109.69,6253.08,58.13,33.29,0.76,Metal,Bearish,No,6316.04,-0.8473663877999431
2010-12-08,Wednesday,December,2010,6235.65,6322.18,5979.13,6063.26,6262.52,-3.18,290.0,19303.6,6106.16,6256.03,54.24,36.57,0.2,FMCG,Bearish,No,6262.52,-3.181786245792432
2010-12-09,Thursday,December,2010,6054.34,6081.73,5883.12,5909.85,6063.26,-2.53,431.7,27994.2,6101.36,6258.3,45.69,37.37,0.2,Metal,Bearish,No,6063.26,-2.530157044230329
2010-12-10,Friday,December,2010,6054.34,6018.13,5901.28,6010.32,5909.85,1.7,267.3,18715.9,6101.99,6261.15,48.37,37.61,1.26,Auto,Bearish,No,5909.85,1.700043148303245
2010-12-13,Monday,December,2010,6011.3,6140.59,5954.94,6083.55,6010.32,1.22,319.2,20133.2,6105.62,6264.46,52.29,37.12,1.58,IT,Unknown,No,6010.32,1.2184043445274209
2010-12-14,Tuesday,December,2010,6095.65,6298.43,6066.0,6267.94,6083.55,3.03,379.0,24318.8,6115.79,6268.3,48.68,37.24,1.93,Auto,Bearish,No,6083.55,3.0309605411314022
2010-12-15,Wednesday,December,2010,6271.81,6320.56,6096.73,6144.49,6267.94,-1.97,282.9,16724.6,6121.31,6271.59,45.21,37.68,0.25,Banking,Bearish,No,6267.94,-1.9695466134008914
2010-12-16,Thursday,December,2010,6125.44,6166.5,6102.7,6143.69,6144.49,-0.01,187.4,10805.5,6127.36,6274.62,43.15,24.57,1.22,Pharma,Bearish,No,6144.49,-0.01301979497078166
2010-12-17,Friday,December,2010,6154.6,6251.88,6105.25,6202.15,6143.69,0.95,294.5,17910.1,6133.31,6278.11,44.53,37.25,1.81,Realty,Bearish,No,6143.69,0.9515454067506668
2010-12-20,Monday,December,2010,6193.57,6301.48,6132.01,6239.46,6202.15,0.6,348.1,22513.4,6138.07,6281.73,50.6,37.57,0.7,IT,Bearish,No,6202.15,0.6015655861273979
2010-12-21,Tuesday,December,2010,6227.34,6292.92,6106.46,6171.45,6239.46,-1.09,254.5,14311.5,6141.59,6284.98,47.28,38.22,0.54,IT,Bearish,No,6239.46,-1.0899981729188137
2010-12-22,Wednesday,December,2010,6151.03,6193.36,6129.83,6172.09,6171.45,0.01,291.0,18012.2,6144.83,6287.81,53.19,36.82,0.98,FMCG,Bearish,No,6171.45,0.01037033436227025
2010-12-23,Thursday,December,2010,6165.58,6181.51,6112.15,6127.98,6172.09,-0.71,311.4,18732.9,6145.52,6290.2,47.06,35.27,0.8,FMCG,Bearish,No,6172.09,-0.71466877508268
2010-12-24,Friday,December,2010,6117.74,6181.51,6004.37,6127.98,6127.98,-1.07,254.8,15532.2,6144.99,6291.95,39.1,36.37,0.59,Pharma,Bearish,No,6127.98,0.0
2010-12-27,Monday,December,2010,6083.62,6183.96,6044.19,6144.14,6062.51,1.35,352.4,23211.9,6148.06,6293.76,45.03,36.22,1.42,Unknown,Bearish,No,6127.98,0.2637084324687869
2010-12-28,Tuesday,December,2010,6139.21,6174.65,6055.85,6091.01,6144.14,-0.86,324.8,17993.6,6150.19,6295.93,51.33,35.66,0.82,IT,Bearish,No,6144.14,-0.8647263896981531
2010-12-29,Wednesday,December,2010,6100.73,6146.67,6046.9,6092.78,6091.01,0.03,92.7,5945.8,6152.13,6297.18,60.24,34.57,0.95,Auto,Bearish,No,6091.01,0.029059220063659838
2010-12-30,Thursday,December,2010,6059.83,6323.02,6046.9,6277.08,6092.78,3.02,408.9,26523.8,6155.07,6299.32,63.66,33.67,1.85,Auto,Bearish,No,6092.78,3.0248917571289327
2010-12-31,Friday,December,2010,6291.1,6350.84,6046.9,6179.82,6277.08,-1.55,375.5,21830.8,6153.31,6301.23,54.81,33.15,0.31,Auto,Bearish,No,6277.08,-1.5494465579537016
2011-01-03,Monday,January,2011,6191.71,6312.47,6130.1,6250.28,6179.82,1.14,206.3,13498.3,6152.31,6302.56,52.29,32.51,1.78,FMCG,Bearish,No,6179.82,1.1401626584593085
2011-01-04,Tuesday,January,2011,6222.98,6474.52,6148.71,6398.15,6250.28,2.37,256.7,16412.1,6154.05,6305.48,63.92,32.73,2.38,Pharma,Bearish,No,6250.28,2.3658140115322817
2011-01-05,Wednesday,January,2011,6381.42,6489.71,6336.96,6444.81,6398.15,0.73,268.7,17251.5,6158.2,6309.26,65.73,32.64,1.14,Banking,Bearish,No,6398.15,0.7292733055649019
2011-01-06,Thursday,January,2011,6431.99,6641.72,6354.91,6563.07,6444.81,1.83,404.8,26477.4,6165.79,6313.83,67.75,31.98,1.51,IT,Bearish,No,6444.81,1.8349648787163515
2011-01-07,Friday,January,2011,6559.08,6734.3,6491.19,6665.31,6563.07,1.56,231.4,16809.3,6173.72,6318.39,69.68,31.54,1.64,FMCG,Bearish,No,6563.07,1.5578075504299163
2011-01-10,Monday,January,2011,6651.21,6960.13,6574.77,6881.05,6665.31,3.24,282.1,21136.6,6188.04,6324.71,78.86,31.35,2.12,Pharma,Bearish,No,6665.31,3.2367586803914565
2011-01-11,Tuesday,January,2011,6875.99,6900.56,6793.97,6818.33,6881.05,-0.91,238.8,17629.1,6203.9,6330.03,52.29,31.42,0.65,Banking,Bearish,No,6881.05,-0.9114887989478386
2011-01-12,Wednesday,January,2011,6831.7,7087.15,6779.86,7033.78,6818.33,3.16,337.6,25582.8,6222.05,6336.52,80.96,31.37,1.68,Banking,Bearish,No,6818.33,3.1598646589414097
2011-01-13,Thursday,January,2011,7022.0,7218.81,6912.59,7108.06,7033.78,1.06,172.0,11095.2,6243.27,6342.78,85.52,30.76,1.11,Unknown,Bearish,No,7033.78,1.05604667760437
2011-01-14,Friday,January,2011,7114.4,7132.29,7062.97,7080.78,7108.06,-0.38,204.2,14171.5,6265.32,6348.43,83.04,29.46,1.08,IT,Bearish,No,7108.06,-0.3837896697551885
2011-01-17,Monday,January,2011,7084.51,7301.95,6977.07,7192.86,7080.78,1.58,318.8,24741.8,6290.79,6354.61,87.32,28.08,1.44,Realty,Bearish,No,7080.78,1.582876462762576
2011-01-18,Tuesday,January,2011,7129.04,7332.19,7022.18,7223.91,7192.86,0.43,352.9,26794.0,6314.22,6360.33,87.56,28.46,1.73,Realty,Bearish,No,7192.86,0.43167808076342623
2011-01-19,Wednesday,January,2011,7206.4,7514.69,7127.65,7433.46,7223.91,2.9,394.6,29078.2,6342.52,6367.05,87.77,27.23,2.54,Pharma,Bearish,No,7223.91,2.9007836476368087
2011-01-20,Thursday,January,2011,7455.44,7642.97,7435.96,7623.05,7433.46,2.55,392.7,31571.7,6371.46,6374.61,94.46,27.84,1.57,Pharma,Bearish,No,7433.46,2.550494655248029
2011-01-21,Friday,January,2011,7602.59,7656.82,7484.63,7538.41,7623.05,-1.11,210.8,14963.5,6397.51,6381.93,89.33,27.79,1.03,Pharma,Bearish,No,7623.05,-1.110316736739236
2011-01-24,Monday,January,2011,7514.19,7693.64,7430.25,7608.65,7538.41,0.93,260.5,20216.1,6425.31,6389.23,88.8,27.34,1.27,Banking,Bearish,No,7538.41,0.9317614722467971
2011-01-25,Tuesday,January,2011,7632.3,7668.42,7611.72,7647.8,7608.65,0.51,232.4,17890.8,6455.87,6396.34,88.75,26.42,1.21,FMCG,Bearish,No,7608.65,0.5145459444185309
2011-01-26,Wednesday,January,2011,7651.32,7733.23,7406.27,7486.41,7647.8,-2.11,347.3,26382.8,6484.13,6402.64,78.94,29.01,0.51,Energy,Bearish,No,7647.8,-2.1102800805460435
2011-01-27,Thursday,January,2011,7519.14,7582.54,7387.36,7450.18,7486.41,-0.48,280.1,21793.6,6513.98,6408.24,75.66,27.5,1.14,Energy,Bearish,No,7486.41,-0.48394357241988567
2011-01-28,Friday,January,2011,7439.79,7482.38,7220.34,7261.91,7450.18,-2.53,406.8,32199.0,6538.72,6412.33,62.68,29.54,0.2,Unknown,Bearish,No,7450.18,-2.527053037644734
2011-01-31,Monday,January,2011,7288.1,7356.97,7262.42,7331.14,7261.91,0.95,269.1,18797.0,6564.22,6416.39,67.0,29.77,1.97,Metal,Bearish,No,7261.91,0.9533304598927896
2011-02-01,Tuesday,February,2011,7311.59,7487.45,7262.42,7385.27,7331.14,0.74,225.3,17497.8,6589.15,6420.66,63.05,29.76,1.33,IT,Bearish,No,7331.14,0.7383571995624161
2011-02-02,Wednesday,February,2011,7328.36,7516.94,7246.96,7434.37,7385.27,0.66,326.5,24977.8,6611.73,6425.4,62.34,29.29,0.63,Pharma,Bearish,No,7385.27,0.6648368983124442
2011-02-03,Thursday,February,2011,7449.39,7584.69,7246.96,7529.42,7434.37,1.28,326.6,25550.9,6636.52,6430.3,66.14,29.05,1.35,Pharma,Unknown,No,7434.37,1.2785212465884828
2011-02-04,Friday,February,2011,7542.37,7603.76,7345.08,7405.35,7529.42,-1.65,340.9,24886.0,6657.74,6434.58,57.58,28.68,1.08,Metal,Bearish,No,7529.42,-1.6478028852155904
2011-02-07,Monday,February,2011,7420.3,7574.76,7368.89,7522.64,7405.35,1.58,295.6,39537.4,6680.86,6439.87,60.04,28.63,1.35,Banking,Bearish,No,7405.35,1.5838549157028359
2011-02-08,Tuesday,February,2011,7517.98,7978.21,7512.2,7972.08,7522.64,5.97,574.9,45645.0,6715.84,6446.78,65.59,27.86,3.68,Pharma,Bearish,No,7522.64,5.974498314421528
2011-02-09,Wednesday,February,2011,8007.16,8230.43,7901.83,8123.57,7972.08,1.9,237.8,17855.8,6753.32,6454.64,64.81,26.99,1.67,Unknown,Bearish,No,7972.08,1.900256896569023
2011-02-10,Thursday,February,2011,8144.66,8216.95,7967.38,8038.73,8123.57,-1.04,326.3,27178.3,6792.29,6462.3,64.8,27.42,0.65,IT,Bearish,No,8123.57,-1.0443684242272813
2011-02-11,Friday,February,2011,8058.62,8252.42,7963.39,8156.04,8038.73,1.46,345.2,26064.8,6831.42,6470.38,65.76,27.49,1.17,Banking,Bearish,No,8038.73,1.4593101149062153
2011-02-14,Monday,February,2011,8159.02,8474.26,8108.57,8422.18,8156.04,3.26,324.0,26320.1,6873.54,6479.78,69.71,27.84,2.27,Realty,Bearish,No,8156.04,3.2631031726180884
2011-02-15,Tuesday,February,2011,8388.15,8652.2,8317.95,8580.39,8422.18,1.88,271.4,39537.4,6919.9,6489.83,77.9,28.31,1.53,Pharma,Bearish,No,8422.18,1.8784922668477655
2011-02-16,Wednesday,February,2011,8582.13,8920.8,8502.49,8838.78,8580.39,3.01,289.1,25751.9,6975.41,6501.11,81.81,27.6,2.0,Auto,Bearish,No,8580.39,3.011401579648492
2011-02-17,Thursday,February,2011,8848.31,8955.59,8725.33,8832.42,8838.78,-0.07,254.2,21767.2,7033.86,6512.24,89.24,24.57,0.91,IT,Bearish,No,8838.78,-0.07195563188585508
2011-02-18,Friday,February,2011,8886.28,9185.33,8751.46,9048.05,8832.42,2.44,184.3,15541.1,7094.62,6524.41,89.98,27.67,2.07,Pharma,Bearish,No,8832.42,2.441346765665573
2011-02-21,Monday,February,2011,9055.27,9293.05,8995.46,9232.07,9048.05,2.03,333.1,32540.7,7157.59,6536.5,90.55,26.7,1.62,Realty,Bearish,No,9048.05,2.033808389653024
2011-02-22,Tuesday,February,2011,9203.1,9399.94,9142.27,9232.07,9232.07,1.15,231.0,21435.4,7218.99,6548.67,90.78,27.26,0.63,Banking,Bearish,No,9232.07,0.0
2011-02-23,Wednesday,February,2011,9351.31,9416.93,9249.25,9314.61,9338.22,-0.25,173.6,16022.8,7282.4,6561.79,89.44,27.05,0.66,Realty,Bearish,No,9232.07,0.8940573457523705
2011-02-24,Thursday,February,2011,9349.75,9402.25,8981.24,9031.95,9314.61,-3.03,263.8,25667.4,7340.16,6573.27,83.59,29.33,0.2,FMCG,Bearish,No,9314.61,-3.034587599480814
2011-02-25,Friday,February,2011,9078.25,9246.98,8758.27,8924.13,9031.95,-1.19,227.2,20433.1,7394.6,6584.88,79.05,28.27,1.05,Realty,Bearish,No,9031.95,-1.1937621443874415
2011-02-28,Monday,February,2011,8921.27,8932.63,8813.09,8824.33,8924.13,-1.12,362.3,33312.6,7446.3,6596.09,70.66,28.68,0.81,Auto,Bearish,No,8924.13,-1.118316295257905
2011-03-01,Tuesday,March,2011,8819.05,9162.43,8653.73,8993.84,8824.33,1.92,271.1,23543.9,7502.74,6608.21,70.92,28.23,1.65,IT,Bearish,No,8824.33,1.9209390401310946
2011-03-02,Wednesday,March,2011,8955.76,9088.86,8861.23,8993.93,8993.84,0.0,245.2,22323.4,7559.18,6620.33,73.93,27.29,0.94,IT,Bearish,No,8993.84,0.0010006849132311172
2011-03-03,Thursday,March,2011,8977.65,9244.23,8908.79,9173.87,8993.93,2.0,252.6,24222.5,7620.1,6633.34,74.72,28.53,1.24,IT,Unknown,No,8993.93,2.000682682653751
2011-03-04,Friday,March,2011,9185.78,9312.7,9143.07,9269.6,9173.87,1.04,333.2,29629.1,7684.24,6647.55,72.44,28.13,1.28,IT,Bearish,No,9173.87,1.043507265744986
2011-03-07,Monday,March,2011,9227.22,9299.54,9082.58,9154.33,9269.6,-1.24,319.3,30331.9,7744.45,6661.87,65.55,27.72,0.87,Pharma,Bearish,No,9269.6,-1.243527228790891
2011-03-08,Tuesday,March,2011,9210.56,9263.47,8944.38,9154.33,9154.33,-1.73,294.3,26839.5,7802.55,6674.51,54.51,28.06,0.67,Banking,Bearish,No,9154.33,0.0
2011-03-09,Wednesday,March,2011,8986.43,9266.77,8864.92,9143.14,8996.06,1.63,314.3,28358.7,7863.55,6686.78,52.29,26.88,1.67,Realty,Bearish,No,9154.33,-0.12223723636793199
2011-03-10,Thursday,March,2011,9146.44,9242.7,8800.27,8893.87,9143.14,-2.73,379.2,35162.1,7915.89,6697.93,45.98,29.31,0.2,Energy,Bearish,No,9143.14,-2.726306279899451
2011-03-11,Friday,March,2011,8903.0,9043.34,8772.27,8912.47,8893.87,0.21,170.4,14630.7,7970.54,6708.62,40.89,28.24,0.85,Realty,Bearish,No,8893.87,0.20913280720314714
2011-03-14,Monday,March,2011,8942.66,9003.81,8717.49,8777.51,8912.47,-1.51,248.1,22711.2,8021.09,6718.7,34.27,28.84,0.61,Pharma,Bearish,No,8912.47,-1.5142827970248331
2011-03-15,Tuesday,March,2011,8784.53,8873.94,8709.29,8798.58,8777.51,0.24,287.0,25510.1,8069.1,6727.9,35.51,28.32,0.74,FMCG,Bearish,No,8777.51,0.24004529758439136
2011-03-16,Wednesday,March,2011,8770.39,8932.07,8703.64,8864.61,8798.58,0.75,350.0,29447.5,8117.49,6737.04,44.65,27.9,1.47,Banking,Bearish,No,8798.58,0.750462006369217
2011-03-17,Thursday,March,2011,8875.83,8933.57,8599.65,8655.95,8864.61,-2.35,349.3,31252.8,8159.35,6746.35,41.94,31.07,0.2,FMCG,Bearish,No,8864.61,-2.353854258675789
2011-03-18,Friday,March,2011,8685.22,8802.21,8651.49,8768.16,8655.95,1.3,325.5,30736.6,8201.41,6756.24,48.32,31.22,1.1,Pharma,Bearish,No,8655.95,1.2963337357540088
2011-03-21,Monday,March,2011,8744.63,8839.75,8630.68,8725.59,8768.16,-0.49,316.7,26583.9,8238.3,6765.94,41.35,24.57,0.44,Metal,Bearish,No,8768.16,-0.4855066513384759
2011-03-22,Tuesday,March,2011,8746.53,8828.43,8533.83,8614.5,8725.59,-1.27,265.0,24254.4,8274.22,6775.3,38.58,32.68,0.43,IT,Bearish,No,8725.59,-1.273151729567859
2011-03-23,Wednesday,March,2011,8621.07,8787.89,8553.73,8719.78,8614.5,1.22,275.8,23261.0,8307.94,6785.23,35.69,32.6,0.95,FMCG,Bearish,No,8614.5,1.2221254860990267
2011-03-24,Thursday,March,2011,8722.27,9077.69,8634.94,8987.71,8719.78,3.07,411.9,39398.0,8345.53,6797.53,41.98,31.34,1.88,Auto,Bearish,No,8719.78,3.07266926459152
2011-03-25,Friday,March,2011,8970.45,9034.55,8913.47,8977.53,8987.71,-0.11,356.7,29148.2,8383.47,6810.09,44.65,32.58,0.69,Auto,Bearish,No,8987.71,-0.1132657818287247
2011-03-28,Monday,March,2011,8971.54,9043.86,8790.64,8862.08,8977.53,-1.29,330.1,26370.6,8416.85,6822.36,45.84,31.39,0.36,Banking,Bearish,No,8977.53,-1.2859884623053415
2011-03-29,Tuesday,March,2011,8873.74,9069.22,8772.15,8966.57,8862.08,1.18,267.3,24529.5,8451.71,6835.27,44.37,32.06,1.59,FMCG,Bearish,No,8862.08,1.1790685708095592
2011-03-30,Wednesday,March,2011,8955.16,9062.57,8745.61,8851.78,8966.57,-1.28,249.6,23746.4,8480.07,6848.63,48.53,31.39,0.57,Energy,Bearish,No,8966.57,-1.2801996750150733
2011-03-31,Thursday,March,2011,8825.77,9014.87,8701.21,8889.42,8851.78,0.43,267.3,21272.7,8505.4,6860.69,49.21,30.15,1.34,Energy,Bearish,No,8851.78,0.42522520894101995
2011-04-01,Friday,April,2011,8862.21,9249.64,8830.64,9216.81,8889.42,3.68,438.9,41213.9,8538.97,6875.71,63.35,29.16,2.89,FMCG,Bearish,No,8889.42,3.6829174456826137
2011-04-04,Monday,April,2011,9224.58,9548.89,9186.3,9509.43,9216.81,3.17,408.7,41525.0,8576.98,6892.48,68.55,29.15,1.55,Realty,Bearish,No,9216.81,3.174851168679845
2011-04-05,Tuesday,April,2011,9523.39,9555.7,9186.3,9405.9,9509.43,-1.09,239.1,20468.4,8612.15,6908.34,63.85,28.29,0.47,Energy,Bearish,No,9509.43,-1.0887087869620016
2011-04-06,Wednesday,April,2011,9403.99,9454.84,9340.02,9390.8,9405.9,-0.16,306.6,28142.1,8650.23,6924.07,70.87,27.5,0.64,Pharma,Bearish,No,9405.9,-0.1605375349514705
2011-04-07,Thursday,April,2011,9441.94,9504.82,9116.83,9177.95,9390.8,-2.27,414.6,39140.7,8684.79,6938.0,61.01,29.22,0.2,FMCG,Bearish,No,9390.8,-2.2665800570771237
2011-04-08,Friday,April,2011,9131.12,9485.87,9042.11,9394.29,9177.95,2.36,328.5,30271.9,8727.44,6952.56,66.43,29.04,1.9,Auto,Bearish,No,9177.95,2.357171263735367
2011-04-11,Monday,April,2011,9404.99,9554.75,9285.94,9435.32,9394.29,0.44,258.6,22116.6,8769.52,6967.25,70.89,24.57,1.68,IT,Bearish,No,9394.29,0.43675466693064435
2011-04-12,Tuesday,April,2011,9383.22,9613.99,9322.94,9552.62,9435.32,1.24,243.0,23913.6,8812.87,6982.83,71.07,28.79,1.61,Auto,Bearish,No,9435.32,1.2432010785007936
2011-04-13,Wednesday,April,2011,9549.65,9647.97,9302.08,9398.85,9552.62,-1.61,253.3,23290.2,8852.16,6997.89,61.04,28.11,0.61,Auto,Bearish,No,9552.62,-1.609715449792836
2011-04-14,Thursday,April,2011,9405.9,9529.23,8992.27,9111.74,9398.85,-3.05,398.4,39537.4,8883.8,7011.62,53.14,31.23,0.3,Banking,Bearish,No,9398.85,-3.0547354197588064
2011-04-15,Friday,April,2011,9106.91,9163.18,8846.88,8901.88,9111.74,-2.3,291.0,24197.5,8913.73,7024.17,50.89,33.73,0.68,Realty,Bearish,No,9111.74,-2.30318248764781
2011-04-18,Monday,April,2011,8849.75,8978.25,8788.91,8916.95,8901.88,0.17,267.4,22497.1,8941.62,7036.73,48.84,33.31,1.6,IT,Bearish,No,8901.88,0.1692900825443786
2011-04-19,Tuesday,April,2011,8914.41,9088.13,8840.74,9013.64,8916.95,1.08,249.8,22563.9,8962.45,7050.15,53.81,32.66,1.51,Banking,Bearish,No,8916.95,1.0843393761319586
2011-04-20,Wednesday,April,2011,9013.72,9110.05,9002.02,9098.24,9013.64,0.94,329.5,28098.3,8981.94,7064.8,54.8,31.79,1.02,FMCG,Bearish,No,9013.64,0.9385775336046299
2011-04-21,Thursday,April,2011,9122.74,9218.66,9031.1,9126.98,9098.24,0.32,230.6,20463.1,9003.71,7079.16,47.6,31.34,1.0,Pharma,Bearish,No,9098.24,0.3158852701181743
2011-04-22,Friday,April,2011,9087.91,9155.38,9059.0,9126.35,9126.98,-0.01,104.9,10053.5,9023.12,7093.81,37.9,31.52,0.38,Banking,Bearish,No,9126.98,-0.0069026118168244
2011-04-25,Monday,April,2011,9165.8,9317.86,9063.52,9215.03,9126.35,0.97,245.8,24044.5,9038.97,7108.53,43.91,29.7,1.55,Banking,Bearish,No,9126.35,0.9716918592865744
2011-04-26,Tuesday,April,2011,9145.42,9202.82,9068.22,9125.49,9215.03,-0.97,275.5,26626.1,9049.87,7123.99,41.92,29.31,0.42,IT,Bearish,No,9215.03,-0.9716734508732024
2011-04-27,Wednesday,April,2011,9090.01,9191.7,9035.85,9137.26,9125.49,0.13,122.4,11620.4,9055.84,7139.47,48.59,27.96,0.83,IT,Bearish,No,9125.49,0.12897937535409537
2011-04-28,Thursday,April,2011,9142.09,9179.44,8951.91,8988.63,9137.26,-1.63,204.2,18508.3,9058.97,7154.01,35.23,27.64,0.56,IT,Unknown,No,9137.26,-1.6266364314904143
2011-04-29,Friday,April,2011,8997.01,9088.46,8700.93,8790.27,8988.63,-2.21,321.6,28555.8,9053.81,7167.7,52.29,29.03,0.2,FMCG,Bearish,No,8988.63,-2.2067879087246753
2011-05-02,Monday,May,2011,8830.14,8919.66,8672.18,8761.0,8790.27,-0.33,297.0,28379.6,9044.39,7180.8,22.57,24.57,1.2,Banking,Bearish,No,8790.27,-0.33298180829485824
2011-05-03,Tuesday,May,2011,8766.08,8820.25,8647.17,8700.94,8761.0,-0.69,292.4,27364.3,9031.65,7193.01,24.13,29.17,0.94,Banking,Bearish,No,8761.0,-0.6855381805729881
2011-05-04,Wednesday,May,2011,8698.29,8830.42,8512.47,8643.77,8700.94,-0.66,252.2,22452.6,9018.23,7204.92,52.29,29.01,0.65,Pharma,Bearish,No,8700.94,-0.6570554445841491
2011-05-05,Thursday,May,2011,8655.29,8872.08,8584.86,8800.47,8643.77,1.81,257.9,22553.4,9013.6,7217.22,45.24,29.05,1.59,FMCG,Bearish,No,8643.77,1.8128663765926083
2011-05-06,Friday,May,2011,8738.66,8808.08,8483.04,8550.97,8800.47,-2.84,311.8,27883.4,9006.14,7228.93,35.93,31.49,0.2,IT,Bearish,No,8800.47,-2.8350758539032577
2011-05-09,Monday,May,2011,8525.12,8595.34,8432.92,8502.96,8550.97,-0.56,287.2,22284.8,8999.71,7239.81,29.6,31.71,1.59,Banking,Bearish,No,8550.97,-0.5614567704014892
2011-05-10,Tuesday,May,2011,8472.98,8517.71,8373.49,8417.93,8502.96,-1.0,282.4,25886.1,8988.19,7250.45,52.29,29.84,0.39,IT,Bearish,No,8502.96,-1.0000047042441556
2011-05-11,Wednesday,May,2011,8441.97,8475.95,8265.75,8299.15,8417.93,-1.41,342.8,28720.2,8974.29,7260.28,19.16,29.63,0.63,Energy,Bearish,No,8417.93,-1.4110357296865221
2011-05-12,Thursday,May,2011,8331.52,8385.72,8245.68,8299.68,8299.15,0.01,292.6,24298.4,8956.81,7270.23,19.2,29.7,0.92,IT,Bearish,No,8299.15,0.0063861961767247835
2011-05-13,Friday,May,2011,8346.12,8741.88,8258.19,8650.74,8299.68,4.23,395.7,32799.0,8944.43,7282.19,52.29,28.71,2.43,Realty,Bearish,No,8299.68,4.229801630906246
2011-05-16,Monday,May,2011,8665.52,8670.67,8623.92,8629.05,8650.74,-0.25,259.0,20129.5,8933.93,7293.82,33.85,29.48,1.07,IT,Bearish,No,8650.74,-0.2507299953530046
2011-05-17,Tuesday,May,2011,8652.14,8669.46,8258.14,8274.7,8629.05,-4.11,468.4,35357.6,8919.5,7303.93,27.05,33.49,0.2,FMCG,Bearish,No,8629.05,-4.10647753808355
2011-05-18,Wednesday,May,2011,8277.03,8323.13,8138.66,8184.24,8274.7,-1.09,233.4,18196.6,8900.32,7313.25,27.91,33.77,0.53,Energy,Bearish,No,8274.7,-1.0932118384956668
2011-05-19,Thursday,May,2011,8171.98,8178.71,8115.01,8121.7,8184.24,-0.76,219.8,17999.8,8884.88,7321.03,30.16,33.36,0.4,Realty,Bearish,No,8184.24,-0.7641515889074607
2011-05-20,Friday,May,2011,8095.4,8254.03,8115.01,8234.82,8121.7,1.39,332.0,25062.7,8871.33,7329.31,35.13,33.19,1.24,IT,Bearish,No,8121.7,1.3928118497358914
2011-05-23,Monday,May,2011,8205.94,8355.14,8113.72,8262.29,8234.82,0.33,236.7,21403.2,8861.02,7337.5,37.37,32.13,0.97,Banking,Bearish,No,8234.82,0.3335834905924011
2011-05-24,Tuesday,May,2011,8228.3,8594.42,8176.9,8541.06,8262.29,3.37,330.8,27750.7,8855.87,7346.2,47.38,31.89,1.94,Auto,Bearish,No,8262.29,3.3740040594072416
2011-05-25,Wednesday,May,2011,8559.79,8599.31,8439.13,8478.27,8541.06,-0.74,207.9,16978.8,8848.14,7354.18,41.36,31.09,0.44,Auto,Bearish,No,8541.06,-0.7351546529353389
2011-05-26,Thursday,May,2011,8467.84,8749.49,8395.36,8675.23,8478.27,2.32,256.5,22364.1,8848.53,7363.22,53.43,30.4,1.91,Realty,Bearish,No,8478.27,2.323115446901303
2011-05-27,Friday,May,2011,8656.4,8729.63,8539.7,8612.56,8675.23,-0.72,234.9,18470.8,8845.42,7373.22,53.0,30.28,0.35,FMCG,Bearish,No,8675.23,-0.7224015962689182
2011-05-30,Monday,May,2011,8560.18,8880.0,8451.82,8769.0,8612.56,1.82,247.5,23224.5,8846.29,7384.16,59.25,29.54,1.59,Banking,Bearish,No,8612.56,1.816416953844159
2011-05-31,Tuesday,May,2011,8744.98,8880.0,8680.79,8769.0,8769.0,-0.92,272.5,23487.9,8847.77,7394.77,60.47,29.44,0.2,Pharma,Bearish,No,8769.0,0.0
2011-06-01,Wednesday,June,2011,8680.97,8801.72,8643.69,8764.08,8688.45,0.87,400.0,32801.0,8848.65,7405.88,62.0,30.47,1.62,Banking,Bearish,No,8769.0,-0.056106739651044284
2011-06-02,Thursday,June,2011,8723.68,9123.77,8674.72,9072.85,8764.08,3.52,417.8,35341.9,8850.35,7418.24,61.15,30.62,1.99,FMCG,Bearish,No,8764.08,3.5231307792717597
2011-06-03,Friday,June,2011,9145.25,9232.72,8931.29,9017.54,9072.85,-0.61,314.7,27589.0,8851.15,7429.05,60.09,29.83,0.58,FMCG,Bearish,No,9072.85,-0.6096210121406117
2011-06-06,Monday,June,2011,8981.28,9157.02,8644.03,8816.55,9017.54,-2.23,358.0,32026.4,8850.24,7438.48,65.29,30.74,0.2,IT,Bearish,No,9017.54,-2.228878385901272
2011-06-07,Tuesday,June,2011,8847.04,9157.02,8689.05,8779.88,8816.55,-0.42,141.9,12251.6,8846.51,7447.73,67.33,30.28,1.37,Realty,Bearish,No,8816.55,-0.4159223278946989
2011-06-08,Wednesday,June,2011,8776.71,8998.56,8715.83,8936.57,8779.88,1.78,315.3,28722.5,8848.21,7459.34,72.48,30.17,1.99,FMCG,Bearish,No,8779.88,1.784648537337646
2011-06-09,Thursday,June,2011,8921.38,8949.45,8886.24,8914.29,8936.57,-0.25,191.5,17772.4,8848.7,7471.03,69.73,30.06,0.93,Metal,Bearish,No,8936.57,-0.24931265575045947
2011-06-10,Friday,June,2011,8907.62,8931.19,8870.26,8893.8,8914.29,-0.23,182.1,17000.5,8842.24,7482.34,68.41,30.31,0.77,FMCG,Bearish,No,8914.29,-0.22985565872325892
2011-06-13,Monday,June,2011,8894.18,9029.47,8790.9,8925.82,8893.8,0.36,224.3,19624.0,8830.57,7493.26,63.1,29.25,1.74,Energy,Bearish,No,8893.8,0.36002608558771776
2011-06-14,Tuesday,June,2011,8894.18,8974.95,8873.18,8916.16,8925.82,-0.11,263.3,24495.1,8820.78,7504.52,65.47,29.47,1.11,FMCG,Bearish,No,8925.82,-0.1082253507240775
2011-06-15,Wednesday,June,2011,8889.89,9174.11,8831.36,9114.11,8916.16,2.22,310.3,26253.4,8815.24,7517.36,65.5,29.21,1.66,Realty,Bearish,No,8916.16,2.2201261529627185
2011-06-16,Thursday,June,2011,9129.4,9460.44,8995.85,9324.04,9114.11,2.3,384.1,35907.4,8818.16,7531.74,72.75,27.81,1.6,Pharma,Bearish,No,9114.11,2.303351616339942
2011-06-17,Friday,June,2011,9316.23,9455.03,9305.6,9444.25,9324.04,1.29,267.3,25444.0,8819.16,7547.24,72.11,27.8,1.68,Banking,Bearish,No,9324.04,1.289248008374043
2011-06-20,Monday,June,2011,9406.53,9614.18,9305.6,9293.07,9444.25,0.88,282.8,25565.2,8821.01,7562.13,77.42,27.42,1.23,Banking,Bearish,No,9444.25,-1.6007623686370043
2011-06-21,Tuesday,June,2011,9515.42,9557.15,9456.41,9498.06,9527.65,-0.31,232.0,22402.1,8819.92,7577.7,74.73,26.68,0.49,Metal,Bearish,No,9293.07,2.2058372529207224
2011-06-22,Wednesday,June,2011,9538.51,9677.25,9140.11,9275.02,9498.06,-2.35,267.3,40575.5,8817.44,7593.33,57.23,29.24,0.27,Pharma,Bearish,No,9498.06,-2.348269014935672
2011-06-23,Thursday,June,2011,9281.13,9533.78,9241.73,9493.47,9275.02,2.36,293.0,25564.5,8825.08,7610.31,65.24,28.61,1.86,Banking,Bearish,No,9275.02,2.3552509859816895
2011-06-24,Friday,June,2011,9493.6,9594.95,9193.86,9293.07,9493.47,-2.11,289.2,25301.0,8832.9,7626.28,52.29,30.2,0.31,Energy,Bearish,No,9493.47,-2.1109246671659534
2011-06-27,Monday,June,2011,9281.98,9594.78,9274.86,9587.42,9293.07,3.17,354.4,37320.5,8846.31,7643.56,72.2,29.68,2.21,IT,Bearish,No,9293.07,3.1674139977424076
2011-06-28,Tuesday,June,2011,9578.24,10009.01,9442.1,9868.74,9587.42,2.93,392.7,37496.2,8863.41,7662.44,73.99,30.41,1.88,Energy,Bearish,No,9587.42,2.934261772197314
2011-06-29,Wednesday,June,2011,9578.24,10295.52,9759.93,10176.67,9868.74,3.12,409.5,39873.5,8884.98,7682.75,78.32,29.41,2.04,Auto,Bearish,No,9868.74,3.120256486643688
2011-06-30,Thursday,June,2011,10168.56,10421.27,10109.83,10361.43,10176.67,1.82,275.5,26177.9,8909.67,7703.57,80.66,28.82,1.6,Banking,Unknown,No,10176.67,1.8155251177448046
2011-07-01,Friday,July,2011,10375.55,10474.86,10222.97,10321.77,10361.43,-0.38,293.0,31421.3,8933.58,7724.06,79.07,28.63,0.47,Banking,Bearish,No,10361.43,-0.3827656993291453
2011-07-04,Monday,July,2011,10331.78,10769.18,10209.56,10643.28,10321.77,3.11,312.2,33283.2,8962.14,7745.87,81.84,27.78,2.25,FMCG,Bearish,No,10321.77,3.1148727398498535
2011-07-05,Tuesday,July,2011,10605.19,10841.28,10209.56,10748.72,10643.28,0.99,311.8,31219.1,8994.61,7768.52,81.19,27.25,1.5,Realty,Bearish,No,10643.28,0.9906720484662499
2011-07-06,Wednesday,July,2011,10765.74,10835.13,10623.91,10692.83,10748.72,-0.52,267.6,29374.6,9025.72,7790.78,77.75,26.5,1.12,Auto,Bearish,No,10748.72,-0.5199688893189088
2011-07-07,Thursday,July,2011,10662.21,10928.42,10581.1,10845.91,10692.83,1.43,291.6,31789.6,9062.86,7814.26,78.05,26.82,1.17,Energy,Bearish,No,10692.83,1.4316135204618414
2011-07-08,Friday,July,2011,10813.51,10904.78,10555.59,10645.44,10845.91,-1.85,342.5,36934.2,9099.97,7837.6,71.37,25.81,0.26,FMCG,Bearish,No,10845.91,-1.8483465195635898
2011-07-11,Monday,July,2011,10644.63,10790.65,10557.07,10702.62,10645.44,0.54,239.6,28181.4,9138.8,7861.6,72.78,24.79,1.51,IT,Neutral,No,10645.44,0.5371313914690261
2011-07-12,Tuesday,July,2011,10710.91,10815.21,10443.26,10545.96,10702.62,-1.46,309.6,29572.1,9175.7,7885.53,74.66,25.62,0.34,Energy,Bearish,No,10702.62,-1.4637537350667562
2011-07-13,Wednesday,July,2011,10710.91,10606.77,10386.72,10427.54,10545.96,-1.12,421.1,47554.7,9211.38,7908.33,68.85,24.65,1.17,FMCG,Neutral,No,10545.96,-1.1228944543692396
2011-07-14,Thursday,July,2011,10360.08,10416.1,10192.98,10248.4,10427.54,-1.72,361.1,39537.4,9240.33,7930.36,69.45,24.57,0.2,Banking,Neutral,No,10427.54,-1.7179507343055143
2011-07-15,Friday,July,2011,10272.67,10338.82,10203.42,10269.55,10248.4,0.21,197.8,19969.2,9274.71,7952.19,65.63,24.49,0.9,IT,Neutral,No,10248.4,0.20637367784239136
2011-07-18,Monday,July,2011,10282.26,10383.89,9998.41,10098.22,10269.55,-1.67,286.5,31135.7,9306.61,7972.67,55.54,24.28,0.3,Auto,Neutral,No,10269.55,-1.6683301605230991
2011-07-19,Tuesday,July,2011,10076.22,10283.33,10057.2,10263.95,10098.22,1.64,373.2,39443.2,9343.53,7994.01,52.26,23.7,1.78,FMCG,Neutral,No,10098.22,1.6411803268298906
2011-07-20,Wednesday,July,2011,10076.22,10345.04,9811.9,9897.17,10263.95,-3.57,381.6,40708.6,9375.49,8013.45,39.01,26.83,0.31,IT,Bearish,No,10263.95,-3.5734780469507412
2011-07-21,Thursday,July,2011,9903.05,10199.63,9792.9,10087.43,9897.17,1.92,416.4,42799.9,9411.25,8033.42,44.82,27.84,1.73,Pharma,Bearish,No,9897.17,1.9223677071324452
2011-07-22,Friday,July,2011,9981.82,10063.61,9872.52,9954.08,10087.43,-1.32,332.9,31255.9,9437.31,8052.74,33.39,27.51,0.2,Unknown,Bearish,No,10087.43,-1.3219422588310439
2011-07-25,Monday,July,2011,9916.72,9999.04,9696.85,9778.02,9954.08,-1.77,228.7,22703.2,9460.29,8071.68,27.38,27.36,0.39,IT,Bearish,No,9954.08,-1.7687219712921685
2011-07-26,Tuesday,July,2011,9812.08,9878.7,9646.17,9712.12,9778.02,-0.67,306.0,27811.5,9489.04,8090.32,27.25,27.46,0.81,IT,Unknown,No,9778.02,-0.6739605768857052
2011-07-27,Wednesday,July,2011,9694.57,9774.54,9482.07,9560.94,9712.12,-1.56,169.7,15059.4,9516.58,8108.14,20.17,27.6,0.6,Energy,Bearish,No,9712.12,-1.5566117387346974
2011-07-28,Thursday,July,2011,9558.48,9618.08,9483.3,9542.8,9560.94,-0.19,208.6,20519.6,9545.0,8125.21,22.03,26.87,0.91,Metal,Bearish,No,9560.94,-0.1897302984853083
2011-07-29,Friday,July,2011,9539.46,9676.68,9469.49,9606.22,9542.8,0.66,304.3,31847.8,9572.43,8141.9,22.28,26.68,1.61,IT,Bearish,No,9542.8,0.6645848178731617
2011-08-01,Monday,August,2011,9626.82,9686.83,9146.08,9203.45,9606.22,-4.19,326.8,30609.2,9591.25,8156.42,52.29,30.8,0.2,IT,Bearish,No,9606.22,-4.192804245582535
2011-08-02,Tuesday,August,2011,9192.22,9372.58,9125.28,9304.82,9203.45,1.1,396.2,39046.6,9606.52,8171.39,24.56,30.24,1.06,IT,Bearish,No,9203.45,1.1014347880414297
2011-08-03,Wednesday,August,2011,9295.83,9358.39,9104.17,9165.85,9304.82,-1.49,353.9,30286.4,9620.28,8186.03,25.02,29.84,0.32,Banking,Bearish,No,9304.82,-1.4935270107320653
2011-08-04,Thursday,August,2011,9171.09,9450.77,9141.05,9165.85,9165.85,2.77,296.1,28752.6,9635.17,8202.21,32.29,29.4,2.7,IT,Bearish,No,9165.85,0.0
2011-08-05,Friday,August,2011,9443.85,9477.89,9425.17,9459.18,9419.92,0.42,332.0,32867.8,9652.1,8218.16,35.91,29.18,1.09,FMCG,Bearish,No,9165.85,3.20024874943404
2011-08-08,Monday,August,2011,9492.19,9571.14,9053.23,9129.16,9459.18,-3.49,286.2,23732.3,9659.31,8232.98,26.67,32.38,0.2,Auto,Bearish,No,9459.18,-3.488885928801444
2011-08-09,Tuesday,August,2011,9120.42,9277.23,9025.43,9181.6,9129.16,0.57,188.1,15879.1,9669.17,8248.76,33.1,32.27,1.53,Pharma,Bearish,No,9129.16,0.5744230575430873
2011-08-10,Wednesday,August,2011,9168.08,9582.83,9037.74,9448.5,9181.6,2.91,276.3,27576.4,9682.86,8265.38,35.44,32.17,1.45,Banking,Bearish,No,9181.6,2.9069007580378106
2011-08-11,Thursday,August,2011,9444.35,9588.97,9327.33,9471.61,9448.5,0.24,113.7,39537.4,9690.83,8282.5,38.42,31.08,1.06,Auto,Bearish,No,9448.5,0.24458908821506675
2011-08-12,Friday,August,2011,9509.55,9620.02,9276.0,9385.02,9471.61,-0.91,246.1,22660.4,9698.18,8299.53,40.15,31.5,1.03,IT,Bearish,No,9471.61,-0.9142057158181147
2011-08-15,Monday,August,2011,9406.93,9490.81,9270.05,9353.45,9385.02,-0.34,248.3,25177.2,9708.92,8316.7,40.85,30.38,1.75,IT,Bearish,No,9385.02,-0.33638713609560456
2011-08-16,Tuesday,August,2011,9339.99,9419.16,9236.83,9315.8,9353.45,-0.4,249.9,25570.8,9719.64,8333.02,43.36,29.65,1.19,Energy,Bearish,No,9353.45,-0.4025252714239287
2011-08-17,Wednesday,August,2011,9270.69,9315.59,9236.83,9126.97,9315.8,-2.03,331.3,31836.5,9723.45,8348.56,39.69,30.72,0.22,Banking,Bearish,No,9315.8,-2.0269864101848465
2011-08-18,Thursday,August,2011,9157.28,9197.49,8650.54,8688.69,9126.97,-4.8,475.4,43723.2,9718.93,8361.12,30.82,35.87,0.2,IT,Bearish,No,9126.97,-4.802031780536135
2011-08-19,Friday,August,2011,8720.47,8796.88,8449.73,8524.42,8688.69,-1.89,245.5,19706.6,9711.55,8372.57,34.23,35.94,0.24,Auto,Bearish,No,8688.69,-1.8906187238812804
2011-08-22,Monday,August,2011,8496.01,8937.37,8456.42,8895.91,8524.42,4.36,398.6,33276.4,9710.95,8385.95,41.56,35.65,2.11,Pharma,Bearish,No,8524.42,4.3579504529340385
2011-08-23,Tuesday,August,2011,8884.03,8951.88,8696.66,8763.59,8895.91,-1.49,267.3,12526.3,9707.9,8399.17,41.68,34.93,0.71,Banking,Bearish,No,8895.91,-1.4874251200832709
2011-08-24,Wednesday,August,2011,8786.63,8838.87,8769.14,8821.31,8763.59,0.66,317.5,29100.5,9702.04,8412.91,36.52,34.23,0.78,Banking,Bearish,No,8763.59,0.6586341898696693
2011-08-25,Thursday,August,2011,8831.52,8955.93,8744.37,8868.41,8821.31,0.53,252.2,23201.3,9692.93,8427.47,36.74,34.08,1.0,Pharma,Bearish,No,8821.31,0.5339343022748364
2011-08-26,Friday,August,2011,8815.35,8849.39,8702.7,8736.43,8868.41,-1.49,299.6,25055.1,9678.77,8441.02,40.33,33.94,0.95,Realty,Bearish,No,8868.41,-1.4882036351499262
2011-08-29,Monday,August,2011,8706.86,8844.82,8686.93,8824.62,8736.43,1.01,316.7,30107.8,9664.71,8454.87,41.36,33.76,1.55,Realty,Bearish,No,8736.43,1.009451228934479
2011-08-30,Tuesday,August,2011,8840.02,8995.39,8743.75,8898.49,8824.62,0.84,312.6,25282.2,9652.72,8468.66,35.32,33.26,1.02,Realty,Bearish,No,8824.62,0.8370898690255101
2011-08-31,Wednesday,August,2011,8905.14,9119.07,8799.59,9012.25,8898.49,1.28,261.4,22496.0,9647.46,8482.2,38.3,32.25,1.47,IT,Bearish,No,8898.49,1.2784191475182893
2011-09-01,Thursday,September,2011,9030.26,9099.45,8957.63,9026.79,9012.25,0.16,221.0,18673.0,9638.13,8495.88,40.53,32.55,1.02,IT,Bearish,No,9012.25,0.16133595938861964
2011-09-02,Friday,September,2011,9047.93,9338.61,9001.5,9290.93,9026.79,2.93,456.1,44165.0,9638.09,8510.61,48.53,32.37,2.25,Banking,Bearish,No,9026.79,2.926178630498764
2011-09-05,Monday,September,2011,9297.67,9398.76,9011.95,9111.02,9290.93,-1.94,283.6,26951.7,9628.56,8524.34,45.48,33.25,0.47,IT,Bearish,No,9290.93,-1.936404644099136
2011-09-06,Tuesday,September,2011,9122.51,9261.08,9077.59,9215.7,9111.02,1.15,370.2,34353.5,9615.5,8539.3,52.03,24.57,1.43,IT,Bearish,No,9111.02,1.1489383186514823
2011-09-07,Wednesday,September,2011,9199.95,9267.75,9071.6,9138.95,9215.7,-0.83,241.0,19845.6,9594.74,8553.75,62.36,32.46,0.71,Auto,Bearish,No,9215.7,-0.8328179085690723
2011-09-08,Thursday,September,2011,9142.08,9264.52,8862.29,8982.6,9138.95,-1.71,192.5,18584.1,9567.17,8568.21,62.64,32.0,0.2,IT,Bearish,No,9138.95,-1.7108092286313017
2011-09-09,Friday,September,2011,8991.05,9076.47,8807.23,8891.71,8982.6,-1.01,276.5,26825.8,9538.57,8581.67,49.86,30.95,1.08,IT,Bearish,No,8982.6,-1.011845122792969
2011-09-12,Monday,September,2011,8937.22,9189.54,8867.37,9118.28,8891.71,2.55,322.8,27681.4,9508.07,8595.68,60.9,30.86,1.98,Auto,Bearish,No,8891.71,2.5481037955579025
2011-09-13,Tuesday,September,2011,9095.72,9227.99,9032.99,9164.79,9118.28,0.51,164.5,39537.4,9476.39,8610.19,60.63,31.01,1.07,IT,Bearish,No,9118.28,0.5100742683927255
2011-09-14,Wednesday,September,2011,9184.69,9259.78,8839.79,8912.65,9164.79,-2.75,356.6,34791.0,9440.78,8624.44,51.22,33.12,0.2,IT,Bearish,No,9164.79,-2.7511814236878447
2011-09-15,Thursday,September,2011,8909.56,9220.32,8828.8,9137.5,8912.65,2.52,313.9,27690.0,9406.62,8640.58,60.48,32.55,1.81,Auto,Bearish,No,8912.65,2.522818690288527
2011-09-16,Friday,September,2011,9157.91,9189.94,8828.8,9137.5,9137.5,-0.46,355.8,30322.0,9375.61,8656.0,57.24,32.45,0.6,Banking,Bearish,No,9137.5,0.0
2011-09-19,Monday,September,2011,9091.8,9303.55,8975.12,9185.67,9095.08,1.0,327.4,32946.2,9345.27,8671.51,57.62,32.65,1.16,Energy,Bearish,No,9137.5,0.5271682626538996
2011-09-20,Tuesday,September,2011,9218.12,9274.97,9155.38,9212.2,9185.67,0.29,176.7,14844.7,9318.6,8686.23,55.56,33.54,1.39,Realty,Bearish,No,9185.67,0.28881943287752176
2011-09-21,Wednesday,September,2011,9218.12,9257.69,9019.63,9084.88,9212.2,-1.38,245.7,21321.4,9291.74,8700.94,51.52,34.45,0.2,FMCG,Bearish,No,9212.2,-1.3820802848396856
2011-09-22,Thursday,September,2011,9088.76,9286.26,8986.47,9182.91,9084.88,1.08,333.4,32097.8,9270.43,8716.13,46.9,34.53,1.92,Auto,Bearish,No,9084.88,1.0790456230572187
2011-09-23,Friday,September,2011,9195.01,9263.37,9058.82,9126.67,9182.91,-0.61,323.6,30227.1,9247.57,8730.75,50.48,34.63,0.8,IT,Bearish,No,9182.91,-0.6124420254581585
2011-09-26,Monday,September,2011,9108.02,9255.02,9003.06,9149.58,9126.67,0.25,212.5,20160.3,9228.6,8745.3,47.85,33.92,0.85,Realty,Bearish,No,9126.67,0.2510225525848952
2011-09-27,Tuesday,September,2011,9157.94,9288.58,9086.4,9216.58,9149.58,0.73,227.5,21840.4,9207.65,8760.53,52.54,34.4,1.14,Banking,Bearish,No,9149.58,0.7322740497378022
2011-09-28,Wednesday,September,2011,9244.42,9322.05,9024.96,9101.39,9216.58,-1.25,275.7,26026.7,9191.74,8775.18,53.99,35.07,0.71,Energy,Bearish,No,9216.58,-1.2498128372997415
2011-09-29,Thursday,September,2011,9099.56,9322.05,8857.09,8936.28,9101.39,-1.81,329.8,28542.0,9168.72,8789.22,51.43,34.62,0.25,Pharma,Bearish,No,9101.39,-1.8141185027781337
2011-09-30,Friday,September,2011,8956.4,9041.45,8801.0,8885.37,8936.28,-0.57,292.2,24984.2,9147.34,8803.33,41.6,34.2,1.01,Energy,Bearish,No,8936.28,-0.5697001436839474
2011-10-03,Monday,October,2011,8867.4,9200.83,8776.62,9107.59,8885.37,2.5,388.6,34885.8,9133.93,8818.15,48.17,34.5,1.51,Realty,Bearish,No,8885.37,2.5009650695468992
2011-10-04,Tuesday,October,2011,9077.63,9188.45,8891.74,9001.63,9107.59,-1.16,215.5,20592.2,9119.72,8832.7,53.14,34.01,0.37,FMCG,Bearish,No,9107.59,-1.1634252310435684
2011-10-05,Wednesday,October,2011,9020.41,9128.39,8787.1,8893.56,9001.63,-1.2,259.2,25072.7,9106.38,8846.71,40.61,32.72,0.67,IT,Bearish,No,9001.63,-1.2005603429601053
2011-10-06,Thursday,October,2011,8878.64,8972.62,8835.78,8929.52,8893.56,0.4,114.9,10168.2,9094.11,8859.97,43.59,32.27,0.95,Energy,Bearish,No,8893.56,0.40433752063291806
2011-10-07,Friday,October,2011,8884.6,9461.19,8835.78,8878.725,8929.52,4.51,434.4,37180.7,9088.63,8875.73,54.57,31.64,3.09,Metal,Bearish,No,8929.52,-0.5688435660595426
2011-10-10,Monday,October,2011,9310.97,9322.12,8861.45,8872.08,9332.25,-4.93,396.1,38222.9,9082.0,8888.84,41.65,36.84,0.2,Pharma,Bearish,No,8878.725,-0.07484182695150977
2011-10-11,Tuesday,October,2011,8907.95,8956.72,8736.65,8784.75,8872.08,-0.98,225.8,18171.4,9071.6,8900.77,42.49,36.89,0.83,Metal,Bearish,No,8872.08,-0.9843238564124751
2011-10-12,Wednesday,October,2011,8812.69,8878.33,8669.38,8734.44,8784.75,-0.57,315.0,25637.7,9062.97,8912.22,38.5,36.16,0.84,Pharma,Bearish,No,8784.75,-0.5726970033296279
2011-10-13,Thursday,October,2011,8705.08,8734.11,8624.9,8653.76,8734.44,-0.92,290.0,26941.3,9047.65,8922.67,38.02,36.27,0.59,Realty,Bearish,No,8734.44,-0.9236997449178228
2011-10-14,Friday,October,2011,8615.81,8749.57,8537.24,8653.76,8653.76,0.19,250.6,21952.0,9031.88,8932.7,37.83,35.61,0.99,Auto,Unknown,No,8653.76,0.0
2011-10-17,Monday,October,2011,8659.86,8759.38,8564.95,8664.42,8670.5,-0.07,223.6,18802.8,9022.58,8941.62,35.53,34.86,0.73,IT,Bearish,No,8653.76,0.12318344858188641
2011-10-18,Tuesday,October,2011,8691.46,8736.22,8458.21,8501.99,8664.42,-1.87,399.8,36920.4,9008.99,8950.04,34.67,34.83,0.44,Pharma,Bearish,No,8664.42,-1.8746782819854104
2011-10-19,Wednesday,October,2011,8691.46,8736.22,8413.27,8626.22,8501.99,1.46,254.3,23956.9,8992.54,8958.0,41.9,33.75,1.11,Banking,Bearish,No,8501.99,1.4611873220269558
2011-10-20,Thursday,October,2011,8621.37,8791.67,8523.54,8693.03,8626.22,0.77,268.2,22525.6,8976.97,8965.92,45.02,33.17,1.69,FMCG,Bearish,No,8626.22,0.7744991433095992
2011-10-21,Friday,October,2011,8677.01,8787.23,8674.77,8784.96,8693.03,1.06,278.9,26306.6,8964.97,8974.44,41.04,33.48,1.37,Energy,Bearish,No,8693.03,1.0575138933145112
2011-10-24,Monday,October,2011,8777.8,9224.9,8701.46,9145.36,8784.96,4.1,267.3,37518.2,8960.81,8984.21,53.5,33.01,2.78,Unknown,Bearish,No,8784.96,4.102466032856171
2011-10-25,Tuesday,October,2011,9168.61,9255.65,8976.18,9062.21,9145.36,-0.91,394.2,34112.1,8955.74,8993.4,54.16,33.57,0.96,FMCG,Bearish,No,9145.36,-0.9092042303419599
2011-10-26,Wednesday,October,2011,9064.53,9154.21,9025.27,9114.73,9062.21,0.58,175.6,17418.5,8955.49,9001.8,54.53,33.25,1.17,IT,Bearish,No,9062.21,0.5795495800693257
2011-10-27,Thursday,October,2011,9109.21,9235.27,9079.88,9205.63,9114.73,1.0,158.5,13315.9,8965.83,9009.72,46.35,32.26,1.47,IT,Bearish,No,9114.73,0.9972868093733949
2011-10-28,Friday,October,2011,9223.6,9277.48,9175.19,9229.04,9205.63,0.25,239.2,21272.0,8979.92,9018.17,63.76,32.13,0.96,Pharma,Bearish,No,9205.63,0.2543009006445151
2011-10-31,Monday,October,2011,9231.02,9297.96,9131.22,9197.92,9229.04,-0.34,200.7,18077.2,8985.96,9026.12,66.65,31.35,0.86,FMCG,Bearish,No,9229.04,-0.33719650147795216
2011-11-01,Tuesday,November,2011,9224.14,9346.2,9178.04,9299.73,9197.92,1.11,135.5,13081.6,8996.69,9034.38,71.87,31.84,1.14,Energy,Bearish,No,9197.92,1.106880686068149
2011-11-02,Wednesday,November,2011,9280.76,9346.2,9185.89,9463.44,9299.73,1.76,329.0,28260.6,9009.53,9044.26,79.44,31.32,2.09,Banking,Bearish,No,9299.73,1.7603736882683791
2011-11-03,Thursday,November,2011,9471.16,9563.07,9251.63,9342.29,9463.44,-1.28,299.3,30141.2,9019.01,9053.72,72.7,31.17,0.63,FMCG,Unknown,No,9463.44,-1.2801898675323098
2011-11-04,Friday,November,2011,9367.17,9456.19,9099.69,9187.0,9342.29,-1.66,371.9,35253.6,9028.02,9063.35,66.04,29.58,0.7,Unknown,Bearish,No,9342.29,-1.662226284990092
2011-11-07,Monday,November,2011,9229.81,9350.1,9105.97,9226.21,9187.0,0.43,207.9,18318.2,9036.05,9072.82,74.05,29.14,1.01,IT,Bearish,No,9187.0,0.4267987373462406
2011-11-08,Tuesday,November,2011,9229.81,9539.46,9098.63,9439.57,9226.21,2.31,221.5,21570.8,9046.87,9083.09,75.5,30.73,2.24,Energy,Bearish,No,9226.21,2.3125422031365055
2011-11-09,Wednesday,November,2011,9434.65,9550.03,9348.48,9463.59,9439.57,0.25,176.4,16817.1,9055.9,9093.24,74.83,30.57,0.87,Banking,Bearish,No,9439.57,0.2544607434448861
2011-11-10,Thursday,November,2011,9426.23,9580.65,9396.99,9551.03,9463.59,0.92,150.5,13903.6,9066.38,9103.35,74.75,31.08,1.27,Banking,Bearish,No,9463.59,0.9239622595653499
2011-11-11,Friday,November,2011,9523.24,9864.2,9396.99,9741.17,9551.03,1.99,407.4,35943.9,9075.39,9115.03,71.63,30.94,1.52,FMCG,Bearish,No,9551.03,1.990780051994386
2011-11-14,Monday,November,2011,9741.71,9876.99,9614.42,9749.6,9741.17,0.09,284.7,39537.4,9088.16,9126.16,76.39,30.89,1.11,Energy,Bearish,No,9741.17,0.08653991255670819
2011-11-15,Tuesday,November,2011,9690.31,9792.97,9625.54,9727.95,9749.6,-0.22,308.1,27467.3,9098.41,9134.94,74.11,30.5,0.72,Auto,Bearish,No,9749.6,-0.2220603922212156
2011-11-16,Wednesday,November,2011,9740.19,9786.58,9542.36,9588.03,9727.95,-1.44,333.0,33908.8,9107.39,9142.26,64.48,29.95,0.7,Energy,Bearish,No,9727.95,-1.4383297611521448
2011-11-17,Thursday,November,2011,9604.06,9709.88,9477.9,9583.49,9588.03,-0.05,138.3,12163.2,9119.4,9149.99,63.61,28.83,1.06,Banking,Bearish,No,9588.03,-0.04735070707956559
2011-11-18,Friday,November,2011,9581.29,9616.65,9574.4,9609.74,9583.49,0.27,209.4,19836.0,9133.77,9157.26,65.88,28.56,1.04,Auto,Bearish,No,9583.49,0.2739085656686656
2011-11-21,Monday,November,2011,9585.51,9677.47,9398.83,9489.87,9609.74,-1.25,330.7,30972.2,9141.2,9162.59,57.23,28.3,0.26,FMCG,Bearish,No,9609.74,-1.247380262109058
2011-11-22,Tuesday,November,2011,9482.93,9615.57,9278.93,9410.56,9489.87,-0.84,160.2,15245.2,9146.11,9166.75,47.85,27.65,0.7,Metal,Bearish,No,9489.87,-0.8357332608349883
2011-11-23,Wednesday,November,2011,9470.32,9531.64,9273.41,9333.85,9410.56,-0.82,287.5,24363.4,9154.54,9169.22,49.64,26.9,0.7,Pharma,Unknown,No,9410.56,-0.815148088955377
2011-11-24,Thursday,November,2011,9319.28,9402.86,9076.35,9158.49,9333.85,-1.88,362.4,31224.4,9154.96,9170.85,48.82,27.13,0.64,FMCG,Bearish,No,9333.85,-1.8787531404511597
2011-11-25,Friday,November,2011,9136.84,9267.15,9060.05,9189.92,9158.49,0.34,372.9,32209.6,9156.85,9171.56,48.49,27.1,1.03,Auto,Unknown,No,9158.49,0.34317884280050853
2011-11-28,Monday,November,2011,9126.18,9415.73,9015.08,9302.49,9189.92,1.22,337.8,32045.8,9159.19,9171.91,43.76,27.39,1.11,FMCG,Bearish,No,9189.92,1.2249290527012173
2011-11-29,Tuesday,November,2011,9331.62,9410.23,9121.1,9198.59,9302.49,-1.12,305.0,26729.4,9158.92,9171.21,38.75,28.19,0.2,FMCG,Bearish,No,9302.49,-1.1169052586995485
2011-11-30,Wednesday,November,2011,9164.37,9332.73,9103.62,9271.27,9198.59,0.79,260.9,22467.4,9162.64,9171.0,37.97,28.41,1.61,Auto,Bearish,No,9198.59,0.7901210946460304
2011-12-01,Thursday,December,2011,9273.72,9291.55,9100.76,9118.3,9271.27,-1.65,336.5,27727.4,9161.35,9171.43,22.33,27.15,0.4,Banking,Bearish,No,9271.27,-1.6499357693174848
2011-12-02,Friday,December,2011,9175.93,9252.8,8932.9,9008.36,9118.3,-1.21,317.7,30568.8,9158.99,9171.85,19.8,26.97,0.7,IT,Bearish,No,9118.3,-1.20570720419375
2011-12-05,Monday,December,2011,9018.34,9087.97,8936.25,9005.78,9008.36,-0.03,97.1,9569.3,9156.11,9172.76,20.11,26.2,0.84,IT,Bearish,No,9008.36,-0.028640063230154292
2011-12-06,Tuesday,December,2011,9015.46,9016.71,8729.67,8730.88,9005.78,-3.05,390.2,35452.8,9146.4,9171.44,18.09,24.57,0.2,Energy,Bearish,No,9005.78,-3.052484071340866
2011-12-07,Wednesday,December,2011,8722.35,8947.46,8687.69,8912.05,8730.88,2.08,163.0,14273.0,9142.61,9171.03,27.91,29.99,1.66,Realty,Bearish,No,8730.88,2.07504856326052
2011-12-08,Thursday,December,2011,8920.44,9188.39,8769.43,9137.14,8912.05,2.53,207.9,17560.0,9146.63,9170.85,36.25,29.21,1.59,FMCG,Bearish,No,8912.05,2.5256815210866206
2011-12-09,Friday,December,2011,9139.21,9190.48,8772.38,8821.87,9137.14,-3.45,401.2,35217.1,9145.36,9168.61,32.55,33.31,0.2,Banking,Bearish,No,9137.14,-3.4504232177683463
2011-12-12,Monday,December,2011,8836.17,8922.59,8766.48,8852.77,8821.87,0.35,266.2,23364.9,9140.26,9167.1,35.05,32.96,1.33,Banking,Bearish,No,8821.87,0.3502658733352411
2011-12-13,Tuesday,December,2011,8788.59,8855.04,8663.41,8729.41,8852.77,-1.39,211.1,18132.5,9134.82,9165.77,34.19,31.96,0.75,IT,Bearish,No,8852.77,-1.3934621593015584
2011-12-14,Wednesday,December,2011,8739.35,8937.42,8671.63,8868.7,8729.41,1.6,364.2,31513.7,9134.32,9164.4,52.29,32.11,1.38,IT,Bearish,No,8729.41,1.5956404842939083
2011-12-15,Thursday,December,2011,8880.23,9107.6,8728.93,8955.02,8868.7,0.97,359.4,32163.4,9134.83,9164.7,43.92,32.44,1.25,Banking,Bearish,No,8868.7,0.9733106317724097
2011-12-16,Friday,December,2011,9023.45,9079.7,8934.11,8990.16,8955.02,0.39,287.9,23673.2,9127.99,9165.09,41.57,33.15,0.55,Energy,Bearish,No,8955.02,0.39240560043416334
2011-12-19,Monday,December,2011,8990.04,9030.7,8934.11,8756.28,8990.16,-2.6,351.9,27968.0,9125.67,9164.99,38.85,35.52,0.2,FMCG,Bearish,No,8990.16,-2.601510985343967
2011-12-20,Tuesday,December,2011,8762.1,8887.12,8934.11,8727.83,8756.28,-0.32,254.7,20291.2,9124.53,9164.63,35.99,34.6,0.74,Banking,Bearish,No,8756.28,-0.3249096648348468
2011-12-21,Wednesday,December,2011,8738.21,8859.28,8437.19,8555.74,8727.83,-1.97,327.3,26322.8,9120.96,9163.09,35.64,35.5,0.36,Banking,Bearish,No,8727.83,-1.9717386796030645
2011-12-22,Thursday,December,2011,8566.64,8859.28,8420.91,8451.94,8555.74,-1.21,294.2,23761.9,9116.92,9162.07,35.75,35.31,0.22,FMCG,Bearish,No,8555.74,-1.213220598101383
2011-12-23,Friday,December,2011,8420.66,8528.9,8128.53,8234.37,8451.94,-2.57,290.7,22354.9,9108.2,9159.4,32.2,37.76,0.35,Banking,Bearish,No,8451.94,-2.5742018992089353
2011-12-26,Monday,December,2011,8254.59,8303.3,8249.53,8298.21,8234.37,0.78,236.1,18620.0,9100.88,9157.26,38.94,37.13,1.52,Auto,Bearish,No,8234.37,0.7752869982767148
2011-12-27,Tuesday,December,2011,8275.37,8436.59,8072.69,8233.08,8298.21,-0.78,263.1,20300.2,9095.5,9155.36,52.29,37.39,0.49,IT,Bearish,No,8298.21,-0.7848680619073175
2011-12-28,Wednesday,December,2011,8243.12,8367.85,8057.35,8181.14,8233.08,-0.63,272.0,20698.3,9086.6,9152.66,21.33,36.14,0.52,Metal,Bearish,No,8233.08,-0.6308696138018773
2011-12-29,Thursday,December,2011,8160.05,8242.69,7984.12,8065.81,8181.14,-1.41,326.9,25275.4,9074.05,9148.05,24.23,35.65,0.65,FMCG,Bearish,No,8181.14,-1.409705737831157
2011-12-30,Friday,December,2011,8060.43,8461.93,7968.26,8366.27,8065.81,3.73,339.7,27837.7,9065.68,9145.0,52.29,35.75,2.74,Auto,Bearish,No,8065.81,3.725106343938179
2012-01-02,Monday,January,2012,8354.46,8436.12,8253.35,8334.82,8366.27,-0.38,228.5,19975.5,9049.47,9142.36,38.0,34.7,0.75,Energy,Bearish,No,8366.27,-0.375914236571384
2012-01-03,Tuesday,January,2012,8328.59,8373.26,8190.31,8234.48,8334.82,-1.2,264.8,23791.5,9032.91,9138.7,30.25,35.26,0.88,IT,Bearish,No,8334.82,-1.2038652304428907
2012-01-04,Wednesday,January,2012,8232.43,8480.8,8127.2,8373.76,8234.48,1.69,420.7,38180.3,9018.09,9136.31,32.48,34.36,1.56,FMCG,Bearish,No,8234.48,1.691424352235972
2012-01-05,Thursday,January,2012,8383.11,8586.23,8127.2,8472.49,8373.76,1.18,293.3,24730.2,9003.43,9134.22,34.97,34.55,1.41,Banking,Bearish,No,8373.76,1.179040239987766
2012-01-06,Friday,January,2012,8470.05,8642.43,8426.93,8598.65,8472.49,1.49,333.8,28480.4,8990.82,9131.13,45.12,32.93,1.44,FMCG,Bearish,No,8472.49,1.4890545754553839
2012-01-09,Monday,January,2012,8621.21,8689.08,8426.93,8577.48,8598.65,-0.25,292.1,23179.2,8978.41,9126.47,45.32,32.68,1.2,IT,Bearish,No,8598.65,-0.2462014385979203
2012-01-10,Tuesday,January,2012,8563.75,8753.99,8426.93,8727.22,8577.48,1.75,357.0,34095.7,8966.96,9123.08,55.41,31.22,2.18,Unknown,Bearish,No,8577.48,1.7457341783367584
2012-01-11,Wednesday,January,2012,8738.47,8806.71,8544.73,8611.98,8727.22,-1.32,164.8,14930.8,8949.93,9119.19,52.29,31.12,0.82,Banking,Bearish,No,8727.22,-1.3204663111506274
2012-01-12,Thursday,January,2012,8590.47,8691.21,8544.73,8631.4,8611.98,0.23,220.6,20364.5,8935.72,9116.45,64.2,31.1,0.72,IT,Bearish,No,8611.98,0.22549982698520055
2012-01-13,Friday,January,2012,8677.56,8830.91,8564.67,8717.5,8631.4,1.0,310.1,25595.7,8926.33,9113.07,64.76,30.58,1.26,Metal,Bearish,No,8631.4,0.9975206803067911
2012-01-16,Monday,January,2012,8728.85,8854.57,8537.45,8662.21,8717.5,-0.63,259.7,22050.7,8915.05,9109.2,65.21,30.53,0.21,Realty,Bearish,No,8717.5,-0.6342414683108789
2012-01-17,Tuesday,January,2012,8728.85,9009.16,8537.45,8975.54,8662.21,3.62,294.5,24332.3,8905.77,9106.32,73.76,29.99,2.82,IT,Bearish,No,8662.21,3.6172062325896253
2012-01-18,Wednesday,January,2012,9022.24,9122.18,8744.37,8842.31,8975.54,-1.48,232.7,22390.1,8893.34,9103.54,72.97,30.3,0.61,IT,Bearish,No,8975.54,-1.4843675143779802
2012-01-19,Thursday,January,2012,8856.06,8989.2,8754.05,8886.84,8842.31,0.5,191.8,16314.9,8880.06,9102.41,68.15,29.51,0.93,Banking,Bearish,No,8842.31,0.5036014344667927
2012-01-20,Friday,January,2012,8868.35,8877.29,8691.76,8700.53,8886.84,-2.1,346.8,30752.8,8859.24,9101.41,61.51,32.31,0.38,Banking,Bearish,No,8886.84,-2.0964707365047586
2012-01-23,Monday,January,2012,8697.1,8865.07,8691.76,8761.16,8700.53,0.7,268.7,21903.8,8839.47,9100.63,67.0,32.36,1.8,IT,Bearish,No,8700.53,0.696854099692768
2012-01-24,Tuesday,January,2012,8731.25,8894.71,8713.02,8876.18,8761.16,1.31,376.2,35414.4,8822.44,9099.94,66.47,31.98,1.19,Unknown,Bearish,No,8761.16,1.312839852257012
2012-01-25,Wednesday,January,2012,8845.87,8986.88,8793.19,8933.68,8876.18,0.65,252.9,21176.0,8809.35,9099.12,65.54,31.31,1.05,IT,Bearish,No,8876.18,0.6478011937567738
2012-01-26,Thursday,January,2012,8966.07,9005.48,8849.57,8888.64,8933.68,-0.5,257.5,24304.5,8795.46,9097.92,60.34,32.48,0.48,Banking,Bearish,No,8933.68,-0.504159540077559
2012-01-27,Friday,January,2012,8864.68,9122.18,8849.47,8909.46,8888.64,0.23,151.5,13232.6,8781.45,9096.84,61.84,31.96,1.25,Pharma,Bearish,No,8888.64,0.23423155848363428
2012-01-30,Monday,January,2012,8873.71,9237.07,8763.54,9123.8,8909.46,2.41,267.3,30400.7,8774.13,9096.38,63.52,31.82,1.76,FMCG,Bearish,No,8909.46,2.40575747576172
2012-01-31,Tuesday,January,2012,9141.2,9192.8,9102.52,9154.07,9123.8,0.33,372.9,32563.3,8769.0,9096.53,69.61,31.56,0.46,FMCG,Bearish,No,9123.8,0.3317696573796054
2012-02-01,Wednesday,February,2012,9199.65,9406.02,9140.64,9346.07,9154.07,2.1,343.2,34531.3,8769.24,9097.57,72.99,31.09,1.8,IT,Bearish,No,9154.07,2.0974277015578866
2012-02-02,Thursday,February,2012,9378.52,9642.16,9303.75,9565.89,9346.07,2.35,301.3,30320.0,8777.39,9100.46,75.13,30.46,2.07,Auto,Bearish,No,9346.07,2.352004639383182
2012-02-03,Friday,February,2012,9631.64,9737.32,9346.91,9450.6,9565.89,-1.21,305.9,28066.8,8782.6,9103.76,72.55,29.71,0.44,Metal,Bearish,No,9565.89,-1.2052197965897482
2012-02-06,Monday,February,2012,9519.26,9558.53,9247.71,9286.02,9450.6,-1.74,371.1,35048.8,8782.28,9106.38,59.71,29.16,0.41,Auto,Bearish,No,9450.6,-1.741476731636086
2012-02-07,Tuesday,February,2012,9260.94,9353.09,8986.18,9076.49,9286.02,-2.26,365.3,30696.1,8779.83,9108.26,56.99,30.64,0.2,Auto,Bearish,No,9286.02,-2.2564026353593967
2012-02-08,Wednesday,February,2012,9068.01,9418.07,9003.84,9076.49,9076.49,3.03,417.1,36358.0,8781.45,9111.8,62.2,31.45,2.22,IT,Bearish,No,9076.49,0.0
2012-02-09,Thursday,February,2012,9307.84,9413.85,9270.91,9376.65,9351.9,0.26,290.8,27451.0,8786.61,9114.68,69.37,31.46,0.59,Banking,Bearish,No,9076.49,3.307005241012769
2012-02-10,Friday,February,2012,9307.84,9456.83,8988.58,9098.51,9376.65,-2.97,382.3,35761.7,8788.42,9117.42,58.59,34.59,0.2,FMCG,Bearish,No,9376.65,-2.9663045970575785
2012-02-13,Monday,February,2012,9127.78,9276.69,8974.76,9123.6,9098.51,0.28,267.3,23394.0,8790.77,9120.52,56.61,33.84,1.0,Metal,Bearish,No,9098.51,0.2757594375342792
2012-02-14,Tuesday,February,2012,9131.18,9365.39,9050.68,9283.55,9123.6,1.75,270.3,25391.6,8801.83,9124.85,58.86,34.55,1.81,Pharma,Bearish,No,9123.6,1.7531456881055605
2012-02-15,Wednesday,February,2012,9324.11,9375.99,9002.91,9053.28,9283.55,-2.48,310.6,29482.1,8804.65,9128.62,53.81,37.43,0.2,FMCG,Bearish,No,9283.55,-2.480408895304045
2012-02-16,Thursday,February,2012,9029.77,9075.44,8901.33,8946.57,9053.28,-1.18,274.8,26563.8,8800.84,9131.86,50.83,37.38,0.21,Auto,Bearish,No,9053.28,-1.17868882880018
2012-02-17,Friday,February,2012,8931.84,9089.0,8831.57,8988.1,8946.57,0.46,163.6,14374.0,8804.16,9133.54,46.73,36.68,0.98,Auto,Bearish,No,8946.57,0.46420024657495174
2012-02-20,Monday,February,2012,9004.11,9076.63,8922.09,8994.53,8988.1,0.07,245.7,39537.4,8807.0,9135.37,46.11,36.49,1.4,Metal,Bearish,No,8988.1,0.07153903494620989
2012-02-21,Tuesday,February,2012,9023.04,9056.88,8813.88,8847.06,8994.53,-1.64,255.6,24390.6,8809.35,9138.23,37.56,36.83,0.2,IT,Bearish,No,8994.53,-1.6395520388502918
2012-02-22,Wednesday,February,2012,8803.67,8886.16,8792.87,8875.27,8847.06,0.32,246.6,21730.1,8809.48,9141.69,30.96,36.18,1.41,Metal,Bearish,No,8847.06,0.31886298951291103
2012-02-23,Thursday,February,2012,8868.87,9069.17,8784.4,8983.6,8875.27,1.22,311.3,27659.2,8810.05,9146.0,37.07,34.76,1.69,Pharma,Bearish,No,8875.27,1.220582585093185
2012-02-24,Friday,February,2012,8994.36,9081.93,8967.93,9055.32,8983.6,0.8,180.6,17225.6,8811.36,9150.1,43.27,34.3,1.63,Banking,Bearish,No,8983.6,0.7983436484260134
2012-02-27,Monday,February,2012,9076.59,9144.32,9018.59,9086.26,9055.32,0.34,267.3,25563.3,8817.96,9154.22,50.32,34.1,1.44,IT,Bearish,No,9055.32,0.34167759946639664
2012-02-28,Tuesday,February,2012,9112.99,9610.09,8980.72,9472.6,9086.26,4.25,300.0,29768.6,8832.85,9158.88,53.67,32.81,2.83,FMCG,Bearish,No,9086.26,4.2519144290390125
2012-02-29,Wednesday,February,2012,9470.48,9514.76,9424.36,9468.63,9472.6,-0.04,257.4,22423.1,8851.11,9163.83,52.83,31.97,0.45,Banking,Bearish,No,9472.6,-0.041910351962514664
2012-03-01,Thursday,March,2012,9433.54,9548.77,8999.31,9110.59,9468.63,-3.78,452.7,40953.0,8864.28,9166.01,50.35,35.79,0.2,Auto,Bearish,No,9468.63,-3.7813284498390907
2012-03-02,Friday,March,2012,9057.96,9093.42,8960.54,8995.76,9110.59,-1.26,324.0,27467.3,8879.51,9167.92,46.44,33.84,0.73,IT,Bearish,No,9110.59,-1.260401357102009
2012-03-05,Monday,March,2012,8990.84,9094.22,8689.66,8790.74,8995.76,-2.28,357.2,30253.4,8889.36,9168.03,36.61,35.83,0.2,FMCG,Bearish,No,8995.76,-2.279073696941675
2012-03-06,Tuesday,March,2012,8783.12,9081.61,8692.65,8989.02,8790.74,2.26,299.2,26727.1,8904.48,9169.53,48.22,34.94,1.4,Unknown,Bearish,No,8790.74,2.2555552774851795
2012-03-07,Wednesday,March,2012,8967.55,9066.27,8878.3,8976.93,8989.02,-0.13,197.8,16767.4,8920.4,9170.6,50.89,34.8,0.97,Auto,Bearish,No,8989.02,-0.1344974201859618
2012-03-08,Thursday,March,2012,9000.98,9187.52,8878.3,9136.67,8976.93,1.78,270.4,24784.3,8941.81,9170.92,52.29,34.28,2.31,Metal,Bearish,No,8976.93,1.779450212934709
2012-03-09,Friday,March,2012,9105.21,9287.88,9009.17,9190.94,9136.67,0.59,311.3,29431.3,8958.31,9171.78,55.23,24.57,1.35,Energy,Bearish,No,9136.67,0.5939800824589313
2012-03-12,Monday,March,2012,9172.69,9473.0,9085.56,9383.87,9190.94,2.1,424.2,42791.0,8979.29,9174.62,63.95,34.99,1.55,Metal,Bearish,No,9190.94,2.0991324064785566
2012-03-13,Tuesday,March,2012,9416.72,9563.17,9170.51,9315.38,9383.87,-0.73,261.8,22980.3,9000.91,9177.3,61.2,34.89,1.47,Auto,Bearish,No,9383.87,-0.729869446187997
2012-03-14,Wednesday,March,2012,9293.72,9486.71,9242.27,9434.48,9315.38,1.28,223.8,20314.4,9022.12,9179.79,61.41,34.18,1.62,Auto,Bearish,No,9315.38,1.2785307738385376
2012-03-15,Thursday,March,2012,9443.63,9567.76,9312.53,9436.56,9434.48,0.02,204.4,18924.9,9041.4,9182.4,60.0,34.19,1.21,FMCG,Bearish,No,9434.48,0.02204679007216007
2012-03-16,Friday,March,2012,9436.29,9477.79,9341.7,9382.96,9436.56,-0.57,307.3,27245.4,9057.09,9184.85,57.69,33.77,0.9,Pharma,Bearish,No,9436.56,-0.568003594530214
2012-03-19,Monday,March,2012,9389.81,9645.62,9323.66,9578.14,9382.96,2.08,355.1,32869.4,9077.1,9188.11,53.04,32.27,1.85,Banking,Bearish,No,9382.96,2.0801538107377664
2012-03-20,Tuesday,March,2012,9603.47,9753.52,9551.17,9700.69,9578.14,1.28,285.2,29787.6,9096.57,9192.03,56.25,31.29,0.69,FMCG,Bearish,No,9578.14,1.2794759734144738
2012-03-21,Wednesday,March,2012,9603.47,9841.55,9651.72,9782.68,9700.69,0.85,246.0,22326.2,9119.98,9195.37,71.27,32.01,1.33,Pharma,Bearish,No,9700.69,0.8451976096545686
2012-03-22,Thursday,March,2012,9741.99,9813.79,9636.28,9707.83,9782.68,-0.77,157.2,15089.0,9141.51,9197.29,73.12,31.56,0.98,Energy,Bearish,No,9782.68,-0.7651277564021348
2012-03-23,Friday,March,2012,9672.38,9805.54,9525.35,9658.32,9707.83,-0.51,232.7,21625.2,9160.33,9198.36,81.33,31.91,1.3,IT,Bearish,No,9707.83,-0.5100006901645395
2012-03-26,Monday,March,2012,9666.86,9793.84,9571.87,9698.54,9658.32,0.42,217.5,19310.4,9181.06,9199.22,78.92,31.07,1.83,Banking,Bearish,No,9658.32,0.4164285300135134
2012-03-27,Tuesday,March,2012,9671.79,9842.88,9546.67,9717.18,9698.54,0.19,204.3,18248.6,9195.89,9200.31,80.01,30.58,1.39,IT,Bearish,No,9698.54,0.1921938766041014
2012-03-28,Wednesday,March,2012,9745.03,9823.56,9584.72,9662.58,9717.18,-0.56,265.2,27085.2,9212.29,9202.25,73.31,29.75,0.88,Metal,Bearish,No,9717.18,-0.5618914129407953
2012-03-29,Thursday,March,2012,9671.54,9798.54,9444.74,9570.41,9662.58,-0.95,373.2,38233.6,9225.97,9202.63,66.27,30.2,0.7,Banking,Bearish,No,9662.58,-0.9538860221597137
2012-03-30,Friday,March,2012,9521.15,9909.67,9436.34,9822.17,9570.41,2.63,349.3,35965.3,9248.4,9205.28,67.89,29.82,1.67,Realty,Bearish,No,9570.41,2.630608302047668
2012-04-02,Monday,April,2012,9877.83,10262.15,9829.99,10212.69,9822.17,3.98,447.1,46019.2,9277.43,9208.41,79.01,30.05,2.49,Realty,Bearish,No,9822.17,3.975903491794588
2012-04-03,Tuesday,April,2012,10201.47,10326.17,9941.02,10064.04,10212.69,-1.46,290.2,30798.5,9301.19,9209.38,69.97,29.42,1.11,Energy,Bearish,No,10212.69,-1.4555420755941837
2012-04-04,Wednesday,April,2012,10057.72,10371.14,9917.56,10228.6,10064.04,1.64,296.8,28245.6,9327.08,9209.64,72.78,29.06,1.44,Energy,Bearish,No,10064.04,1.6351286362136823
2012-04-05,Thursday,April,2012,10241.57,10349.65,9967.05,10073.36,10228.6,-1.52,365.5,39537.4,9350.78,9208.2,68.76,29.28,0.55,Realty,Bearish,No,10228.6,-1.5177052578065402
2012-04-06,Friday,April,2012,10070.74,10296.67,9956.7,10181.38,10073.36,1.07,295.5,29625.5,9376.22,9207.5,67.2,29.86,1.14,IT,Bearish,No,10073.36,1.0723333624530307
2012-04-09,Monday,April,2012,10210.75,10439.71,10076.82,10304.55,10181.38,1.21,326.5,35328.7,9399.83,9205.81,67.21,29.21,1.71,Banking,Bearish,No,10181.38,1.2097574199175365
2012-04-10,Tuesday,April,2012,10273.08,10493.62,10201.99,10421.51,10304.55,1.14,350.5,34538.5,9425.18,9204.17,67.86,28.49,1.75,Energy,Bearish,No,10304.55,1.1350325826940617
2012-04-11,Wednesday,April,2012,10457.37,10511.0,10204.49,10257.09,10421.51,-1.58,267.3,35213.5,9443.4,9201.99,64.62,29.14,0.27,Banking,Bearish,No,10421.51,-1.5776984333364366
2012-04-12,Thursday,April,2012,10278.05,10379.48,10180.91,10282.3,10257.09,0.25,246.9,25732.9,9457.73,9199.17,66.83,27.83,1.26,Banking,Bearish,No,10257.09,0.24578121085024238
2012-04-13,Friday,April,2012,10258.41,10810.0,10105.5,10651.23,10282.3,3.59,437.4,41998.0,9481.74,9199.2,71.82,27.88,1.41,Unknown,Bearish,No,10282.3,3.588010464584775
2012-04-16,Monday,April,2012,10659.27,10780.9,10561.15,10682.57,10651.23,0.29,195.7,20986.3,9509.67,9199.1,71.99,27.01,1.02,FMCG,Bearish,No,10651.23,0.2942383180158549
2012-04-17,Tuesday,April,2012,10721.42,10894.44,10608.64,10781.04,10682.57,0.92,267.3,23627.3,9543.76,9200.28,74.97,26.76,1.69,FMCG,Bearish,No,10682.57,0.9217819307526295
2012-04-18,Wednesday,April,2012,10797.91,10887.52,10649.41,10738.53,10781.04,-0.39,194.3,19018.4,9571.5,9201.83,76.67,26.67,0.73,Banking,Bearish,No,10781.04,-0.3943033325170876
2012-04-19,Thursday,April,2012,10743.28,10999.83,10644.68,10899.79,10738.53,1.5,264.5,28526.1,9601.96,9205.09,75.67,26.24,1.11,FMCG,Bearish,No,10738.53,1.5016952972147977
2012-04-20,Friday,April,2012,10920.14,11094.21,10855.84,11029.27,10899.79,1.19,207.5,22022.8,9640.58,9208.89,72.21,26.72,1.6,Auto,Bearish,No,10899.79,1.187912794650168
2012-04-23,Monday,April,2012,11052.65,11247.02,10939.99,11133.54,11029.27,0.95,167.4,17535.7,9680.77,9214.06,79.81,27.28,1.28,Realty,Bearish,No,11029.27,0.9453934847909286
2012-04-24,Tuesday,April,2012,11116.65,11244.62,10914.97,11042.08,11133.54,-0.82,267.3,22713.5,9715.94,9217.96,73.64,27.23,0.79,IT,Bearish,No,11133.54,-0.8214817569254786
2012-04-25,Wednesday,April,2012,11047.27,11135.49,11025.29,11113.38,11042.08,0.65,110.9,11535.0,9757.15,9224.04,81.77,27.09,1.32,Banking,Bearish,No,11042.08,0.6457116775100278
2012-04-26,Thursday,April,2012,11141.67,11195.57,11025.29,11173.27,11113.38,0.54,263.8,28295.0,9801.68,9229.47,81.22,27.97,1.45,IT,Bearish,No,11113.38,0.5388999566288676
2012-04-27,Friday,April,2012,11177.73,11188.74,11033.2,11044.07,11173.27,-1.16,284.4,28992.9,9842.8,9234.92,73.19,27.11,0.94,Realty,Bearish,No,11173.27,-1.1563311367218434
2012-04-30,Monday,April,2012,11020.3,11270.81,10867.1,11116.27,11044.07,0.65,296.9,30260.3,9885.23,9241.61,72.41,26.71,1.33,IT,Bearish,No,11044.07,0.6537444981786672
2012-05-01,Tuesday,May,2012,11125.61,11446.59,11077.76,11397.57,11116.27,2.53,287.5,39537.4,9936.25,9250.03,84.21,27.07,2.2,Banking,Bearish,No,11116.27,2.5305250772066463
2012-05-02,Wednesday,May,2012,11384.22,11491.31,11257.93,11364.84,11397.57,-0.29,264.3,32456.9,9986.04,9259.05,82.33,26.57,0.9,IT,Bearish,No,11397.57,-0.2871664749591322
2012-05-03,Thursday,May,2012,11384.69,11676.74,11212.33,11502.59,11364.84,1.21,231.4,28363.1,10036.42,9268.85,52.29,26.12,1.5,Auto,Bearish,No,11364.84,1.2120716173742878
2012-05-04,Friday,May,2012,11384.69,11659.61,11212.33,11289.36,11502.59,-1.85,360.9,38545.8,10081.1,9277.27,68.67,25.66,0.39,FMCG,Bearish,No,11502.59,-1.8537564148596062
2012-05-07,Monday,May,2012,11312.29,11525.18,11198.52,11410.42,11289.36,1.07,163.7,19522.7,10127.58,9288.3,69.1,25.63,1.0,Energy,Bearish,No,11289.36,1.0723371386863336
2012-05-08,Tuesday,May,2012,11382.22,11434.89,11198.52,11288.27,11410.42,-1.07,259.9,29864.6,10163.89,9298.22,65.91,25.29,1.09,Auto,Bearish,No,11410.42,-1.0705127418622595
2012-05-09,Wednesday,May,2012,11298.49,11435.05,11193.04,11329.32,11288.27,0.36,214.2,22089.3,10201.11,9309.04,63.36,24.8,1.14,Auto,Neutral,No,11288.27,0.36365182618770875
2012-05-10,Thursday,May,2012,11241.64,11514.24,11196.45,11468.14,11329.32,1.23,328.3,40658.8,10248.26,9319.28,63.58,25.14,1.89,IT,Bearish,No,11329.32,1.2253162590517321
2012-05-11,Friday,May,2012,11464.71,11596.54,11460.28,11592.06,11468.14,1.08,320.4,40840.1,10300.18,9329.94,64.01,24.57,1.5,Auto,Unknown,No,11468.14,1.0805588351729232
2012-05-14,Monday,May,2012,11624.76,11720.19,11496.28,11591.44,11592.06,-0.01,293.4,35429.0,10356.2,9342.25,67.78,24.87,1.12,Unknown,Neutral,No,11592.06,-0.005348488534384582
2012-05-15,Tuesday,May,2012,11605.43,11713.17,11329.75,11435.91,11591.44,-1.34,167.1,18083.3,10405.14,9353.53,59.9,24.72,0.84,Banking,Neutral,No,11591.44,-1.3417659928360983
2012-05-16,Wednesday,May,2012,11439.69,11507.03,11140.29,11206.26,11435.91,-2.01,412.2,46694.9,10449.72,9362.31,50.92,26.78,0.42,Pharma,Bearish,No,11435.91,-2.008148017953968
2012-05-17,Thursday,May,2012,11277.86,11334.4,11038.68,11094.3,11206.26,-1.0,214.9,21979.0,10488.88,9370.43,51.41,27.58,0.48,IT,Bearish,No,11206.26,-0.9990844403039099
2012-05-18,Friday,May,2012,11037.56,11483.21,10958.68,11401.73,11094.3,2.77,457.3,50041.8,10533.09,9380.51,57.08,24.57,1.88,Energy,Bearish,No,11094.3,2.771062617740644
2012-05-21,Monday,May,2012,11351.08,11529.95,11293.27,11471.52,11401.73,0.61,383.8,45940.8,10574.84,9391.1,52.05,28.47,1.56,Banking,Bearish,No,11401.73,0.6121000935822973
2012-05-22,Tuesday,May,2012,11488.11,11622.15,11362.1,11496.05,11471.52,0.21,302.1,33347.8,10618.46,9402.0,53.65,27.7,1.29,Pharma,Bearish,No,11471.52,0.21383391215809966
2012-05-23,Wednesday,May,2012,11488.11,11885.2,11414.2,11770.0,11496.05,2.38,284.9,31166.7,10665.17,9415.22,56.91,26.47,1.54,Banking,Bearish,No,11496.05,2.3829924191352747
2012-05-24,Thursday,May,2012,11803.15,12117.61,11631.86,11944.27,11770.0,1.48,218.3,23505.9,10715.32,9431.5,67.28,27.78,1.59,Banking,Bearish,No,11770.0,1.480628717077319
2012-05-25,Friday,May,2012,11923.75,12002.18,11695.89,11773.33,11944.27,-1.43,250.3,29896.0,10763.13,9447.74,59.33,26.76,0.23,Metal,Bearish,No,11944.27,-1.4311464827904972
2012-05-28,Monday,May,2012,11743.52,11840.75,11422.09,11517.45,11773.33,-2.17,365.3,39537.4,10801.92,9460.85,55.51,29.58,0.31,FMCG,Bearish,No,11773.33,-2.173386798807128
2012-05-29,Tuesday,May,2012,11743.52,11926.34,11383.35,11823.54,11517.45,2.66,285.6,33660.9,10844.37,9476.15,60.55,29.35,2.19,FMCG,Bearish,No,11517.45,2.657619525155309
2012-05-30,Wednesday,May,2012,11834.97,12039.48,11757.95,11961.63,11823.54,1.17,166.2,18737.6,10887.95,9491.85,52.29,28.55,1.21,Metal,Bearish,No,11823.54,1.1679243272319315
2012-05-31,Thursday,May,2012,11926.35,12099.16,11925.56,12098.36,11961.63,1.14,341.4,41000.5,10935.76,9508.0,60.75,28.28,1.35,FMCG,Bearish,No,11961.63,1.1430716382299184
2012-06-01,Friday,June,2012,12138.82,12384.69,12020.16,12264.79,12098.36,1.38,251.8,31513.3,10987.89,9525.64,63.35,27.84,1.18,Pharma,Bearish,No,12098.36,1.375640995969704
2012-06-04,Monday,June,2012,12263.98,12537.14,12051.33,12323.46,12264.79,0.48,298.7,39028.9,11040.39,9543.14,68.3,27.64,1.34,IT,Bearish,No,12264.79,0.4783612275464827
2012-06-05,Tuesday,June,2012,12297.44,12888.92,12149.9,12323.46,12323.46,3.35,428.3,54032.5,11100.77,9562.32,79.34,27.73,2.16,Banking,Bearish,No,12323.46,0.0
2012-06-06,Wednesday,June,2012,12709.39,12910.61,12322.12,12520.35,12736.12,-1.69,318.0,37210.4,11157.92,9579.86,76.3,26.91,0.24,IT,Bearish,No,12323.46,1.5976844165518551
2012-06-07,Thursday,June,2012,12462.81,13031.32,12318.4,12882.05,12520.35,2.89,410.8,49617.4,11224.16,9599.14,76.76,27.67,2.09,Energy,Bearish,No,12520.35,2.8888968758860485
2012-06-08,Friday,June,2012,12462.81,12946.36,12724.63,12819.39,12882.05,-0.49,333.3,46142.8,11284.1,9616.78,74.43,27.36,0.83,FMCG,Bearish,No,12882.05,-0.4864132649694719
2012-06-11,Monday,June,2012,12798.13,12931.31,12576.68,12708.93,12819.39,-0.86,309.3,37235.1,11334.03,9634.77,71.32,27.93,0.86,Banking,Bearish,No,12819.39,-0.8616634644862129
2012-06-12,Tuesday,June,2012,12724.49,12880.74,12405.77,12560.0,12708.93,-1.17,326.7,42904.8,11383.95,9651.49,64.53,24.57,0.33,Auto,Bearish,No,12708.93,-1.1718531772541063
2012-06-13,Wednesday,June,2012,12556.26,12742.67,12536.2,12722.35,12560.0,1.29,307.1,37264.9,11433.82,9669.41,64.37,26.41,1.33,IT,Bearish,No,12560.0,1.2925955414012769
2012-06-14,Thursday,June,2012,12689.54,13111.75,12565.45,12984.77,12722.35,2.06,295.1,40008.4,11492.05,9689.42,71.64,26.4,1.73,Realty,Bearish,No,12722.35,2.06266923956659
2012-06-15,Friday,June,2012,12937.04,13762.56,12838.64,13658.67,12984.77,5.19,485.2,60683.3,11561.59,9713.26,83.28,26.16,2.94,Auto,Bearish,No,12984.77,5.189926352180282
2012-06-18,Monday,June,2012,13648.96,14139.68,12838.64,13945.7,13658.67,2.1,335.5,44049.7,11634.42,9737.39,83.18,26.86,1.41,Realty,Bearish,No,13658.67,2.101449116202388
2012-06-19,Tuesday,June,2012,13859.81,14161.06,13728.29,14027.94,13945.7,0.59,278.7,38382.0,11706.55,9761.71,82.88,25.85,1.23,Banking,Bearish,No,13945.7,0.5897158263837582
2012-06-20,Wednesday,June,2012,14014.56,14161.06,13988.76,14026.45,14027.94,-0.01,240.5,33836.9,11781.93,9787.28,82.06,25.25,1.29,Banking,Bearish,No,14027.94,-0.010621659345561656
2012-06-21,Thursday,June,2012,14073.39,14210.74,13888.14,14025.02,14026.45,-0.01,193.1,26285.8,11856.79,9811.72,80.97,24.97,1.02,FMCG,Neutral,No,14026.45,-0.010195024400331452
2012-06-22,Friday,June,2012,14016.59,14020.06,13829.2,13832.62,14025.02,-1.37,357.9,50234.9,11920.42,9835.4,75.36,25.3,0.45,Metal,Bearish,No,14025.02,-1.371834050860531
2012-06-25,Monday,June,2012,13839.23,14320.17,13657.99,14135.05,13832.62,2.19,295.3,40283.0,11989.47,9860.15,74.41,24.97,1.57,Auto,Neutral,No,13832.62,2.1863537059501272
2012-06-26,Tuesday,June,2012,14136.67,14365.85,14067.0,14295.4,14135.05,1.13,299.7,44372.3,12059.75,9885.57,81.59,23.82,1.22,Metal,Neutral,No,14135.05,1.1344140982875928
2012-06-27,Wednesday,June,2012,14235.99,14285.49,14148.34,14197.71,14295.4,-0.68,285.3,40596.9,12128.94,9911.13,75.84,24.01,0.84,Banking,Neutral,No,14295.4,-0.6833666773927314
2012-06-28,Thursday,June,2012,14272.57,14536.14,14272.57,14465.03,14197.71,1.88,249.4,37555.7,12200.24,9937.54,79.92,23.0,1.03,Pharma,Neutral,No,14197.71,1.882838852181102
2012-06-29,Friday,June,2012,14447.34,14676.81,14383.41,14612.15,14465.03,1.02,364.1,52468.4,12271.9,9964.97,84.14,22.69,1.18,Pharma,Neutral,No,14465.03,1.0170735905836281
2012-07-02,Monday,July,2012,14612.0,14949.65,14504.2,14612.15,14612.15,1.56,294.4,46979.3,12346.03,9993.42,89.78,24.57,1.65,Auto,Neutral,No,14612.15,0.0
2012-07-03,Tuesday,July,2012,14810.98,14878.49,14672.18,14739.36,14840.17,-0.68,194.6,28006.6,12419.98,10021.04,85.96,22.03,1.0,FMCG,Neutral,No,14612.15,0.870576882936467
2012-07-04,Wednesday,July,2012,14810.98,14890.2,14356.91,14455.16,14739.36,-1.93,318.3,39537.4,12486.81,10047.8,76.01,21.45,0.2,Pharma,Neutral,No,14739.36,-1.9281705582874744
2012-07-05,Thursday,July,2012,14391.9,14872.74,14365.55,14845.56,14455.16,2.7,293.0,43994.1,12560.26,10077.35,73.34,21.06,1.71,Auto,Neutral,No,14455.16,2.7007656781384615
2012-07-06,Friday,July,2012,14903.56,15007.79,14786.46,14890.6,14845.56,0.3,200.3,29880.6,12637.19,10107.38,70.53,21.18,1.12,IT,Neutral,No,14845.56,0.3033903739569331
2012-07-09,Monday,July,2012,14877.01,15512.64,14673.34,15303.13,14890.6,2.77,318.8,48963.0,12720.93,10138.35,74.23,20.73,2.11,Banking,Neutral,No,14890.6,2.7704054907122537
2012-07-10,Tuesday,July,2012,15278.64,15373.45,15021.41,15115.21,15303.13,-1.23,274.0,43868.6,12795.28,10168.92,69.32,20.05,0.48,IT,Neutral,No,15303.13,-1.2279840790740202
2012-07-11,Wednesday,July,2012,15086.74,15245.1,14772.32,14929.02,15115.21,-1.23,364.2,55334.9,12866.56,10199.1,52.29,19.67,0.55,FMCG,Bullish,No,15115.21,-1.231805578619144
2012-07-12,Thursday,July,2012,15010.02,15054.67,14608.9,14652.49,14929.02,-1.85,320.7,50611.3,12929.56,10227.71,63.28,19.86,0.48,FMCG,Bullish,No,14929.02,-1.8522984094066501
2012-07-13,Friday,July,2012,14581.95,15180.48,14431.48,15025.44,14652.49,2.55,267.3,54457.0,13004.28,10256.18,64.1,19.48,1.5,FMCG,Bullish,No,14652.49,2.5453011740666653
2012-07-16,Monday,July,2012,15001.33,15620.17,14813.06,15426.56,15025.44,2.67,321.4,44838.1,13084.6,10288.95,66.65,18.96,2.38,IT,Bullish,No,15025.44,2.6696056820964906
2012-07-17,Tuesday,July,2012,15366.82,16164.53,15156.28,15946.06,15426.56,3.37,399.9,68492.2,13177.76,10324.76,72.89,19.73,2.15,IT,Bullish,No,15426.56,3.3675686608031863
2012-07-18,Wednesday,July,2012,15859.35,16159.23,15719.74,16018.22,15946.06,0.45,240.5,41141.8,13271.54,10361.18,71.43,20.11,1.04,IT,Neutral,No,15946.06,0.45252557685095784
2012-07-19,Thursday,July,2012,16080.95,16252.79,15854.79,16026.04,16018.22,0.05,267.3,31696.9,13362.7,10398.04,70.28,20.27,1.36,Auto,Neutral,No,16018.22,0.04881940690040172
2012-07-20,Friday,July,2012,16024.74,16345.91,15978.62,16299.0,16026.04,1.7,267.3,52198.3,13456.84,10436.18,70.66,20.5,1.6,Metal,Neutral,No,16026.04,1.7032279964357953
2012-07-23,Monday,July,2012,16242.24,16347.27,15961.5,16065.38,16299.0,-1.43,236.2,38374.1,13546.31,10473.19,68.1,21.44,0.47,Metal,Neutral,No,16299.0,-1.433339468679065
2012-07-24,Tuesday,July,2012,16105.34,16182.63,15768.89,15844.93,16065.38,-1.37,365.6,52632.6,13634.49,10509.9,69.31,21.54,0.65,Realty,Neutral,No,16065.38,-1.3722053259866802
2012-07-25,Wednesday,July,2012,15825.88,15973.28,15651.17,15798.31,15844.93,-0.29,73.0,11327.9,13726.34,10545.76,64.63,22.4,0.92,Banking,Neutral,No,15844.93,-0.2942266075015844
2012-07-26,Thursday,July,2012,15767.67,15860.5,15649.66,15742.34,15798.31,-0.35,232.2,40029.0,13819.3,10581.01,63.04,22.44,0.7,Banking,Neutral,No,15798.31,-0.3542784006643707
2012-07-27,Friday,July,2012,15769.51,15938.99,15482.45,15650.65,15742.34,-0.58,330.8,48384.1,13904.27,10615.34,55.9,23.04,1.13,Pharma,Neutral,No,15742.34,-0.5824420003633545
2012-07-30,Monday,July,2012,15630.83,15910.22,15335.1,15614.19,15650.65,-0.23,304.1,44691.7,13987.13,10647.68,58.93,22.36,0.47,Pharma,Neutral,No,15650.65,-0.2329615702862126
2012-07-31,Tuesday,July,2012,15569.09,15732.35,15150.77,15311.33,15614.19,-1.94,328.4,52055.9,14063.43,10678.93,56.57,22.18,0.23,Banking,Neutral,No,15614.19,-1.939645924636504
2012-08-01,Wednesday,August,2012,15343.27,15776.61,15133.89,15564.21,15311.33,1.65,267.3,35729.5,14139.32,10711.17,65.79,22.03,2.11,Auto,Neutral,No,15311.33,1.6515874192509679
2012-08-02,Thursday,August,2012,15557.61,15608.36,15354.85,15405.1,15564.21,-1.02,263.6,43212.3,14208.53,10742.17,57.1,21.86,0.69,FMCG,Neutral,No,15564.21,-1.0222812465264783
2012-08-03,Friday,August,2012,15439.6,15735.57,15321.33,15615.95,15405.1,1.37,443.0,65014.5,14285.39,10774.11,53.81,20.87,0.98,Realty,Neutral,No,15405.1,1.3687025725246857
2012-08-06,Monday,August,2012,15597.08,15907.65,15458.77,15767.83,15615.95,0.97,310.7,49299.8,14370.39,10806.96,45.79,20.65,1.66,Metal,Neutral,No,15615.95,0.9725953272135169
2012-08-07,Tuesday,August,2012,15816.03,15971.39,15685.39,15840.54,15767.83,0.46,140.9,21197.8,14450.73,10839.66,45.8,21.42,1.07,Banking,Neutral,No,15767.83,0.4611287666089814
2012-08-08,Wednesday,August,2012,15841.21,16084.74,15186.32,15423.43,15840.54,-2.63,360.2,57320.5,14519.97,10869.46,38.07,25.04,0.2,Banking,Bearish,No,15840.54,-2.633180434505393
2012-08-09,Thursday,August,2012,15472.45,15589.47,15394.71,15511.53,15423.43,0.57,212.5,33537.0,14588.23,10900.31,33.18,25.53,1.51,FMCG,Bearish,No,15423.43,0.5712088685850057
2012-08-10,Friday,August,2012,15559.3,15816.05,15414.72,15670.43,15511.53,1.02,194.5,39537.4,14656.35,10932.72,41.28,24.79,1.67,Banking,Neutral,No,15511.53,1.0243992694466608
2012-08-13,Monday,August,2012,15728.55,16024.88,15701.59,15997.46,15670.43,2.09,351.2,55571.8,14729.83,10966.58,53.21,23.96,2.12,Banking,Neutral,No,15670.43,2.0869242260741974
2012-08-14,Tuesday,August,2012,16000.74,16155.93,15569.74,15722.23,15997.46,-1.72,249.3,39537.4,14789.55,10997.99,48.54,24.99,0.2,Realty,Neutral,No,15997.46,-1.7204606231239181
2012-08-15,Wednesday,August,2012,15740.28,16133.89,15582.5,15973.77,15722.23,1.6,391.6,63501.9,14858.62,11030.54,54.14,24.34,1.49,Energy,Neutral,No,15722.23,1.5999002686005797
2012-08-16,Thursday,August,2012,15962.71,16087.08,15659.75,15782.71,15973.77,-1.2,361.0,61698.4,14916.63,11061.7,52.28,25.07,0.51,Pharma,Bearish,No,15973.77,-1.1960858332128315
2012-08-17,Friday,August,2012,15740.21,15891.02,15369.46,15518.14,15782.71,-1.68,261.5,38890.4,14970.61,11090.59,48.46,25.46,0.2,Energy,Bearish,No,15782.71,-1.676328083073184
2012-08-20,Monday,August,2012,15611.4,15701.04,15196.07,15283.83,15518.14,-1.51,249.1,38450.9,15022.1,11118.26,49.55,25.41,0.67,IT,Bearish,No,15518.14,-1.5099103371924696
2012-08-21,Tuesday,August,2012,15249.34,15323.53,15201.85,15275.96,15283.83,-0.05,263.0,39292.1,15076.42,11146.0,44.87,26.15,1.31,Pharma,Bearish,No,15283.83,-0.05149232882072622
2012-08-22,Wednesday,August,2012,15317.43,15695.82,15255.46,15632.57,15275.96,2.33,395.1,56401.9,15134.63,11176.22,53.78,26.39,1.64,Auto,Bearish,No,15275.96,2.3344523028339994
2012-08-23,Thursday,August,2012,15666.61,15738.52,15594.14,15666.04,15632.57,0.21,215.6,34277.7,15188.25,11206.63,50.88,25.12,1.12,Metal,Bearish,No,15632.57,0.21410427076290825
2012-08-24,Friday,August,2012,15674.55,15847.42,15630.18,15666.04,15666.04,0.87,321.9,53862.3,15231.13,11237.6,50.62,25.26,1.33,IT,Bearish,No,15666.04,0.0
2012-08-27,Monday,August,2012,15795.34,15847.42,15753.12,15995.36,15802.69,1.22,380.1,61481.8,15272.13,11270.13,52.64,24.82,1.73,Energy,Neutral,No,15666.04,2.1021266382570176
2012-08-28,Tuesday,August,2012,15988.4,16063.22,15800.71,15875.0,15995.36,-0.75,277.7,42139.3,15309.07,11302.45,58.56,23.71,0.75,Metal,Neutral,No,15995.36,-0.7524682157825806
2012-08-29,Wednesday,August,2012,15843.71,16231.39,15739.53,16125.36,15875.0,1.58,235.9,36242.9,15351.05,11336.41,52.29,23.78,1.54,Auto,Neutral,No,15875.0,1.577070866141736
2012-08-30,Thursday,August,2012,16129.93,16283.94,15992.38,16146.25,16125.36,0.13,273.6,41859.9,15393.47,11371.34,58.94,22.76,1.32,FMCG,Neutral,No,16125.36,0.12954749537374308
2012-08-31,Friday,August,2012,16089.03,16138.98,15906.94,15956.47,16146.25,-1.18,288.1,50380.4,15435.95,11405.18,49.19,22.77,0.64,Realty,Neutral,No,16146.25,-1.1753812804830883
2012-09-03,Monday,September,2012,15992.24,16567.49,15924.04,16497.14,15956.47,3.39,364.6,58936.2,15483.19,11441.15,63.88,21.93,1.96,Banking,Neutral,No,15956.47,3.388406082297651
2012-09-04,Tuesday,September,2012,16485.83,16579.46,16394.45,16488.07,16497.14,-0.05,267.9,42553.7,15527.04,11477.6,60.09,21.7,0.66,Banking,Neutral,No,16497.14,-0.05497922670232361
2012-09-05,Wednesday,September,2012,16440.48,16600.73,16114.78,16273.41,16488.07,-1.3,358.4,57372.8,15568.56,11512.61,59.54,22.25,0.38,Banking,Neutral,No,16488.07,-1.3019110180876223
2012-09-06,Thursday,September,2012,16211.09,16332.56,16158.9,16280.15,16273.41,0.04,233.2,35048.0,15604.86,11548.42,66.46,22.05,1.09,Pharma,Neutral,No,16273.41,0.041417256739673995
2012-09-07,Friday,September,2012,16273.71,16370.23,16036.65,16132.33,16280.15,-0.91,129.1,19560.6,15635.26,11584.04,69.04,21.83,0.31,Unknown,Neutral,No,16280.15,-0.9079768921048007
2012-09-10,Monday,September,2012,16127.63,16608.47,15935.88,16413.32,16132.33,1.74,312.8,51432.3,15666.73,11621.08,72.74,21.85,1.66,Pharma,Neutral,No,16132.33,1.7417818752777794
2012-09-11,Tuesday,September,2012,16387.81,16466.82,16263.15,16341.94,16413.32,-0.43,255.5,44249.2,15698.78,11659.13,66.01,22.31,0.4,FMCG,Neutral,No,16413.32,-0.43489068634498806
2012-09-12,Wednesday,September,2012,16366.57,16747.1,16317.29,16696.83,16341.94,2.17,481.4,86429.9,15743.61,11698.05,70.32,20.67,1.42,Realty,Neutral,No,16341.94,2.1716515909371914
2012-09-13,Thursday,September,2012,16714.28,16842.16,16543.86,16671.42,16696.83,-0.15,235.4,42117.1,15780.13,11735.73,67.91,21.25,1.15,FMCG,Neutral,No,16696.83,-0.15218457635373595
2012-09-14,Friday,September,2012,16674.26,16756.61,16596.31,16678.63,16671.42,0.04,211.9,38485.7,15815.89,11775.01,65.25,20.88,0.88,Realty,Neutral,No,16671.42,0.043247665765740205
2012-09-17,Monday,September,2012,16632.3,16756.61,16505.49,16555.95,16678.63,-0.74,267.3,45705.4,15840.94,11813.53,65.18,20.88,0.82,Metal,Neutral,No,16678.63,-0.7355520207595005
2012-09-18,Tuesday,September,2012,16519.2,16801.77,16373.89,16655.27,16555.95,0.6,231.8,35062.6,15871.75,11853.16,62.67,20.57,1.18,Unknown,Neutral,No,16555.95,0.5999051700446045
2012-09-19,Wednesday,September,2012,16585.49,16876.27,16395.07,16684.71,16655.27,0.18,187.7,28847.7,15906.86,11892.24,62.82,20.16,1.53,Banking,Neutral,No,16655.27,0.1767608690822706
2012-09-20,Thursday,September,2012,16675.13,16807.04,16285.39,16415.24,16684.71,-1.62,206.4,34563.7,15942.11,11929.54,60.52,21.22,0.5,Banking,Neutral,No,16684.71,-1.61507152356857
2012-09-21,Friday,September,2012,16442.85,16719.71,16242.69,16518.63,16415.24,0.63,215.6,36013.9,15971.98,11967.18,50.62,21.19,0.9,Auto,Neutral,No,16415.24,0.6298415374980775
2012-09-24,Monday,September,2012,16458.61,16719.71,16284.54,16598.59,16518.63,0.48,129.6,22248.4,15995.42,12006.39,53.05,20.7,1.34,Energy,Neutral,No,16518.63,0.4840595134100051
2012-09-25,Tuesday,September,2012,16570.65,16722.65,16494.75,16646.4,16598.59,0.29,251.4,40770.1,16009.43,12045.98,61.33,20.1,0.78,Unknown,Neutral,No,16598.59,0.28803651394486707
2012-09-26,Wednesday,September,2012,16643.76,17084.16,16374.16,16811.84,16646.4,0.99,282.2,39537.4,16025.3,12087.26,64.73,20.51,1.63,IT,Neutral,No,16646.4,0.9938485198000689
2012-09-27,Thursday,September,2012,16840.05,17084.1,16683.7,16926.94,16811.84,0.68,295.8,50526.3,16043.32,12129.64,72.42,20.42,1.46,Auto,Neutral,No,16811.84,0.6846365418657241
2012-09-28,Friday,September,2012,16851.94,17015.59,16642.24,16805.44,16926.94,-0.72,194.3,29904.0,16053.44,12172.49,62.15,19.97,0.85,FMCG,Bullish,No,16926.94,-0.7177906934153486
2012-10-01,Monday,October,2012,16917.36,17256.94,16849.25,17187.74,16805.44,2.27,244.9,44617.3,16075.89,12216.94,71.98,20.73,1.98,Auto,Neutral,No,16805.44,2.274858617209683
2012-10-02,Tuesday,October,2012,17226.55,17300.84,17195.26,17269.47,17187.74,0.48,367.1,68757.7,16104.38,12262.12,67.34,20.15,1.51,Pharma,Neutral,No,17187.74,0.47551336010435086
2012-10-03,Wednesday,October,2012,17238.43,17545.53,17175.23,17481.44,17269.47,1.23,275.9,47144.6,16138.05,12308.62,72.04,20.25,1.4,IT,Neutral,No,17269.47,1.227426203583535
2012-10-04,Thursday,October,2012,17425.31,17761.46,17221.78,17556.39,17481.44,0.43,283.3,52120.4,16174.33,12356.08,73.04,19.45,1.19,Energy,Bullish,No,17481.44,0.42874042412982416
2012-10-05,Friday,October,2012,17571.33,17832.12,17276.73,17537.01,17556.39,-0.11,233.5,39537.4,16212.05,12401.93,77.23,18.92,1.04,Pharma,Bullish,No,17556.39,-0.1103871581800189
2012-10-08,Monday,October,2012,17561.84,17722.62,17271.32,17430.9,17537.01,-0.61,295.1,39537.4,16248.39,12447.41,71.44,18.11,0.58,Pharma,Bullish,No,17537.01,-0.6050632348387607
2012-10-09,Tuesday,October,2012,17379.12,17524.58,17185.95,17331.01,17430.9,-0.57,262.5,41561.4,16288.78,12492.89,67.2,18.72,0.64,Banking,Bullish,No,17430.9,-0.5730627793172071
2012-10-10,Wednesday,October,2012,17273.08,17912.85,17068.07,17702.74,17331.01,2.14,276.9,46527.7,16331.55,12539.54,82.49,18.62,1.73,FMCG,Bullish,No,17331.01,2.144883650750898
2012-10-11,Thursday,October,2012,17655.29,17894.07,17190.86,17426.55,17702.74,-1.56,331.8,59034.5,16371.98,12584.31,71.07,17.89,0.48,Auto,Bullish,No,17702.74,-1.5601539648664686
2012-10-12,Friday,October,2012,17429.92,18239.27,17391.72,18199.38,17426.55,4.43,450.6,74465.6,16423.65,12632.31,78.11,18.4,2.55,IT,Bullish,No,17426.55,4.434784854144979
2012-10-15,Monday,October,2012,18203.59,18467.76,17656.69,17916.69,18199.38,-1.55,198.0,39537.4,16466.63,12679.01,70.61,16.96,0.34,Energy,Bullish,No,18199.38,-1.5532946726756753
2012-10-16,Tuesday,October,2012,18033.02,18273.06,17916.2,18155.45,17916.69,1.33,303.4,60264.9,16512.92,12726.15,71.29,17.23,1.0,Banking,Unknown,No,17916.69,1.332612217993402
2012-10-17,Wednesday,October,2012,18037.53,18678.02,17815.02,18450.42,18155.45,1.62,276.7,46799.7,16573.46,12775.34,72.84,17.29,1.98,Banking,Bullish,No,18155.45,1.6246912084250047
2012-10-18,Thursday,October,2012,18413.24,18725.87,18344.57,18656.29,18450.42,1.12,235.2,41656.6,16636.36,12825.47,77.06,17.23,0.96,FMCG,Bullish,No,18450.42,1.1158011579140348
2012-10-19,Friday,October,2012,18626.67,18852.69,17516.06,17731.21,18656.29,-4.96,539.4,99001.7,16677.58,12870.54,56.86,21.29,0.2,Banking,Neutral,No,18656.29,-4.958542132438988
2012-10-22,Monday,October,2012,17757.09,17797.31,17605.88,17645.85,17731.21,-0.48,239.9,44923.8,16710.54,12915.45,54.75,20.16,0.75,Banking,Neutral,No,17731.21,-0.4814110260946691
2012-10-23,Tuesday,October,2012,17673.73,17894.39,17311.59,17530.46,17645.85,-0.65,250.4,42544.2,16746.71,12958.23,50.63,20.28,0.84,FMCG,Neutral,No,17645.85,-0.6539214602866931
2012-10-24,Wednesday,October,2012,17519.96,18181.54,17311.59,17991.31,17530.46,2.63,353.4,63775.1,16787.06,13003.97,55.11,21.53,2.08,Pharma,Neutral,No,17530.46,2.6288528652414267
2012-10-25,Thursday,October,2012,18072.86,18103.8,17311.59,17528.31,17991.31,-2.57,350.1,66174.8,16821.97,13047.18,49.91,24.51,0.2,FMCG,Neutral,No,17991.31,-2.573464633759298
2012-10-26,Friday,October,2012,17469.62,17698.5,17066.78,17293.35,17528.31,-1.34,282.1,47656.6,16857.47,13090.15,48.58,23.99,0.2,Banking,Neutral,No,17528.31,-1.3404600899915777
2012-10-29,Monday,October,2012,17257.25,17475.83,17186.56,17404.54,17293.35,0.64,339.3,54111.3,16899.89,13133.36,50.76,23.57,1.51,IT,Neutral,No,17293.35,0.642963913874422
2012-10-30,Tuesday,October,2012,17335.85,17684.96,17117.91,17465.39,17404.54,0.35,196.4,37697.2,16943.68,13176.31,47.38,24.15,1.32,Auto,Neutral,No,17404.54,0.3496214206178304
2012-10-31,Wednesday,October,2012,17457.71,17648.11,17307.96,17498.01,17465.39,0.19,125.1,20490.3,16980.99,13219.13,50.83,23.48,1.08,Pharma,Neutral,No,17465.39,0.1867693764639609
2012-11-01,Thursday,November,2012,17480.6,17667.97,17427.9,17614.86,17498.01,0.67,255.8,40992.5,17019.96,13262.76,41.95,22.67,1.47,Energy,Neutral,No,17498.01,0.667790223002514
2012-11-02,Friday,November,2012,17656.41,17726.1,17466.96,17536.18,17614.86,-0.45,186.1,32051.7,17054.63,13305.89,44.44,22.86,0.95,FMCG,Neutral,No,17614.86,-0.4466683243579585
2012-11-05,Monday,November,2012,17633.69,18244.21,17466.96,17823.38,17536.18,1.64,234.8,38681.0,17091.19,13349.39,45.22,22.34,1.53,Unknown,Neutral,No,17536.18,1.6377569117105362
2012-11-06,Tuesday,November,2012,17903.08,18211.54,17361.38,17665.75,17823.38,-0.88,263.7,51044.9,17127.01,13391.95,38.24,22.05,0.65,Metal,Bearish,No,17823.38,-0.8844001530573943
2012-11-07,Wednesday,November,2012,17600.94,17726.91,17383.8,17509.12,17665.75,-0.89,281.2,48061.8,17154.68,13432.77,32.55,22.11,0.2,Banking,Bearish,No,17665.75,-0.8866309100943974
2012-11-08,Thursday,November,2012,17511.92,18030.56,17342.08,17857.37,17509.12,1.99,307.1,58413.5,17188.91,13474.22,52.33,21.86,1.74,Banking,Neutral,No,17509.12,1.9889634658966302
2012-11-09,Friday,November,2012,17898.86,18128.18,17481.64,17708.52,17857.37,-0.83,234.6,38857.2,17223.95,13515.51,51.13,21.43,0.42,FMCG,Neutral,No,17857.37,-0.8335493972516589
2012-11-12,Monday,November,2012,17744.03,17794.29,17509.6,17559.34,17708.52,-0.84,250.4,39537.4,17245.19,13556.88,50.51,20.65,0.85,Auto,Neutral,No,17708.52,-0.8424193552030338
2012-11-13,Tuesday,November,2012,17681.26,17871.51,17426.54,17616.08,17559.34,0.32,233.0,42271.0,17267.75,13599.58,42.19,20.87,1.02,Banking,Neutral,No,17559.34,0.3231328740146361
2012-11-14,Wednesday,November,2012,17604.46,17852.57,17394.11,17641.77,17616.08,0.15,227.1,43344.2,17295.12,13641.03,52.89,20.46,0.53,FMCG,Neutral,No,17616.08,0.14583267105961537
2012-11-15,Thursday,November,2012,17645.9,17877.98,17479.19,17710.66,17641.77,0.39,267.3,21559.4,17323.73,13682.7,61.6,20.35,1.11,Banking,Neutral,No,17641.77,0.3904936976278424
2012-11-16,Friday,November,2012,17829.72,18071.56,17531.51,17772.57,17710.66,0.35,289.9,52442.4,17356.53,13726.07,60.52,19.72,0.98,Pharma,Bullish,No,17710.66,0.3495634832355195
2012-11-19,Monday,November,2012,17794.96,17948.18,17531.51,17526.0,17772.57,-1.39,202.9,32608.3,17378.79,13768.08,51.57,19.38,0.95,IT,Neutral,No,17772.57,-1.387362660549373
2012-11-20,Tuesday,November,2012,17494.61,17832.07,17277.31,17613.29,17526.0,0.5,204.5,38267.9,17404.21,13809.73,52.9,19.04,0.57,Metal,Neutral,No,17526.0,0.4980600251055624
2012-11-21,Wednesday,November,2012,17561.78,18206.81,17404.69,18045.39,17613.29,2.45,267.3,48123.2,17431.19,13854.69,59.34,18.88,1.57,Banking,Neutral,No,17613.29,2.4532611454191606
2012-11-22,Thursday,November,2012,18056.71,18446.6,18023.03,18412.26,18045.39,2.03,329.7,62268.9,17466.0,13902.02,66.89,18.9,1.32,Energy,Bullish,No,18045.39,2.0330400174227266
2012-11-23,Friday,November,2012,18471.18,18688.32,18188.1,18404.46,18412.26,-0.04,179.5,34280.4,17500.52,13949.1,62.55,18.9,1.22,IT,Bullish,No,18412.26,-0.042363077644999976
2012-11-26,Monday,November,2012,18462.64,18811.53,18188.1,18566.31,18404.46,0.88,252.6,42728.6,17540.73,13996.96,69.42,17.96,1.36,Metal,Bullish,No,18404.46,0.8794064047519037
2012-11-27,Tuesday,November,2012,18517.73,18654.67,18323.29,18459.8,18566.31,-0.57,204.3,34492.5,17576.82,14045.02,70.95,17.39,1.03,Energy,Bullish,No,18566.31,-0.573673497857151
2012-11-28,Wednesday,November,2012,18465.52,18654.67,18416.7,18713.52,18459.8,1.37,224.5,39320.3,17617.39,14094.21,69.69,17.99,1.12,IT,Bullish,No,18459.8,1.3744460936738274
2012-11-29,Thursday,November,2012,18688.21,18902.61,18451.0,18665.13,18713.52,-0.26,82.4,14684.4,17662.39,14142.62,73.07,16.96,0.62,Banking,Bullish,No,18713.52,-0.2585830992779521
2012-11-30,Friday,November,2012,18656.85,18829.72,18391.74,18563.75,18665.13,-0.54,211.8,39537.4,17703.29,14190.16,74.79,16.25,0.84,Pharma,Bullish,No,18665.13,-0.5431518558938567
2012-12-03,Monday,December,2012,18614.18,18785.21,18142.42,18310.66,18563.75,-1.36,216.5,39130.6,17737.53,14236.28,65.63,16.3,1.07,Banking,Bullish,No,18563.75,-1.3633560029627643
2012-12-04,Tuesday,December,2012,18307.92,19148.25,18147.61,18982.04,18310.66,3.67,428.0,74390.3,17784.25,14283.83,73.37,24.57,2.39,Realty,Bullish,No,18310.66,3.6666073205444314
2012-12-05,Wednesday,December,2012,19019.2,19580.2,18790.38,19347.43,18982.04,1.92,439.3,90987.8,17834.96,14333.23,75.86,15.5,1.38,Banking,Bullish,No,18982.04,1.924924823675429
2012-12-06,Thursday,December,2012,19387.04,19564.47,19099.57,19347.43,19347.43,-0.37,348.3,73769.2,17881.94,14384.05,73.68,15.86,0.94,IT,Bullish,No,19347.43,0.0
2012-12-07,Friday,December,2012,19240.65,19358.02,19012.39,19129.08,19275.98,-0.76,253.5,48056.0,17928.41,14434.72,76.07,15.55,0.93,Banking,Unknown,No,19347.43,-1.1285736658563879
2012-12-10,Monday,December,2012,19199.61,19229.16,19165.63,19195.17,19129.08,0.35,189.7,36498.9,17968.56,14486.74,75.91,24.57,0.71,IT,Bullish,No,19129.08,0.3454949218676303
2012-12-11,Tuesday,December,2012,19199.61,19299.86,19014.36,19181.82,19195.17,-0.07,106.5,18706.5,18006.81,14537.71,71.57,15.75,0.9,Auto,Bullish,No,19195.17,-0.06954874585637191
2012-12-12,Wednesday,December,2012,19109.12,19448.46,18886.72,19224.72,19181.82,0.22,267.3,38676.4,18041.67,14588.94,67.58,15.15,1.02,Pharma,Bullish,No,19181.82,0.2236492679005509
2012-12-13,Thursday,December,2012,19197.18,19325.05,18878.9,19005.49,19224.72,-1.14,222.9,41277.1,18070.66,14638.29,61.92,15.49,1.16,Pharma,Bullish,No,19224.72,-1.1403547099775682
2012-12-14,Friday,December,2012,18949.89,19664.2,18729.48,19438.11,19005.49,2.28,287.0,60984.4,18108.68,14689.52,65.61,15.99,1.79,Energy,Bullish,No,19005.49,2.276289640519655
2012-12-17,Monday,December,2012,19473.41,19519.04,19127.05,19171.97,19438.11,-1.37,191.5,37892.3,18143.5,14738.46,62.06,15.92,1.04,Banking,Bullish,No,19438.11,-1.3691660351752275
2012-12-18,Tuesday,December,2012,19319.41,19395.79,18877.44,18952.37,19171.97,-1.15,320.1,64090.4,18175.93,14786.65,54.09,15.86,0.39,Energy,Neutral,No,19171.97,-1.1454221970929548
2012-12-19,Wednesday,December,2012,19016.51,19193.41,18945.75,19122.25,18952.37,0.9,295.0,52217.4,18204.32,14835.09,57.52,15.91,1.46,IT,Neutral,No,18952.37,0.8963522767864971
2012-12-20,Thursday,December,2012,19075.38,19238.31,18579.46,18739.52,19122.25,-2.0,267.2,49240.1,18230.58,14881.6,52.65,18.26,0.2,Banking,Neutral,No,19122.25,-2.001490410385805
2012-12-21,Friday,December,2012,18683.41,18966.8,18222.85,18503.51,18739.52,-1.26,335.1,58180.2,18236.66,14927.21,52.92,17.97,0.76,IT,Neutral,No,18739.52,-1.259423934017531
2012-12-24,Monday,December,2012,18557.77,18872.83,18222.85,18117.32,18503.51,-2.09,330.2,64132.9,18240.67,14969.9,35.68,20.41,0.2,Metal,Bearish,No,18503.51,-2.087117525269523
2012-12-25,Tuesday,December,2012,18052.98,18273.77,17789.46,18009.72,18117.32,-0.59,281.7,47206.1,18237.76,15011.45,52.29,20.26,0.71,Auto,Bearish,No,18117.32,-0.5939068250712497
2012-12-26,Wednesday,December,2012,17956.51,18306.1,17953.49,18303.02,18009.72,1.63,267.3,62662.7,18234.81,15054.05,33.69,19.87,1.76,Auto,Bearish,No,18009.72,1.628565019334
2012-12-27,Thursday,December,2012,18323.29,18306.1,17486.67,17574.4,18303.02,-3.98,449.2,71896.9,18213.17,15093.38,28.19,23.5,0.2,Auto,Bearish,No,18303.02,-3.9808731018159786
2012-12-28,Friday,December,2012,17545.83,17758.1,17472.92,17684.61,17574.4,0.63,201.9,36664.2,18212.24,15133.51,29.07,23.63,1.3,FMCG,Bearish,No,17574.4,0.62710533503277
2012-12-31,Monday,December,2012,17690.94,17844.16,17436.53,17588.86,17684.61,-0.54,310.2,54363.4,18211.1,15172.96,28.42,23.59,1.36,FMCG,Bearish,No,17684.61,-0.5414312218363877
2013-01-01,Tuesday,January,2013,17571.42,17844.41,17316.64,17589.37,17588.86,0.0,266.5,46856.6,18212.28,15212.33,27.59,23.13,1.02,Banking,Bearish,No,17588.86,0.002899562564022906
2013-01-02,Wednesday,January,2013,17587.9,17785.98,17193.06,17388.89,17589.37,-1.14,324.9,51995.1,18200.23,15250.96,27.73,24.57,0.72,IT,Bearish,No,17589.37,-1.1397793098900049
2013-01-03,Thursday,January,2013,17434.51,17450.87,17350.73,17367.02,17388.89,-0.13,146.5,25513.8,18197.0,15289.94,17.83,22.46,1.04,FMCG,Bearish,No,17388.89,-0.12576996001469318
2013-01-04,Friday,January,2013,17399.4,17642.38,17163.55,17406.44,17367.02,0.23,143.3,25261.6,18199.26,15327.86,20.5,21.97,1.29,Auto,Bearish,No,17367.02,0.22698194624062307
2013-01-07,Monday,January,2013,17454.33,17678.04,16759.96,16977.56,17406.44,-2.46,437.1,81078.3,18190.72,15361.69,19.16,25.01,0.2,Banking,Bearish,No,17406.44,-2.4639156542061293
2013-01-08,Tuesday,January,2013,17010.12,17467.77,16769.04,17223.67,16977.56,1.45,253.2,39539.1,18185.89,15397.48,21.04,24.0,1.18,IT,Bearish,No,16977.56,1.4496193799344366
2013-01-09,Wednesday,January,2013,17260.28,17474.94,16790.59,17002.03,17223.67,-1.29,300.3,55373.6,18175.97,15431.35,22.13,22.77,0.68,IT,Bearish,No,17223.67,-1.2868337584266272
2013-01-10,Thursday,January,2013,17260.28,17150.31,16901.69,17049.79,17002.03,0.28,306.4,52027.0,18164.67,15466.23,25.18,21.91,0.63,FMCG,Bearish,No,17002.03,0.2809076327944489
2013-01-11,Friday,January,2013,16975.39,16985.24,16806.85,16816.61,17049.79,-1.37,387.3,61354.6,18150.28,15499.41,26.57,21.62,0.8,Pharma,Bearish,No,17049.79,-1.367641478282139
2013-01-14,Monday,January,2013,16811.19,17112.03,16597.96,16897.7,16816.61,0.48,278.4,48600.8,18131.76,15532.38,29.77,22.56,1.51,Auto,Bearish,No,16816.61,0.48220182307849285
2013-01-15,Tuesday,January,2013,16913.72,17157.14,16725.87,16968.68,16897.7,0.42,209.6,35687.7,18117.82,15565.11,23.59,22.28,0.99,Auto,Bearish,No,16897.7,0.42005716754350925
2013-01-16,Wednesday,January,2013,16972.46,17109.17,16725.87,17107.25,16968.68,0.82,243.3,39347.3,18109.79,15599.36,37.94,21.39,1.12,Unknown,Bearish,No,16968.68,0.816622153284756
2013-01-17,Thursday,January,2013,17128.8,17670.06,17057.84,17597.16,17107.25,2.86,381.4,68818.0,18104.58,15635.94,48.11,21.49,1.37,Energy,Neutral,No,17107.25,2.863756594426339
2013-01-18,Friday,January,2013,17705.96,17798.82,17630.62,17723.4,17597.16,0.72,266.1,46909.8,18104.88,15671.3,52.87,21.52,1.22,Energy,Neutral,No,17597.16,0.7173884876877951
2013-01-21,Monday,January,2013,17696.73,17889.8,17490.35,17683.27,17723.4,-0.23,188.4,34574.7,18107.36,15706.3,51.97,22.11,1.04,Banking,Neutral,No,17723.4,-0.22642382387127197
2013-01-22,Tuesday,January,2013,17661.79,17891.29,17521.59,17750.39,17683.27,0.38,79.7,14682.0,18110.04,15741.15,58.02,21.95,1.23,Pharma,Neutral,No,17683.27,0.3795678061806384
2013-01-23,Wednesday,January,2013,17814.75,18038.23,17691.02,17913.81,17750.39,0.92,221.5,39463.4,18115.48,15777.02,61.42,20.78,1.39,Metal,Neutral,No,17750.39,0.9206558278437933
2013-01-24,Thursday,January,2013,17920.5,18115.75,17807.21,18001.94,17913.81,0.49,231.7,40799.5,18121.31,15812.53,62.19,20.16,1.08,FMCG,Neutral,No,17913.81,0.49196681219683236
2013-01-25,Friday,January,2013,18026.49,18115.75,17963.45,18329.16,18001.94,1.82,308.7,39537.4,18132.44,15849.03,78.86,19.79,1.88,Metal,Bullish,No,18001.94,1.8176929819786156
2013-01-28,Monday,January,2013,18296.62,18830.18,18079.59,18609.44,18329.16,1.53,397.7,73918.7,18154.11,15886.41,79.17,19.28,1.22,Banking,Bullish,No,18329.16,1.529148089710597
2013-01-29,Tuesday,January,2013,18568.55,18804.97,18473.99,18709.69,18609.44,0.54,310.8,55162.2,18176.04,15924.75,87.88,18.52,0.9,FMCG,Bullish,No,18609.44,0.5387050873105264
2013-01-30,Wednesday,January,2013,18641.94,18877.75,18081.77,18313.43,18709.69,-2.12,300.5,50114.7,18181.4,15960.75,74.27,19.89,0.2,IT,Bullish,No,18709.69,-2.1179399551782976
2013-01-31,Thursday,January,2013,18322.9,18670.76,18278.41,18625.54,18313.43,1.7,334.0,60098.9,18185.67,15998.01,83.73,19.53,1.37,IT,Bullish,No,18313.43,1.7042683975639767
2013-02-01,Friday,February,2013,18570.86,18682.88,18366.34,18477.8,18625.54,-0.79,100.1,16970.2,18187.13,16035.18,78.75,20.09,0.39,Metal,Neutral,No,18625.54,-0.7932119015072937
2013-02-04,Monday,February,2013,18416.75,18708.83,18096.96,18388.59,18477.8,-0.48,317.8,59370.9,18183.58,16071.54,75.66,19.7,0.2,IT,Bullish,No,18477.8,-0.4827955709012931
2013-02-05,Tuesday,February,2013,18416.75,18707.71,18260.37,18541.97,18388.59,0.83,231.6,42974.7,18185.22,16107.27,75.79,18.48,1.06,Banking,Bullish,No,18388.59,0.83410419178415
2013-02-06,Wednesday,February,2013,18506.66,18618.4,18392.3,18504.02,18541.97,-0.2,241.5,47300.8,18181.03,16142.96,69.47,18.45,1.18,Auto,Bullish,No,18541.97,-0.20467080898092663
2013-02-07,Thursday,February,2013,18437.39,18604.62,18336.21,18503.08,18504.02,-0.01,222.0,39167.9,18177.79,16177.96,67.69,17.36,1.08,Realty,Bullish,No,18504.02,-0.005079977215754687
2013-02-08,Friday,February,2013,18430.73,18514.08,18336.21,18503.08,18503.08,-2.3,399.1,70295.8,18168.08,16211.91,57.62,19.84,0.42,Banking,Neutral,No,18503.08,0.0
2013-02-11,Monday,February,2013,18127.54,18305.46,17852.38,18029.33,18078.09,-0.27,212.6,39778.9,18162.45,16245.0,55.43,20.27,1.07,IT,Neutral,No,18503.08,-2.5603845413844613
2013-02-12,Tuesday,February,2013,18023.57,18568.56,17814.6,18355.74,18029.33,1.81,358.3,72252.7,18149.92,16280.34,58.08,20.02,1.51,FMCG,Neutral,No,18029.33,1.810438879314982
2013-02-13,Wednesday,February,2013,18333.75,18498.85,18043.83,18207.79,18355.74,-0.81,282.5,39537.4,18127.13,16314.73,53.68,19.88,0.66,Energy,Neutral,No,18355.74,-0.8060149032400803
2013-02-14,Thursday,February,2013,18217.16,18506.76,18075.74,18364.2,18207.79,0.86,269.9,49771.4,18108.9,16349.21,50.67,19.33,1.07,IT,Neutral,No,18207.79,0.859027921565439
2013-02-15,Friday,February,2013,18368.4,18559.55,18069.36,18259.37,18364.2,-0.57,242.2,45798.1,18091.5,16382.55,42.85,18.64,0.88,IT,Neutral,No,18364.2,-0.5708389148451974
2013-02-18,Monday,February,2013,18230.37,18371.99,18186.95,18328.34,18259.37,0.38,208.3,38421.7,18074.16,16416.23,42.11,17.88,1.98,IT,Neutral,No,18259.37,0.37772387546777997
2013-02-19,Tuesday,February,2013,18309.99,18606.33,18135.82,18431.01,18328.34,0.56,237.9,43275.7,18059.15,16451.21,52.77,17.57,0.8,IT,Neutral,No,18328.34,0.560170751961161
2013-02-20,Wednesday,February,2013,18471.41,18985.94,18291.52,18802.83,18431.01,2.02,295.9,56775.9,18050.71,16489.19,54.06,17.02,1.97,Banking,Neutral,No,18431.01,2.0173609585150425
2013-02-21,Thursday,February,2013,18849.35,19020.3,18557.78,18727.63,18802.83,-0.4,265.2,48538.3,18045.15,16527.36,55.92,16.43,0.71,Metal,Neutral,No,18802.83,-0.3999397962966251
2013-02-22,Friday,February,2013,18680.54,18955.41,18572.58,18846.49,18727.63,0.63,183.5,33062.9,18033.32,16564.58,60.7,16.22,1.65,Energy,Bullish,No,18727.63,0.6346772122260028
2013-02-25,Monday,February,2013,18918.84,19011.54,18588.21,18679.74,18846.49,-0.88,269.0,52315.5,18023.48,16600.62,53.2,15.34,0.82,Realty,Neutral,No,18846.49,-0.8847801367787848
2013-02-26,Tuesday,February,2013,18792.33,18846.91,18739.77,18794.35,18679.74,0.61,341.5,68957.6,18020.32,16637.11,56.51,15.94,1.03,IT,Neutral,No,18679.74,0.6135524370253383
2013-02-27,Wednesday,February,2013,18777.92,19038.6,18464.01,18723.94,18794.35,-0.37,212.4,38083.6,18012.35,16671.88,54.8,15.47,0.81,Banking,Neutral,No,18794.35,-0.3746338660288856
2013-02-28,Thursday,February,2013,18777.92,18851.71,18495.13,18640.1,18723.94,-0.45,268.8,52177.8,18010.36,16705.36,64.36,15.36,1.06,Banking,Bullish,No,18723.94,-0.4477690058823098
2013-03-01,Friday,March,2013,18589.87,19173.22,18472.66,19053.09,18640.1,2.22,267.3,35535.1,18021.35,16741.76,72.05,15.12,2.25,IT,Bullish,No,18640.1,2.215599701718347
2013-03-04,Monday,March,2013,19014.87,19127.34,18659.9,18770.93,19053.09,-1.48,200.3,36109.9,18034.43,16778.03,59.12,16.2,0.75,Metal,Neutral,No,19053.09,-1.4809146442912928
2013-03-05,Tuesday,March,2013,18789.15,18867.58,18293.8,18370.48,18770.93,-2.13,321.0,60397.6,18041.64,16810.76,53.22,18.11,0.2,Realty,Neutral,No,18770.93,-2.1333519436703496
2013-03-06,Wednesday,March,2013,18498.17,18672.19,18389.82,18563.46,18370.48,1.05,267.5,54021.3,18046.85,16843.77,53.88,18.39,1.5,Energy,Neutral,No,18370.48,1.0504896986905055
2013-03-07,Thursday,March,2013,18604.02,18842.99,18183.17,18419.77,18563.46,-0.77,261.5,46739.0,18063.76,16875.38,53.08,17.88,1.22,IT,Neutral,No,18563.46,-0.7740475105395153
2013-03-08,Friday,March,2013,18401.42,18591.45,18139.42,18328.7,18419.77,-0.49,376.3,72550.2,18076.64,16905.7,50.01,24.57,0.98,Pharma,Neutral,No,18419.77,-0.4944144253701306
2013-03-11,Monday,March,2013,18305.35,18919.13,18098.24,18707.47,18328.7,2.07,286.3,51574.6,18099.01,16937.62,54.76,18.77,1.65,Auto,Neutral,No,18328.7,2.066540452950839
2013-03-12,Tuesday,March,2013,18670.21,19170.88,18449.21,19053.09,18707.47,1.28,288.2,57922.6,18126.16,16968.67,52.59,18.26,1.0,Energy,Neutral,No,18707.47,1.8474972831708347
2013-03-13,Wednesday,March,2013,19006.85,19447.62,18687.55,19126.31,18946.61,0.95,224.0,45070.6,18160.9,17001.7,56.93,19.03,1.69,FMCG,Neutral,No,19053.09,0.38429462097749584
2013-03-14,Thursday,March,2013,19112.35,19522.53,18957.33,19365.46,19126.31,1.25,326.0,66485.4,18200.87,17034.12,58.66,19.17,1.38,IT,Neutral,No,19126.31,1.2503718699529485
2013-03-15,Friday,March,2013,19391.85,19776.76,19269.91,19653.18,19365.46,1.49,224.2,48448.5,18245.81,17068.29,65.62,19.57,1.28,Banking,Bullish,No,19365.46,1.4857380098381405
2013-03-18,Monday,March,2013,19639.22,19830.68,19406.92,19597.98,19653.18,-0.28,192.1,34941.0,18298.22,17102.73,63.14,19.49,1.13,Energy,Bullish,No,19653.18,-0.2808705766700388
2013-03-19,Tuesday,March,2013,19722.51,20267.38,19513.56,20054.9,19597.98,2.33,279.8,54866.1,18354.84,17140.21,69.32,18.65,2.01,Auto,Bullish,No,19597.98,2.331464773410331
2013-03-20,Wednesday,March,2013,20022.76,20265.0,19865.3,20106.88,20054.9,0.26,282.3,58246.7,18416.94,17177.13,71.49,24.57,0.81,Unknown,Bullish,No,20054.9,0.2591885274920322
2013-03-21,Thursday,March,2013,20064.45,20396.1,19975.68,20306.26,20106.88,0.99,276.7,57204.1,18482.07,17213.74,69.59,18.6,1.1,Realty,Bullish,No,20106.88,0.9916008848712349
2013-03-22,Friday,March,2013,20276.91,20553.49,20099.61,20375.33,20306.26,0.34,254.0,54658.1,18553.24,17247.32,76.87,18.07,1.28,FMCG,Bullish,No,20306.26,0.34014141451947993
2013-03-25,Monday,March,2013,20401.25,20750.89,20193.61,20541.82,20375.33,0.82,248.9,46495.4,18626.12,17280.3,52.29,18.29,1.64,IT,Bullish,No,20375.33,0.8171156000908841
2013-03-26,Tuesday,March,2013,20630.23,21184.81,20436.52,20987.74,20541.82,2.17,398.8,87131.6,18706.51,17315.1,90.35,18.39,1.62,IT,Bullish,No,20541.82,2.170791098354488
2013-03-27,Wednesday,March,2013,21014.57,21253.63,21000.92,21239.84,20987.74,1.2,270.1,60096.4,18789.16,17351.17,95.3,18.56,1.34,Banking,Bullish,No,20987.74,1.2011774493108762
2013-03-28,Thursday,March,2013,21284.86,21421.22,21000.92,21386.15,21239.84,0.69,372.1,72592.5,18864.94,17387.97,98.26,17.83,1.02,Banking,Bullish,No,21239.84,0.6888469969642017
2013-03-29,Friday,March,2013,21422.57,21655.37,21171.05,21403.65,21386.15,0.08,300.3,64772.4,18938.54,17425.83,98.03,17.25,1.4,Unknown,Bullish,No,21386.15,0.0818286601375189
2013-04-01,Monday,April,2013,21296.74,21435.4,20767.99,20904.09,21403.65,-2.33,250.9,49773.4,19002.96,17459.67,81.91,24.57,0.42,IT,Bullish,No,21403.65,-2.333994435528526
2013-04-02,Tuesday,April,2013,20903.08,21403.87,20549.85,21048.19,20904.09,0.69,292.5,65279.9,19068.91,17493.44,81.7,19.78,0.9,Banking,Bullish,No,20904.09,0.689338784898068
2013-04-03,Wednesday,April,2013,21028.17,21309.2,20684.91,20965.1,21048.19,-0.39,315.9,60263.0,19129.94,17527.27,77.82,19.87,1.37,IT,Bullish,No,21048.19,-0.39476078465654363
2013-04-04,Thursday,April,2013,20956.22,21017.57,19990.98,20049.68,20965.1,-4.37,423.8,78957.4,19170.89,17555.2,55.66,24.23,0.58,Banking,Neutral,No,20965.1,-4.366399397093256
2013-04-05,Friday,April,2013,20000.19,20661.46,19758.07,20414.32,20049.68,1.82,334.0,62789.9,19212.6,17584.21,52.29,23.41,1.07,Metal,Neutral,No,20049.68,1.8186823929359441
2013-04-08,Monday,April,2013,20467.5,20762.28,19838.86,20128.76,20414.32,-1.4,202.3,37179.6,19242.98,17610.65,51.01,22.59,0.64,Realty,Neutral,No,20414.32,-1.3988220033780272
2013-04-09,Tuesday,April,2013,20131.69,20256.89,19856.55,19980.81,20128.76,-0.74,197.3,40211.2,19268.41,17636.86,48.31,22.34,0.29,Auto,Neutral,No,20128.76,-0.7350179544094971
2013-04-10,Wednesday,April,2013,19983.35,20331.91,19830.37,20177.45,19980.81,0.98,253.6,54941.7,19305.69,17665.47,48.28,22.06,1.24,Energy,Neutral,No,19980.81,0.9841442864428389
2013-04-11,Thursday,April,2013,20168.54,20616.07,20051.4,20497.03,20177.45,1.58,216.7,44514.5,19343.12,17693.73,51.53,21.92,1.09,Pharma,Neutral,No,20177.45,1.583847314700312
2013-04-12,Friday,April,2013,20458.33,20910.58,20386.53,20837.45,20497.03,1.66,305.0,59875.5,19390.31,17723.46,53.55,22.31,1.99,Energy,Neutral,No,20497.03,1.6608259830814605
2013-04-15,Monday,April,2013,20726.05,21022.6,20161.51,20454.17,20837.45,-1.84,352.7,69888.1,19431.62,17749.22,43.49,22.46,0.28,Unknown,Neutral,No,20837.45,-1.8393805384056228
2013-04-16,Tuesday,April,2013,20470.84,20519.15,20379.19,20427.4,20454.17,-0.13,171.6,34074.5,19469.33,17775.78,39.51,23.01,1.26,FMCG,Bearish,No,20454.17,-0.130877957893167
2013-04-17,Wednesday,April,2013,20434.36,20865.84,20326.02,20755.8,20427.4,1.61,218.7,44953.9,19514.37,17804.91,42.22,24.57,1.59,Metal,Neutral,No,20427.4,1.6076446341678226
2013-04-18,Thursday,April,2013,20789.07,20920.25,20326.02,20452.18,20755.8,-1.46,199.5,40153.7,19553.35,17833.91,39.04,21.62,1.02,FMCG,Bearish,No,20755.8,-1.462820031027467
2013-04-19,Friday,April,2013,20456.62,20821.66,20280.1,20643.53,20452.18,0.94,339.1,72398.4,19604.66,17862.0,46.77,21.06,0.95,IT,Neutral,No,20452.18,0.9355970854940575
2013-04-22,Monday,April,2013,20576.69,20703.48,20514.11,20640.71,20643.53,-0.01,116.2,23216.6,19656.88,17888.07,44.76,20.91,0.34,Auto,Neutral,No,20643.53,-0.01366045438933995
2013-04-23,Tuesday,April,2013,20591.49,20867.82,20025.01,20297.4,20640.71,-1.66,322.3,67550.7,19695.72,17909.83,41.95,20.92,0.27,Realty,Neutral,No,20640.71,-1.6632664283350604
2013-04-24,Wednesday,April,2013,20378.96,20598.84,20365.58,20585.33,20297.4,1.42,368.3,76525.0,19743.27,17932.66,57.6,20.16,1.36,FMCG,Neutral,No,20297.4,1.418556071220946
2013-04-25,Thursday,April,2013,20605.03,20619.76,20440.14,20454.76,20585.33,-0.63,193.2,35950.1,19785.08,17954.81,50.61,20.78,0.31,Auto,Neutral,No,20585.33,-0.6342866497646787
2013-04-26,Friday,April,2013,20504.05,20688.36,20335.26,20519.44,20454.76,0.32,185.1,41169.4,19830.28,17975.91,56.37,20.37,1.24,FMCG,Unknown,No,20454.76,0.3162100166416047
2013-04-29,Monday,April,2013,20576.01,20727.05,20517.32,20668.1,20519.44,0.72,266.5,51532.8,19877.08,17998.92,61.2,20.4,1.35,Metal,Neutral,No,20519.44,0.7244837091070705
2013-04-30,Tuesday,April,2013,20607.1,20789.08,20160.01,20339.63,20668.1,-1.59,315.2,63489.0,19915.25,18021.4,52.53,24.57,0.87,Pharma,Neutral,No,20668.1,-1.589260744819299
2013-05-01,Wednesday,May,2013,20318.85,20421.25,19885.04,19985.76,20339.63,-1.74,278.6,60664.8,19938.91,18042.33,42.1,21.63,0.73,FMCG,Neutral,No,20339.63,-1.739805493020289
2013-05-02,Thursday,May,2013,20026.59,20251.48,19754.7,19979.06,19985.76,-0.03,203.9,38678.7,19963.94,18063.52,35.2,20.93,0.84,Auto,Bearish,No,19985.76,-0.03352386899470968
2013-05-03,Friday,May,2013,19930.18,20128.5,19844.71,20042.55,19979.06,0.32,267.3,43740.8,19987.86,18085.48,42.02,20.81,0.76,Banking,Neutral,No,19979.06,0.3177827185062659
2013-05-06,Monday,May,2013,20018.0,20293.81,18325.94,18581.97,20042.55,-7.29,588.8,109192.9,19985.9,18100.32,27.02,28.11,0.2,IT,Bearish,No,20042.55,-7.2873960648719756
2013-05-07,Tuesday,May,2013,18553.02,18769.21,18357.89,18573.86,18581.97,-0.04,200.0,35096.7,19981.49,18116.63,20.47,27.15,0.93,Pharma,Bearish,No,18581.97,-0.043644457503701606
2013-05-08,Wednesday,May,2013,18532.73,19026.13,18440.67,18932.08,18573.86,1.93,431.2,82974.4,19985.65,18133.47,29.73,26.43,1.58,Auto,Bearish,No,18573.86,1.92862442163342
2013-05-09,Thursday,May,2013,18924.69,19232.51,18726.04,19032.72,18932.08,0.53,307.2,62176.7,19993.51,18151.61,27.98,25.78,1.29,IT,Bearish,No,18932.08,0.531584485170142
2013-05-10,Friday,May,2013,19004.98,19168.12,18757.3,18919.71,19032.72,-0.59,315.4,59806.7,19990.84,18168.13,27.16,26.18,0.31,IT,Bearish,No,19032.72,-0.5937669445040017
2013-05-13,Monday,May,2013,18897.09,19339.47,18686.54,19126.36,18919.71,1.09,253.6,49911.4,19997.95,18184.92,33.88,25.64,1.41,Energy,Bearish,No,18919.71,1.0922471856069753
2013-05-14,Tuesday,May,2013,19141.76,19340.79,18795.09,18992.57,19126.36,-0.7,152.1,29847.7,20010.39,18200.68,27.1,25.33,0.92,Auto,Bearish,No,19126.36,-0.6995058129199747
2013-05-15,Wednesday,May,2013,19141.76,19229.21,18805.14,18984.3,18992.57,-0.04,370.7,74886.3,20018.81,18218.48,28.09,25.09,0.79,IT,Bearish,No,18992.57,-0.04354334352855057
2013-05-16,Thursday,May,2013,19027.84,19184.98,18868.22,19025.34,18984.3,0.22,193.8,38256.9,20030.92,18236.05,27.58,25.63,1.24,IT,Bearish,No,18984.3,0.21617863181682168
2013-05-17,Friday,May,2013,19035.41,19672.9,18814.26,19446.97,19025.34,2.22,267.3,73907.5,20053.28,18254.93,33.06,25.2,1.67,FMCG,Bearish,No,19025.34,2.2161496194023393
2013-05-20,Monday,May,2013,19542.61,19883.87,19294.76,19634.85,19446.97,0.97,314.9,61288.6,20071.83,18273.12,39.83,25.35,1.68,Energy,Bearish,No,19446.97,0.9661145155260555
2013-05-21,Tuesday,May,2013,19673.67,19900.71,19505.53,19732.07,19634.85,0.5,209.8,37674.2,20087.54,18293.17,46.05,23.64,1.6,Realty,Neutral,No,19634.85,0.495140018894981
2013-05-22,Wednesday,May,2013,19779.69,20032.2,19573.49,19825.53,19732.07,0.47,297.7,57769.7,20101.52,18312.43,47.67,24.32,1.16,Banking,Neutral,No,19732.07,0.47364518775779285
2013-05-23,Thursday,May,2013,19815.83,20048.65,19479.74,19711.33,19825.53,-0.58,249.5,52522.8,20108.44,18332.07,45.05,23.91,1.06,Unknown,Neutral,No,19825.53,-0.576024953683443
2013-05-24,Friday,May,2013,19688.47,20351.18,19404.41,20061.74,19711.33,1.78,291.5,54188.3,20116.61,18354.79,83.11,24.57,1.19,Auto,Neutral,No,19711.33,1.7777085564495132
2013-05-27,Monday,May,2013,20084.37,20360.1,19536.85,19808.79,20061.74,-1.26,249.0,51651.4,20120.83,18377.41,74.9,23.35,0.44,Auto,Neutral,No,20061.74,-1.2608577321807615
2013-05-28,Tuesday,May,2013,19862.64,20285.47,19621.92,20042.57,19808.79,1.18,218.5,44105.4,20120.58,18401.25,73.58,23.89,1.5,Realty,Neutral,No,19808.79,1.1801831409187478
2013-05-29,Wednesday,May,2013,20053.06,20265.69,19925.85,20137.94,20042.57,0.48,131.9,28690.4,20121.2,18423.77,73.52,24.4,1.03,IT,Neutral,No,20042.57,0.47583718056117047
2013-05-30,Thursday,May,2013,20099.69,20617.58,20044.45,20561.07,20137.94,2.1,491.7,105773.4,20126.3,18448.25,80.86,24.26,1.62,Banking,Neutral,No,20137.94,2.101158311128154
2013-05-31,Friday,May,2013,20481.89,20897.04,20272.21,20685.28,20561.07,0.6,337.5,72054.1,20132.5,18472.66,80.24,23.33,0.91,Metal,Neutral,No,20561.07,0.6041028020428855
2013-06-03,Monday,June,2013,20587.14,21037.44,20377.01,20824.88,20685.28,0.67,259.7,58266.9,20138.16,18496.81,85.47,22.25,1.74,Banking,Neutral,No,20685.28,0.6748760471214419
2013-06-04,Tuesday,June,2013,20827.54,20961.09,20677.85,20811.3,20824.88,-0.07,267.3,71335.5,20134.63,18521.49,85.29,21.65,0.69,Energy,Neutral,No,20824.88,-0.06521045979617528
2013-06-05,Wednesday,June,2013,20862.24,20917.8,20652.33,20707.47,20811.3,-0.5,330.8,66923.7,20123.98,18544.4,81.72,21.21,1.06,Auto,Neutral,No,20811.3,-0.498911648959931
2013-06-06,Thursday,June,2013,20564.4,20865.12,19876.41,20171.38,20707.47,-2.59,388.7,85115.3,20099.69,18564.53,63.1,24.93,0.2,Banking,Neutral,No,20707.47,-2.5888725179850565
2013-06-07,Friday,June,2013,20134.62,20409.11,19939.27,20213.0,20171.38,0.21,209.6,38593.3,20075.88,18585.81,61.04,24.31,1.26,IT,Neutral,No,20171.38,0.20633194159248888
2013-06-10,Monday,June,2013,20166.27,20582.03,20102.4,20517.05,20213.0,1.5,358.5,77416.2,20068.13,18605.91,63.89,25.28,1.31,Banking,Bearish,No,20213.0,1.5042299510216162
2013-06-11,Tuesday,June,2013,20166.27,20694.28,20384.09,20537.96,20517.05,0.1,279.6,55546.7,20057.93,18626.16,62.94,26.36,0.93,Pharma,Bearish,No,20517.05,0.10191523635220393
2013-06-12,Wednesday,June,2013,20496.88,20550.69,20399.98,20453.68,20537.96,-0.41,288.1,58778.5,20047.7,18647.06,63.63,26.02,0.98,Banking,Bearish,No,20537.96,-0.4103620807519288
2013-06-13,Thursday,June,2013,20378.18,20709.65,20159.58,20489.85,20453.68,0.18,208.6,45611.9,20056.51,18668.11,58.88,26.01,1.24,Pharma,Bearish,No,20453.68,0.17683859334847446
2013-06-14,Friday,June,2013,20452.42,20992.28,20137.45,20673.9,20489.85,0.9,287.2,61002.8,20061.7,18690.82,68.48,24.55,1.56,Banking,Neutral,No,20489.85,0.8982496211539027
2013-06-17,Monday,June,2013,20626.41,21228.32,20476.75,21075.4,20673.9,1.94,331.7,69312.8,20080.63,18714.13,70.59,22.79,1.66,Energy,Neutral,No,20673.9,1.9420622137090726
2013-06-18,Tuesday,June,2013,21076.22,21237.03,20728.02,20887.39,21075.4,-0.89,242.2,47189.0,20098.76,18736.86,64.41,22.35,1.03,Metal,Neutral,No,21075.4,-0.8920827125463907
2013-06-19,Wednesday,June,2013,20873.93,21131.91,20730.01,20987.21,20887.39,0.48,266.0,60730.5,20114.96,18758.31,59.35,21.67,1.23,Auto,Neutral,No,20887.39,0.4778959937072067
2013-06-20,Thursday,June,2013,21015.07,21131.91,20772.14,20920.73,20987.21,-0.32,311.1,62903.8,20123.43,18779.55,55.3,21.43,0.85,Realty,Neutral,No,20987.21,-0.3167643531465095
2013-06-21,Friday,June,2013,20920.34,21242.85,20772.14,21139.35,20920.73,1.04,363.2,70653.7,20129.47,18801.86,56.84,20.48,1.6,IT,Neutral,No,20920.73,1.0449922158547957
2013-06-24,Monday,June,2013,21203.72,21490.57,20808.19,21093.55,21139.35,-0.22,260.8,55717.7,20142.26,18824.55,56.05,20.18,0.96,IT,Neutral,No,21139.35,-0.21665756042640516
2013-06-25,Tuesday,June,2013,21065.2,21250.15,20846.96,21031.62,21093.55,-0.29,224.8,46392.9,20154.34,18846.43,57.08,19.8,0.97,Banking,Neutral,No,21093.55,-0.29359685780724576
2013-06-26,Wednesday,June,2013,21070.75,21278.38,20896.84,21104.2,21031.62,0.35,288.5,61987.8,20161.31,18868.52,75.55,19.68,0.82,FMCG,Bullish,No,21031.62,0.3450994264826093
2013-06-27,Thursday,June,2013,21124.32,21480.98,20974.43,21104.2,21104.2,1.07,220.5,44525.3,20178.86,18893.1,77.78,19.28,1.16,Banking,Bullish,No,21104.2,0.0
2013-06-28,Friday,June,2013,21124.32,21506.75,21248.75,21444.38,21329.63,0.54,224.1,46891.3,20194.87,18917.73,75.47,19.5,1.3,Metal,Bullish,No,21104.2,1.611906634698308
2013-07-01,Monday,July,2013,21488.64,21741.21,21132.46,21383.79,21444.38,-0.28,310.7,72718.1,20209.74,18941.65,72.74,19.28,0.64,Energy,Bullish,No,21444.38,-0.2825448905494127
2013-07-02,Tuesday,July,2013,21332.33,21798.28,21040.25,21503.85,21383.79,0.56,360.2,84219.4,20233.87,18965.94,77.7,17.71,1.2,Auto,Bullish,No,21383.79,0.5614533251589062
2013-07-03,Wednesday,July,2013,21583.83,21595.79,21337.27,21349.1,21503.85,-0.72,324.6,74349.4,20249.14,18988.62,71.33,17.08,0.2,Pharma,Bullish,No,21503.85,-0.7196385763479564
2013-07-04,Thursday,July,2013,21299.38,21530.22,21016.24,21246.51,21349.1,-0.48,239.2,53658.7,20264.98,19010.22,64.81,16.35,1.41,Banking,Bullish,No,21349.1,-0.48053547924736945
2013-07-05,Friday,July,2013,21161.06,21403.35,20862.43,21104.07,21246.51,-0.67,122.4,24057.1,20276.67,19031.72,50.86,17.03,0.98,Banking,Neutral,No,21246.51,-0.670415988319958
2013-07-08,Monday,July,2013,21014.25,21362.87,20738.19,21085.87,21104.07,-0.09,271.4,56848.6,20285.02,19051.21,56.6,16.27,0.84,Auto,Neutral,No,21104.07,-0.08623928938825888
2013-07-09,Tuesday,July,2013,21091.63,21443.49,20821.2,21172.03,21085.87,0.41,271.8,60168.5,20301.67,19070.72,56.2,16.99,1.59,FMCG,Neutral,No,21085.87,0.4086148686300345
2013-07-10,Wednesday,July,2013,21136.2,21751.69,20744.27,21355.69,21172.03,0.87,296.1,60221.3,20329.07,19090.09,63.53,16.32,1.02,Auto,Bullish,No,21172.03,0.8674652359740652
2013-07-11,Thursday,July,2013,21367.3,21738.1,21162.15,21531.38,21355.69,0.82,174.8,34122.1,20360.12,19109.97,62.53,16.16,1.11,Banking,Bullish,No,21355.69,0.8226847271148924
2013-07-12,Friday,July,2013,21460.15,21717.04,21133.39,21389.44,21531.38,-0.66,233.3,49084.2,20387.05,19129.23,58.91,15.21,0.93,Pharma,Neutral,No,21531.38,-0.6592238862534696
2013-07-15,Monday,July,2013,21420.69,21599.72,21248.26,21427.24,21389.44,0.18,340.7,71909.6,20443.96,19149.21,62.09,15.23,1.34,Energy,Bullish,No,21389.44,0.1767227192483904
2013-07-16,Tuesday,July,2013,21439.07,21655.96,21336.41,21552.75,21427.24,0.59,187.7,36935.8,20503.54,19170.32,63.27,15.32,1.02,Auto,Bullish,No,21427.24,0.5857497279164203
2013-07-17,Wednesday,July,2013,21523.17,21780.51,21290.01,21547.09,21552.75,-0.03,256.0,53181.6,20555.84,19189.54,57.4,15.84,1.13,IT,Neutral,No,21552.75,-0.026261149969260787
2013-07-18,Thursday,July,2013,21587.48,22070.75,21328.97,21809.58,21547.09,1.22,240.8,56900.6,20611.37,19211.45,61.29,15.88,1.51,Banking,Bullish,No,21547.09,1.21821554557948
2013-07-19,Friday,July,2013,21847.21,22062.09,21642.56,21857.35,21809.58,0.22,261.4,54281.7,20670.13,19229.74,64.76,16.63,1.07,IT,Bullish,No,21809.58,0.21903218677295386
2013-07-22,Monday,July,2013,21863.39,21956.85,21833.68,21927.05,21857.35,0.32,224.0,49796.0,20726.14,19249.8,63.61,16.73,0.94,Auto,Bullish,No,21857.35,0.3188858667679327
2013-07-23,Tuesday,July,2013,21985.42,22033.88,21727.48,21775.48,21927.05,-0.69,327.2,71076.7,20781.8,19267.9,63.74,16.34,1.02,IT,Bullish,No,21927.05,-0.6912466565269825
2013-07-24,Wednesday,July,2013,21848.02,22469.97,21606.18,22223.97,21775.48,2.06,323.4,77077.7,20846.59,19286.76,75.76,17.13,1.08,Energy,Bullish,No,21775.48,2.0596101670319165
2013-07-25,Thursday,July,2013,22171.4,22419.42,22026.46,22273.81,22223.97,0.22,290.9,66784.4,20911.56,19304.85,82.41,16.22,1.12,Banking,Bullish,No,22223.97,0.22426236176524783
2013-07-26,Friday,July,2013,22349.48,22719.61,22138.85,22507.49,22273.81,1.05,398.6,83586.1,20972.77,19328.73,85.19,15.98,1.14,FMCG,Bullish,No,22273.81,1.049124509906479
2013-07-29,Monday,July,2013,22446.78,23025.21,22223.87,22798.8,22507.49,1.29,343.1,72635.5,21036.05,19354.5,86.55,15.91,1.39,FMCG,Bullish,No,22507.49,1.2942802595935738
2013-07-30,Tuesday,July,2013,22851.57,23266.76,22679.22,23092.59,22798.8,1.29,318.2,74325.5,21103.26,19382.31,87.19,16.6,1.22,Banking,Bullish,No,22798.8,1.2886204537080936
2013-07-31,Wednesday,July,2013,23158.21,23319.75,22862.44,23023.04,23092.59,-0.3,304.5,63746.1,21167.21,19407.47,83.46,16.42,0.54,Realty,Bullish,No,23092.59,-0.30117886300323726
2013-08-01,Thursday,August,2013,23010.98,23622.78,22838.88,23447.42,23023.04,1.84,344.3,79010.4,21241.93,19437.06,90.97,24.57,1.42,Energy,Bullish,No,23023.04,1.8432839451262621
2013-08-02,Friday,August,2013,23010.98,23875.35,23200.65,23630.4,23447.42,0.78,222.2,51446.2,21313.31,19468.75,91.46,15.92,1.09,IT,Bullish,No,23447.42,0.7803843663823278
2013-08-05,Monday,August,2013,23609.2,23882.32,23375.0,23647.73,23630.4,0.07,172.9,38403.7,21390.09,19499.96,91.1,15.99,0.95,Pharma,Bullish,No,23630.4,0.07333773444375934
2013-08-06,Tuesday,August,2013,23589.24,23702.57,23379.57,23492.43,23647.73,-0.66,294.5,66431.8,21459.08,19530.1,86.05,16.45,0.78,Pharma,Bullish,No,23647.73,-0.6567226537177111
2013-08-07,Wednesday,August,2013,23447.48,23633.67,23379.57,23492.43,23492.43,-0.95,230.3,51768.3,21521.73,19558.96,77.47,16.27,0.87,Pharma,Bullish,No,23492.43,0.0
2013-08-08,Thursday,August,2013,23304.75,23702.65,23217.19,23613.93,23270.08,1.48,249.5,53163.6,21582.78,19588.96,79.73,16.28,1.94,FMCG,Bullish,No,23492.43,0.5171878771161603
2013-08-09,Friday,August,2013,23674.55,24345.61,23436.45,24103.19,23613.93,2.07,310.1,79316.7,21651.14,19621.79,82.25,15.7,1.71,Metal,Bullish,No,23613.93,2.071912638006458
2013-08-12,Monday,August,2013,24102.15,24250.08,23664.82,23810.97,24103.19,-1.21,177.8,46209.2,21710.86,19651.73,78.96,24.57,0.28,Energy,Bullish,No,24103.19,-1.2123706447154818
2013-08-13,Tuesday,August,2013,23738.81,24027.03,23480.55,23768.45,23810.97,-0.18,267.3,43188.4,21770.01,19682.24,74.84,15.67,1.17,Auto,Bullish,No,23810.97,-0.17857315346666028
2013-08-14,Wednesday,August,2013,23686.72,23853.43,23315.22,23480.48,23768.45,-1.21,237.2,51373.6,21825.47,19712.1,68.03,15.66,0.68,Banking,Bullish,No,23768.45,-1.21156406917574
2013-08-15,Thursday,August,2013,23473.0,23768.2,23020.36,23313.55,23480.48,-0.71,403.5,102603.3,21888.31,19739.38,62.29,24.57,0.46,IT,Bullish,No,23480.48,-0.7109309520077967
2013-08-16,Friday,August,2013,23276.65,23776.29,22966.32,23463.47,23313.55,0.64,297.0,73039.1,21953.32,19768.15,60.59,14.68,1.24,FMCG,Bullish,No,23313.55,0.6430595083116981
2013-08-19,Monday,August,2013,23546.97,23777.18,23271.88,23501.65,23463.47,0.16,202.8,51389.8,22013.01,19797.87,57.09,14.93,1.26,Metal,Neutral,No,23463.47,0.1627210297539123
2013-08-20,Tuesday,August,2013,23452.14,23665.95,23298.97,23512.39,23501.65,0.05,176.3,40298.9,22072.5,19827.35,58.66,14.32,0.76,Auto,Neutral,No,23501.65,0.0456989190120607
2013-08-21,Wednesday,August,2013,23554.53,23688.73,23454.4,23588.46,23512.39,0.32,89.8,21114.9,22135.2,19857.08,52.85,14.54,0.94,FMCG,Neutral,No,23512.39,0.3235315508121451
2013-08-22,Thursday,August,2013,23544.54,23940.57,23265.62,23660.28,23588.46,0.3,147.3,37850.5,22198.6,19886.83,50.63,15.29,1.12,Banking,Neutral,No,23588.46,0.30447091501522233
2013-08-23,Friday,August,2013,23640.16,23823.02,23454.82,23637.66,23660.28,-0.1,125.2,29354.9,22257.88,19916.15,49.79,15.51,0.88,Auto,Neutral,No,23660.28,-0.09560326420481491
2013-08-26,Monday,August,2013,23649.87,23843.62,23309.68,23502.22,23637.66,-0.57,190.2,46239.8,22306.42,19946.04,50.21,16.03,0.35,IT,Neutral,No,23637.66,-0.5729839586490316
2013-08-27,Tuesday,August,2013,23538.85,23690.59,23343.93,23495.39,23502.22,-0.03,220.8,54002.7,22358.58,19975.45,55.28,16.07,1.69,Auto,Neutral,No,23502.22,-0.029061084442243097
2013-08-28,Wednesday,August,2013,23525.17,23901.62,23343.93,23842.76,23495.39,1.48,281.6,71668.1,22415.69,20004.43,55.35,15.86,1.31,Energy,Neutral,No,23495.39,1.4784602426263151
2013-08-29,Thursday,August,2013,23802.71,24186.12,23509.99,23892.29,23842.76,0.21,176.8,46256.0,22475.12,20031.83,43.79,16.6,0.86,Energy,Neutral,No,23842.76,0.2077360171389658
2013-08-30,Friday,August,2013,23899.48,24419.98,23716.38,24234.32,23892.29,1.43,287.5,67373.0,22537.02,20060.98,62.11,16.07,1.36,Metal,Bullish,No,23892.29,1.4315496756484993
2013-09-02,Monday,September,2013,24207.07,24412.92,24193.73,24399.48,24234.32,0.68,167.9,39537.4,22603.14,20090.15,66.87,16.57,1.19,Auto,Bullish,No,24234.32,0.6815128297389812
2013-09-03,Tuesday,September,2013,24294.71,24784.74,24113.77,24601.51,24399.48,0.83,287.7,64800.7,22674.53,20120.86,81.41,24.57,1.37,Metal,Bullish,No,24399.48,0.8280094493817034
2013-09-04,Wednesday,September,2013,24618.41,24681.96,24401.94,24465.09,24601.51,-0.55,293.7,76977.7,22741.75,20149.61,82.82,16.17,0.49,Pharma,Bullish,No,24601.51,-0.55451880799186
2013-09-05,Thursday,September,2013,24557.77,24812.23,24254.64,24508.59,24465.09,0.18,258.4,60704.3,22805.33,20178.83,81.71,15.34,1.43,Energy,Bullish,No,24465.09,0.1778043734970932
2013-09-06,Friday,September,2013,24622.13,24863.72,24245.77,24486.03,24508.59,-0.09,290.2,64657.7,22866.16,20208.44,80.16,15.54,0.54,Pharma,Bullish,No,24508.59,-0.09204935902065892
2013-09-09,Monday,September,2013,24509.34,24853.28,24081.44,24424.19,24486.03,-0.25,141.6,37111.2,22926.97,20239.01,77.08,15.56,0.78,Metal,Bullish,No,24486.03,-0.2525521695432055
2013-09-10,Tuesday,September,2013,24442.65,24493.82,24103.07,24153.64,24424.19,-1.11,278.4,67377.0,22979.97,20264.87,65.05,14.78,0.86,IT,Bullish,No,24424.19,-1.1077132957121578
2013-09-11,Wednesday,September,2013,23963.84,24791.04,23634.37,24454.81,24153.64,1.25,224.4,58589.7,23042.08,20290.41,68.85,14.81,1.62,Energy,Bullish,No,24153.64,1.2468928078749286
2013-09-12,Thursday,September,2013,24654.9,24903.36,24175.15,24421.25,24454.81,-0.14,157.8,38956.6,23105.58,20316.13,68.5,14.77,0.2,Banking,Bullish,No,24454.81,-0.1372327161814028
2013-09-13,Friday,September,2013,24526.09,24903.36,24463.98,24876.92,24421.25,1.87,226.7,54295.0,23181.03,20344.87,78.19,15.64,1.6,Banking,Bullish,No,24421.25,1.8658750063981093
2013-09-16,Monday,September,2013,24933.57,25368.57,24551.89,24986.08,24876.92,0.44,390.6,90369.3,23259.04,20373.83,79.34,16.29,1.16,FMCG,Bullish,No,24876.92,0.438800301645073
2013-09-17,Tuesday,September,2013,24991.48,25178.97,24731.86,24918.8,24986.08,-0.27,288.2,70913.4,23333.97,20402.51,73.8,16.33,0.98,IT,Bullish,No,24986.08,-0.26926992949675366
2013-09-18,Wednesday,September,2013,24752.03,25219.0,24671.96,25137.68,24918.8,0.88,360.9,82131.4,23409.61,20432.08,75.63,16.25,1.11,Auto,Bullish,No,24918.8,0.8783729553590102
2013-09-19,Thursday,September,2013,25151.43,25457.23,24737.93,25042.4,25137.68,-0.38,260.2,66495.6,23479.83,20462.26,68.51,16.53,0.79,Pharma,Bullish,No,25137.68,-0.37903259171092496
2013-09-20,Friday,September,2013,25044.79,25212.45,24953.52,25120.9,25042.4,0.31,186.0,46048.9,23554.46,20490.67,67.21,16.62,1.26,IT,Bullish,No,25042.4,0.3134683576653995
2013-09-23,Monday,September,2013,25014.69,25330.5,24622.51,24937.34,25120.9,-0.73,297.1,68777.0,23624.66,20519.5,58.08,15.87,0.98,Pharma,Neutral,No,25120.9,-0.7307063043123506
2013-09-24,Tuesday,September,2013,24970.87,25151.46,24617.05,24796.38,24937.34,-0.57,389.0,97041.2,23689.54,20548.72,57.95,16.07,0.38,Realty,Neutral,No,24937.34,-0.5652567595421129
2013-09-25,Wednesday,September,2013,24888.37,25052.71,24557.85,24721.09,24796.38,-0.3,266.7,69899.0,23753.02,20576.71,55.03,15.73,1.04,Energy,Neutral,No,24796.38,-0.3036330303052336
2013-09-26,Thursday,September,2013,24746.35,24822.98,24677.22,24753.83,24721.09,0.13,219.9,59602.7,23811.9,20606.79,56.3,16.96,1.15,Banking,Neutral,No,24721.09,0.13243752601524286
2013-09-27,Friday,September,2013,24778.88,25142.87,24684.08,25047.05,24753.83,1.18,294.8,74242.7,23875.7,20639.5,63.22,16.93,1.64,Auto,Bullish,No,24753.83,1.1845439675395586
2013-09-30,Monday,September,2013,25077.22,25293.93,24681.94,24897.1,25047.05,-0.6,317.0,73076.4,23935.1,20673.4,66.63,17.41,0.54,Banking,Bullish,No,25047.05,-0.5986732968553212
2013-10-01,Tuesday,October,2013,24872.99,24908.89,24761.28,24797.07,24897.1,-0.4,239.2,63000.5,23995.53,20707.34,58.41,16.53,1.0,FMCG,Neutral,No,24897.1,-0.40177370055146516
2013-10-02,Wednesday,October,2013,24853.48,25278.58,24586.13,25009.55,24797.07,0.86,255.5,66401.6,24051.24,20740.87,52.29,16.22,0.72,Auto,Bullish,No,24797.07,0.8568754292341779
2013-10-03,Thursday,October,2013,25123.88,25272.13,22737.16,22872.12,25009.55,-8.55,646.6,161318.8,24063.21,20767.36,24.26,24.58,0.2,Realty,Bearish,No,25009.55,-8.546455254092939
2013-10-04,Friday,October,2013,22874.95,23021.68,22597.0,22742.88,22872.12,-0.57,269.7,61769.5,24067.91,20792.65,21.35,23.66,0.71,Pharma,Bearish,No,22872.12,-0.565054747876445
2013-10-07,Monday,October,2013,22691.34,23283.29,22456.88,23045.17,22742.88,1.33,209.4,46877.5,24072.84,20819.93,27.43,23.24,1.47,Pharma,Bearish,No,22742.88,1.3291632370218602
2013-10-08,Tuesday,October,2013,22949.38,23409.51,22784.52,23242.54,23045.17,0.86,239.4,60793.4,24075.84,20848.2,27.05,23.37,1.5,Auto,Bearish,No,23045.17,0.8564484445113776
2013-10-09,Wednesday,October,2013,23277.47,23762.44,22976.67,23459.29,23242.54,0.93,258.5,61108.5,24084.57,20878.55,31.37,23.16,0.98,FMCG,Bearish,No,23242.54,0.9325572850471592
2013-10-10,Thursday,October,2013,23502.52,23507.25,23421.32,23426.04,23459.29,-0.14,163.5,34593.3,24084.14,20908.85,29.84,22.36,1.31,Realty,Bearish,No,23459.29,-0.14173489479008103
2013-10-11,Friday,October,2013,23451.62,23714.32,23128.73,23390.75,23426.04,-0.15,226.2,52631.2,24079.35,20938.77,30.94,22.24,0.25,Banking,Bearish,No,23426.04,-0.15064432571617256
2013-10-14,Monday,October,2013,23374.22,23608.03,23184.97,23418.43,23390.75,0.12,283.1,59699.3,24074.76,20970.97,32.53,23.61,0.53,IT,Bearish,No,23390.75,0.11833737695456663
2013-10-15,Tuesday,October,2013,23437.9,23563.73,22968.15,23092.12,23418.43,-1.39,377.7,91365.5,24066.75,21000.32,30.58,22.89,0.82,Banking,Bearish,No,23418.43,-1.3933897362035
2013-10-16,Wednesday,October,2013,23055.01,23464.73,22783.05,23191.17,23092.12,0.43,227.2,53385.3,24065.18,21031.26,31.66,23.37,1.17,IT,Bearish,No,23092.12,0.42893419919868453
2013-10-17,Thursday,October,2013,23141.72,23507.54,22902.27,23266.79,23191.17,0.33,208.9,44811.3,24058.23,21062.35,27.98,24.01,1.62,FMCG,Bearish,No,23191.17,0.3260723801343469
2013-10-18,Friday,October,2013,23197.25,23404.02,22944.23,23150.58,23266.79,-0.5,229.4,56432.1,24039.18,21094.02,28.22,23.35,1.06,IT,Bearish,No,23266.79,-0.49946726643425726
2013-10-21,Monday,October,2013,23082.11,23404.02,22920.82,23373.99,23150.58,0.97,305.3,71880.8,24030.44,21126.4,32.78,23.23,1.33,Realty,Bearish,No,23150.58,0.9650298178274576
2013-10-22,Tuesday,October,2013,23411.19,23404.02,23289.96,23978.63,23373.99,2.59,308.6,68286.3,24034.64,21161.45,38.61,23.18,1.72,Pharma,Bearish,No,23373.99,2.5868069593595244
2013-10-23,Wednesday,October,2013,23959.26,24047.53,23867.83,23956.09,23978.63,-0.09,187.2,41796.4,24044.16,21195.69,72.49,23.9,0.78,Pharma,Neutral,No,23978.63,-0.09400036615937138
2013-10-24,Thursday,October,2013,23907.12,24678.48,23585.24,24350.63,23956.09,1.65,317.3,82242.0,24064.9,21229.46,80.05,23.86,1.66,Energy,Neutral,No,23956.09,1.6469298620935255
2013-10-25,Friday,October,2013,24251.14,24676.81,23976.93,24400.91,24350.63,0.21,261.4,61940.5,24083.65,21262.85,77.98,23.86,0.9,Metal,Neutral,No,24350.63,0.20648336408544188
2013-10-28,Monday,October,2013,24450.03,24704.08,24198.82,24452.84,24400.91,0.21,242.7,63158.3,24102.67,21296.69,76.57,24.1,1.14,Energy,Neutral,No,24400.91,0.21281993171566263
2013-10-29,Tuesday,October,2013,24531.31,24978.62,24376.96,24822.44,24452.84,1.51,301.9,68486.8,24128.87,21332.05,78.04,23.68,1.3,Banking,Unknown,No,24452.84,1.5114808750230997
2013-10-30,Wednesday,October,2013,24531.31,25427.56,24346.89,25023.79,24822.44,0.81,231.2,54891.2,24157.58,21367.6,80.74,24.68,1.33,IT,Neutral,No,24822.44,0.8111611912447051
2013-10-31,Thursday,October,2013,25014.43,25690.11,24883.8,25556.65,25023.79,2.13,325.5,87588.9,24195.51,21405.38,84.98,24.99,2.17,Realty,Neutral,No,25023.79,2.12941364997069
2013-11-01,Friday,November,2013,25485.15,25650.49,24908.23,25070.88,25556.65,-1.9,173.9,44833.9,24224.17,21439.09,73.25,23.43,0.53,Pharma,Neutral,No,25556.65,-1.9007577284190236
2013-11-04,Monday,November,2013,25060.22,25618.81,24678.01,25233.95,25070.88,0.65,345.3,83766.4,24258.8,21472.21,81.58,23.05,1.08,Banking,Neutral,No,25070.88,0.6504358841811684
2013-11-05,Tuesday,November,2013,25279.97,25706.47,25083.03,25507.76,25233.95,1.09,283.3,78565.2,24299.05,21506.2,82.49,23.05,1.47,FMCG,Neutral,No,25233.95,1.0850857673887666
2013-11-06,Wednesday,November,2013,25631.6,26014.85,25086.27,25467.06,25507.76,-0.16,354.2,84991.7,24331.54,21541.97,81.16,23.04,1.03,Realty,Neutral,No,25507.76,-0.15955928705616287
2013-11-07,Thursday,November,2013,25432.91,25674.89,24860.85,25099.66,25467.06,-1.44,370.5,99499.7,24355.69,21574.34,75.77,23.05,0.58,Realty,Neutral,No,25467.06,-1.4426478753338683
2013-11-08,Friday,November,2013,25152.36,25301.79,24819.79,24968.12,25099.66,-0.52,197.4,51216.6,24370.36,21606.79,71.6,22.59,0.94,FMCG,Neutral,No,25099.66,-0.5240708439875316
2013-11-11,Monday,November,2013,25022.38,25576.41,24841.8,25393.15,24968.12,1.7,281.8,66135.5,24390.23,21641.81,52.29,23.43,1.84,Unknown,Neutral,No,24968.12,1.7022907611786648
2013-11-12,Tuesday,November,2013,25381.64,25511.92,24980.73,25109.61,25393.15,-1.12,210.3,53387.6,24400.4,21674.65,65.29,23.02,0.95,Auto,Neutral,No,25393.15,-1.1166003430058928
2013-11-13,Wednesday,November,2013,25197.0,25468.46,24682.7,24951.51,25109.61,-0.63,211.5,57309.9,24410.12,21706.89,58.5,23.52,0.79,FMCG,Neutral,No,25109.61,-0.6296394089752975
2013-11-14,Thursday,November,2013,25197.0,25253.26,24605.63,24931.85,24951.51,-0.08,130.1,33207.6,24418.59,21739.03,57.58,24.98,0.56,FMCG,Neutral,No,24951.51,-0.07879282656640763
2013-11-15,Friday,November,2013,24964.42,25210.8,24670.1,24916.0,24931.85,-0.06,167.8,42049.9,24427.19,21773.22,56.68,24.59,1.01,Metal,Neutral,No,24931.85,-0.06357330081802412
2013-11-18,Monday,November,2013,24873.12,25100.32,24639.54,24866.69,24916.0,-0.2,167.8,40610.7,24436.04,21807.41,50.7,24.41,0.89,Auto,Neutral,No,24916.0,-0.19790496066784924
2013-11-19,Tuesday,November,2013,24906.34,25124.1,24810.62,25027.92,24866.69,0.65,305.1,80770.6,24453.53,21840.77,50.07,23.4,1.38,IT,Neutral,No,24866.69,0.6483774076887578
2013-11-20,Wednesday,November,2013,25060.3,25472.28,24750.21,25160.95,25027.92,0.53,149.2,40641.4,24467.65,21875.53,42.69,22.17,0.81,FMCG,Neutral,No,25027.92,0.5315263913261769
2013-11-21,Thursday,November,2013,25060.3,25472.28,24963.74,25271.28,25160.95,0.44,375.4,99674.7,24484.65,21910.07,54.3,22.32,1.3,FMCG,Neutral,No,25160.95,0.4384969565934438
2013-11-22,Friday,November,2013,25410.44,25763.05,25178.89,25530.41,25271.28,1.03,251.4,67074.9,24497.72,21946.43,56.1,22.53,1.38,FMCG,Neutral,No,25271.28,1.0253932527359162
2013-11-25,Monday,November,2013,25600.55,25774.49,25269.05,25441.92,25530.41,-0.35,318.2,75977.2,24506.84,21981.99,48.53,23.37,0.59,IT,Neutral,No,25530.41,-0.34660626288415114
2013-11-26,Tuesday,November,2013,25493.11,25701.53,25134.97,25342.16,25441.92,-0.39,181.8,49149.5,24515.3,22016.55,47.29,22.61,0.25,Auto,Neutral,No,25441.92,-0.39210877166502534
2013-11-27,Wednesday,November,2013,25312.46,26071.15,25202.09,25957.96,25342.16,2.43,385.3,90828.5,24531.71,22052.32,66.82,22.32,2.07,Banking,Neutral,No,25342.16,2.4299428304453894
2013-11-28,Thursday,November,2013,25781.52,25852.91,25727.31,25798.66,25957.96,-0.61,162.8,44162.1,24546.83,22087.68,66.1,21.91,0.5,Metal,Neutral,No,25957.96,-0.6136845884653466
2013-11-29,Friday,November,2013,25899.14,26075.27,25645.19,25820.79,25798.66,0.09,135.8,33037.0,24560.83,22122.55,52.29,21.22,0.59,FMCG,Neutral,No,25798.66,0.08577964902053448
2013-12-02,Monday,December,2013,25964.57,26082.97,25817.22,25935.48,25820.79,0.44,307.8,79626.0,24580.79,22158.83,70.58,22.47,0.98,Energy,Neutral,No,25820.79,0.44417695972895754
2013-12-03,Tuesday,December,2013,25959.83,26127.77,25804.86,25972.73,25935.48,0.14,219.9,59344.2,24604.32,22194.72,77.07,23.59,1.4,Pharma,Neutral,No,25935.48,0.14362564332721045
2013-12-04,Wednesday,December,2013,25894.34,26050.95,25541.44,25696.86,25972.73,-1.06,261.8,70760.2,24623.84,22229.59,67.86,22.84,0.71,FMCG,Neutral,No,25972.73,-1.062152496098789
2013-12-05,Thursday,December,2013,25803.08,26256.08,25604.71,26055.77,25696.86,1.4,228.7,64214.7,24649.88,22266.66,72.93,22.66,1.6,Banking,Neutral,No,25696.86,1.396707613303726
2013-12-06,Friday,December,2013,26142.15,26336.26,25681.13,25873.24,26055.77,-0.7,203.0,50238.9,24666.4,22300.77,69.22,22.54,0.75,Auto,Neutral,No,26055.77,-0.7005358122212425
2013-12-09,Monday,December,2013,25715.1,26066.1,25606.77,25956.75,25873.24,0.32,140.3,39537.4,24687.59,22336.69,68.28,23.06,1.2,Realty,Neutral,No,25873.24,0.322765915671939
2013-12-10,Tuesday,December,2013,25967.68,26211.56,25481.1,25722.68,25956.75,-0.9,234.1,66193.3,24706.1,22373.46,52.29,22.11,0.64,Banking,Neutral,No,25956.75,-0.9017692892985436
2013-12-11,Wednesday,December,2013,25741.42,25960.89,25469.1,25688.12,25722.68,-0.13,242.1,58553.5,24719.68,22409.08,58.12,24.57,0.82,Unknown,Neutral,No,25722.68,-0.13435614018446487
2013-12-12,Thursday,December,2013,25564.48,25888.41,25261.68,25585.36,25688.12,-0.4,267.3,64705.9,24773.94,22444.91,51.14,21.96,0.67,Realty,Neutral,No,25688.12,-0.40002927423259627
2013-12-13,Friday,December,2013,25502.55,25690.3,25320.34,25585.36,25585.36,-0.3,240.5,66901.8,24829.24,22480.8,51.38,21.41,0.81,Metal,Neutral,No,25585.36,0.0
2013-12-16,Monday,December,2013,25591.58,25932.75,25275.84,25616.7,25508.05,0.43,118.0,32625.1,24880.67,22515.35,55.7,21.54,1.87,Auto,Neutral,No,25585.36,0.12249192506964977
2013-12-17,Tuesday,December,2013,25622.06,25932.75,25248.35,25436.27,25616.7,-0.7,267.3,67219.6,24924.55,22547.8,36.77,20.9,0.94,Pharma,Bearish,No,25616.7,-0.7043452123029129
2013-12-18,Wednesday,December,2013,25363.78,25713.87,25126.37,25436.27,25436.27,0.15,208.6,54604.0,24964.87,22579.54,41.27,20.88,0.79,FMCG,Neutral,No,25436.27,0.0
2013-12-19,Thursday,December,2013,25424.25,25534.37,25126.37,25364.98,25475.41,-0.43,194.6,39537.4,25003.65,22609.54,38.25,20.76,0.46,FMCG,Bearish,No,25436.27,-0.2802690803329296
2013-12-20,Friday,December,2013,25424.25,25911.57,24956.54,25590.55,25364.98,0.89,190.0,47130.9,25047.65,22639.23,41.59,20.78,1.27,Unknown,Neutral,No,25364.98,0.8892969755939083
2013-12-23,Monday,December,2013,25596.34,26014.62,24956.54,25675.7,25590.55,0.33,276.4,65920.7,25092.79,22669.62,42.92,20.31,0.6,FMCG,Neutral,No,25590.55,0.3327400153572372
2013-12-24,Tuesday,December,2013,25733.65,26133.38,24938.96,25332.46,25675.7,-1.34,160.2,43045.1,25137.6,22696.0,41.59,19.27,0.83,Pharma,Neutral,No,25675.7,-1.336828207215389
2013-12-25,Wednesday,December,2013,25421.88,25648.65,25273.66,25499.98,25332.46,0.66,178.8,41859.3,25183.77,22722.97,35.93,19.56,0.45,IT,Bearish,No,25332.46,0.6612859548579192
2013-12-26,Thursday,December,2013,25448.88,26022.04,25191.37,25761.37,25499.98,1.03,279.6,73608.1,25233.67,22750.25,47.28,20.19,1.25,Banking,Neutral,No,25499.98,1.0250596274977448
2013-12-27,Friday,December,2013,25734.03,25791.69,25655.14,25712.76,25761.37,-0.19,198.6,52029.3,25284.91,22776.93,43.96,20.28,0.4,Pharma,Neutral,No,25761.37,-0.18869338082563383
2013-12-30,Monday,December,2013,25751.42,25884.04,25655.14,25712.76,25712.76,0.62,273.5,68423.3,25334.88,22803.59,53.85,20.8,1.34,Banking,Neutral,No,25712.76,0.0
2013-12-31,Tuesday,December,2013,25946.31,26212.36,25529.56,25794.05,25872.37,-0.3,241.0,57630.8,25371.19,22827.62,52.66,21.19,0.67,Pharma,Neutral,No,25712.76,0.31614653580557234
2014-01-01,Wednesday,January,2014,25822.74,26030.7,25627.81,25835.68,25794.05,0.16,187.3,51290.1,25408.78,22850.6,56.5,21.8,1.26,IT,Neutral,No,25794.05,0.16139380981273208
2014-01-02,Thursday,January,2014,25933.92,26008.08,25643.93,25717.47,25835.68,-0.46,141.4,36087.6,25436.11,22872.25,55.32,21.18,0.2,Banking,Neutral,No,25835.68,-0.45754553392826947
2014-01-03,Friday,January,2014,25857.65,26083.04,25471.48,25695.45,25717.47,-0.09,269.5,72369.2,25462.0,22893.71,52.09,24.57,1.31,IT,Neutral,No,25717.47,-0.08562273038522232
2014-01-06,Monday,January,2014,25569.8,25926.59,25269.75,25625.88,25695.45,-0.27,223.2,51665.9,25485.47,22917.32,55.35,20.51,1.02,Banking,Neutral,No,25695.45,-0.27074832314670383
2014-01-07,Tuesday,January,2014,25742.66,25955.1,25416.33,25627.82,25625.88,0.01,141.5,33177.4,25501.57,22940.22,54.4,21.29,0.99,IT,Neutral,No,25625.88,0.0075704717262341445
2014-01-08,Wednesday,January,2014,25727.66,26059.9,24989.5,25316.43,25627.82,-1.22,155.5,39537.4,25507.43,22961.98,48.74,20.45,0.34,Banking,Neutral,No,25627.82,-1.2150467733892287
2014-01-09,Thursday,January,2014,25227.15,26059.9,25092.01,25339.02,25316.43,0.09,244.4,57145.7,25503.07,22988.42,42.74,20.11,0.94,FMCG,Neutral,No,25316.43,0.08923059056905
2014-01-10,Friday,January,2014,25374.28,25833.1,25061.39,25518.43,25339.02,0.71,217.0,51960.6,25512.02,23013.94,45.69,24.57,1.45,Banking,Neutral,No,25339.02,0.7080384324255629
2014-01-13,Monday,January,2014,25567.12,25988.83,25401.83,25821.89,25518.43,1.19,210.0,56248.5,25523.78,23042.41,63.7,20.67,1.15,Banking,Neutral,No,25518.43,1.1891797418571561
2014-01-14,Tuesday,January,2014,25737.47,26197.42,25404.92,25863.25,25821.89,0.16,298.7,70254.3,25530.89,23071.82,60.95,21.21,1.02,Auto,Neutral,No,25821.89,0.16017417780031046
2014-01-15,Wednesday,January,2014,25858.51,25933.89,25492.39,25566.92,25863.25,-1.15,165.5,38402.4,25532.89,23098.77,44.26,21.38,0.53,Auto,Neutral,No,25863.25,-1.1457570104298638
2014-01-16,Thursday,January,2014,25578.92,25807.16,25218.14,25445.19,25566.92,-0.48,228.9,52788.3,25539.8,23123.51,42.43,20.78,0.89,Banking,Neutral,No,25566.92,-0.47612305275723305
2014-01-17,Friday,January,2014,25362.75,25588.85,25086.12,25311.76,25445.19,-0.52,289.8,76253.1,25546.67,23145.88,33.9,19.94,0.41,IT,Bearish,No,25445.19,-0.524382014832667
2014-01-20,Monday,January,2014,25286.02,25536.57,24896.68,25145.84,25311.76,-0.66,282.3,71499.7,25541.73,23169.34,32.28,19.45,1.22,Banking,Bearish,No,25311.76,-0.6555055831755605
2014-01-21,Tuesday,January,2014,25251.54,25418.06,24919.61,25085.03,25145.84,-0.24,153.9,37604.0,25541.24,23192.63,52.29,19.52,1.2,Pharma,Bearish,No,25145.84,-0.24182926480086292
2014-01-22,Wednesday,January,2014,25211.71,25456.94,24922.58,25167.38,25085.03,0.33,315.4,82165.8,25545.55,23214.68,34.82,19.92,0.58,Pharma,Bearish,No,25085.03,0.3282834423558679
2014-01-23,Thursday,January,2014,25084.06,25290.34,24922.58,25109.38,25167.38,-0.23,316.7,80373.9,25549.1,23237.97,34.15,19.68,0.33,Banking,Bearish,No,25167.38,-0.23045704399901776
2014-01-24,Friday,January,2014,24908.65,25192.82,24761.85,25045.21,25109.38,-0.26,294.3,66445.4,25551.69,23259.98,34.25,19.85,1.34,Realty,Bearish,No,25109.38,-0.25556186572508716
2014-01-27,Monday,January,2014,25138.18,25481.48,24556.1,24896.09,25045.21,-0.6,197.9,52605.4,25552.28,23281.26,31.62,19.23,0.82,Realty,Bearish,No,25045.21,-0.5954032727216062
2014-01-28,Tuesday,January,2014,25032.2,25541.92,24824.13,25331.36,24896.09,1.75,292.4,71849.6,25558.34,23306.43,50.35,18.99,1.04,IT,Neutral,No,24896.09,1.7483468287590558
2014-01-29,Wednesday,January,2014,25397.99,25447.38,24824.13,25047.42,25331.36,-1.12,352.2,86444.9,25556.07,23328.74,43.86,18.7,0.48,Banking,Neutral,No,25331.36,-1.1209031019258435
2014-01-30,Thursday,January,2014,25025.85,25253.68,24893.02,25120.34,25047.42,0.29,261.2,69318.8,25553.06,23352.06,41.23,18.73,1.01,Banking,Neutral,No,25047.42,0.2911277888101924
2014-01-31,Friday,January,2014,25038.67,25398.96,24692.99,25053.08,25120.34,-0.27,195.1,45819.6,25543.51,23374.73,31.09,19.38,1.1,Metal,Bearish,No,25120.34,-0.2677511530496737
2014-02-03,Monday,February,2014,25099.44,25209.01,24930.48,25039.79,25053.08,-0.05,209.9,47408.5,25535.47,23396.59,52.29,19.55,1.27,FMCG,Unknown,No,25053.08,-0.053047369824392336
2014-02-04,Tuesday,February,2014,25119.02,25378.68,24863.73,25123.34,25039.79,0.33,145.1,39434.7,25531.09,23420.51,37.62,18.57,1.15,Banking,Bearish,No,25039.79,0.33366893252698715
2014-02-05,Wednesday,February,2014,25073.61,25204.54,24501.07,24629.68,25123.34,-1.96,389.2,95963.7,25504.52,23443.73,31.15,18.6,0.29,Metal,Bearish,No,25123.34,-1.9649457436789846
2014-02-06,Thursday,February,2014,24650.0,24749.85,24594.61,24694.36,24629.68,0.26,227.0,54369.2,25482.44,23467.31,35.26,18.17,0.94,Auto,Bearish,No,24629.68,0.26260998924874496
2014-02-07,Friday,February,2014,24662.16,24906.85,24412.08,24656.72,24694.36,-0.15,332.2,87136.2,25459.16,23490.38,37.56,17.59,1.37,Pharma,Bearish,No,24694.36,-0.15242346835471507
2014-02-10,Monday,February,2014,24712.49,24877.71,24281.92,24445.35,24656.72,-0.86,153.7,34012.8,25429.35,23519.69,34.89,17.04,0.59,Energy,Bearish,No,24656.72,-0.8572510861136542
2014-02-11,Tuesday,February,2014,24294.36,24643.08,23879.1,24226.86,24445.35,-0.89,206.8,47118.0,25394.44,23547.96,29.13,16.0,0.86,Unknown,Bearish,No,24445.35,-0.8937896164301103
2014-02-12,Wednesday,February,2014,24255.69,24827.46,23952.44,24520.9,24226.86,1.21,276.8,63194.5,25370.92,23575.9,52.29,16.27,1.08,Banking,Bearish,No,24226.86,1.2136942220329043
2014-02-13,Thursday,February,2014,24493.98,24813.9,23982.06,24299.44,24520.9,-0.9,401.3,102152.0,25335.79,23602.24,35.91,16.79,0.32,Auto,Bearish,No,24520.9,-0.9031479268705584
2014-02-14,Friday,February,2014,24432.99,24813.9,24003.4,24301.44,24299.44,0.01,225.1,52646.7,25304.36,23629.14,38.1,16.29,1.06,Pharma,Bearish,No,24299.44,0.00823064235225174
2014-02-17,Monday,February,2014,24324.19,24585.87,23903.5,24163.45,24301.44,-0.57,203.0,51729.1,25268.49,23654.33,23.48,15.7,0.7,Banking,Bearish,No,24301.44,-0.5678264333306914
2014-02-18,Tuesday,February,2014,24214.75,24295.11,24153.32,24233.63,24163.45,0.29,235.5,51836.6,25238.71,23680.54,29.54,16.78,0.68,IT,Bearish,No,24163.45,0.2904386583869451
2014-02-19,Wednesday,February,2014,24165.06,24616.31,23994.35,24443.64,24233.63,0.87,222.4,55538.1,25213.82,23707.83,34.08,16.41,1.19,IT,Bearish,No,24233.63,0.8666056220219521
2014-02-20,Thursday,February,2014,24427.4,24688.37,23994.35,24166.51,24443.64,-1.13,334.1,77804.9,25185.44,23733.54,31.02,16.47,1.37,Metal,Bearish,No,24443.64,-1.1337509470766263
2014-02-21,Friday,February,2014,24195.11,24360.57,24015.24,24180.6,24166.51,0.06,274.6,62242.2,25158.89,23757.21,31.61,17.33,1.01,Metal,Bearish,No,24166.51,0.058303826245494884
2014-02-24,Monday,February,2014,24154.53,24344.87,23706.08,23894.37,24180.6,-1.18,376.5,95661.7,25124.45,23778.5,25.8,17.24,0.52,Energy,Bearish,No,24180.6,-1.18371752561971
2014-02-25,Tuesday,February,2014,23877.0,24516.96,23616.78,24252.64,23894.37,1.5,195.3,46534.1,25100.77,23801.11,42.16,17.39,1.41,Realty,Neutral,No,23894.37,1.4993908606922906
2014-02-26,Wednesday,February,2014,24271.77,24606.74,23616.78,24309.57,24252.64,0.23,267.3,30427.8,25077.46,23823.53,41.97,18.33,1.44,IT,Neutral,No,24252.64,0.2347373316884277
2014-02-27,Thursday,February,2014,24184.62,24288.85,24070.72,24174.9,24309.57,-0.55,233.9,51264.7,25053.66,23845.84,40.34,18.18,0.77,FMCG,Neutral,No,24309.57,-0.5539793587463631
2014-02-28,Friday,February,2014,24136.87,24507.68,24070.72,24248.7,24174.9,0.31,284.2,72934.3,25026.82,23866.78,45.83,17.81,1.18,FMCG,Neutral,No,24174.9,0.30527530620602056
2014-03-03,Monday,March,2014,24306.08,24555.46,23919.93,24167.89,24248.7,-0.33,298.2,68996.8,24996.66,23888.57,48.67,18.33,1.11,Pharma,Neutral,No,24248.7,-0.3332549786174158
2014-03-04,Tuesday,March,2014,24139.35,24276.17,24041.72,24178.38,24167.89,0.04,236.6,59418.8,24973.58,23909.25,41.15,19.0,1.4,Metal,Neutral,No,24167.89,0.043404699375914076
2014-03-05,Wednesday,March,2014,24347.86,24741.05,24192.67,24584.35,24178.38,1.68,351.4,90889.9,24955.27,23931.49,56.72,19.01,1.34,FMCG,Neutral,No,24178.38,1.6790620380687107
2014-03-06,Thursday,March,2014,24591.04,24802.49,24279.45,24490.03,24584.35,-0.38,330.2,74673.6,24929.84,23951.13,54.27,17.76,0.58,FMCG,Neutral,No,24584.35,-0.38365870970759736
2014-03-07,Friday,March,2014,24591.04,24684.19,23896.9,24225.39,24490.03,-1.08,227.4,52839.8,24900.09,23968.83,51.32,17.52,0.43,Auto,Unknown,No,24490.03,-1.0806030045696124
2014-03-10,Monday,March,2014,24257.65,24671.08,24103.83,24515.63,24225.39,1.2,367.2,94044.3,24872.96,23987.28,55.51,18.26,1.6,Energy,Neutral,No,24225.39,1.198081847185955
2014-03-11,Tuesday,March,2014,24437.97,24699.45,24201.64,24462.88,24515.63,-0.22,320.6,74227.0,24846.34,24005.54,50.4,17.45,1.16,Banking,Neutral,No,24515.63,-0.21516885350284695
2014-03-12,Wednesday,March,2014,24487.83,24798.21,24077.17,24386.27,24462.88,-0.31,202.6,52847.0,24817.35,24023.94,54.99,16.84,0.96,Realty,Neutral,No,24462.88,-0.313168359571729
2014-03-13,Thursday,March,2014,24344.88,24981.83,23969.51,24602.49,24386.27,0.89,207.0,39537.4,24795.05,24046.09,58.78,17.02,1.59,Banking,Neutral,No,24386.27,0.8866464613079457
2014-03-14,Friday,March,2014,24565.63,24784.44,24150.82,24367.87,24602.49,-0.95,313.6,74924.9,24768.5,24066.87,52.29,17.04,0.91,Banking,Bullish,No,24602.49,-0.9536433100877293
2014-03-17,Monday,March,2014,24443.54,24529.74,24431.84,24518.0,24367.87,0.62,267.3,83477.2,24746.34,24086.87,56.19,17.09,1.02,IT,Neutral,No,24367.87,0.6160981653300064
2014-03-18,Tuesday,March,2014,24401.53,24736.22,24116.19,24450.31,24518.0,-0.28,183.2,41636.6,24722.79,24106.43,53.27,17.48,0.46,Pharma,Neutral,No,24518.0,-0.2760828778856297
2014-03-19,Wednesday,March,2014,24414.72,24630.65,24012.78,24227.05,24450.31,-0.91,381.3,88228.5,24701.0,24125.3,51.16,16.16,0.56,Realty,Neutral,No,24450.31,-0.9131172570000217
2014-03-20,Thursday,March,2014,24183.66,24316.98,24071.92,24205.14,24227.05,-0.09,166.9,36753.7,24678.32,24143.88,49.01,16.11,1.13,Realty,Unknown,No,24227.05,-0.09043610344635378
2014-03-21,Friday,March,2014,24302.23,24565.77,23673.02,23932.55,24205.14,-1.13,263.8,59258.0,24646.61,24160.17,45.06,15.71,0.77,Pharma,Neutral,No,24205.14,-1.1261657647921066
2014-03-24,Monday,March,2014,24302.23,24514.66,23537.86,24141.4,23932.55,0.87,195.5,46336.9,24613.0,24175.5,49.28,15.83,0.75,FMCG,Neutral,No,23932.55,0.8726608739979743
2014-03-25,Tuesday,March,2014,24073.21,24458.37,23860.5,24244.15,24141.4,0.43,267.3,63177.8,24580.61,24192.28,42.53,15.92,0.44,Auto,Neutral,No,24141.4,0.42561740412734966
2014-03-26,Wednesday,March,2014,24260.97,24297.67,24155.32,24191.92,24244.15,-0.22,238.9,54311.7,24553.11,24208.31,43.33,16.58,1.13,Realty,Neutral,No,24244.15,-0.2154334138338659
2014-03-27,Thursday,March,2014,24127.02,24614.97,23794.64,24280.47,24191.92,0.37,241.2,53650.4,24529.82,24225.11,51.34,16.38,1.34,IT,Neutral,No,24191.92,0.3660313030135802
2014-03-28,Friday,March,2014,24225.88,24464.23,24029.88,24267.89,24280.47,-0.05,184.9,43239.3,24508.94,24240.75,43.04,16.19,1.09,FMCG,Neutral,No,24280.47,-0.051811188168934735
2014-03-31,Monday,March,2014,24318.13,24581.99,23872.78,24134.65,24267.89,-0.55,222.0,56208.0,24488.72,24255.95,41.18,16.42,1.09,Pharma,Neutral,No,24267.89,-0.5490382559011021
2014-04-01,Tuesday,April,2014,23927.14,24124.49,23638.6,23835.19,24134.65,-1.24,278.8,66586.7,24463.72,24269.97,36.78,16.05,0.65,Unknown,Bearish,No,24134.65,-1.2407886586298238
2014-04-02,Wednesday,April,2014,23766.26,24189.98,23532.76,23954.63,23835.19,0.5,229.3,59836.4,24439.47,24284.22,33.7,15.61,0.77,IT,Bearish,No,23835.19,0.5011078157967372
2014-04-03,Thursday,April,2014,23905.99,24167.16,23651.09,23912.19,23954.63,-0.18,226.3,50215.9,24415.52,24297.14,37.31,15.65,0.85,Auto,Bearish,No,23954.63,-0.17716825515569362
2014-04-04,Friday,April,2014,24023.03,24292.76,23696.63,23965.71,23912.19,0.22,141.4,31903.9,24393.93,24309.74,33.74,15.38,1.05,Metal,Bearish,No,23912.19,0.22381889739083055
2014-04-07,Monday,April,2014,23997.73,24261.26,23791.67,24054.71,23965.71,0.37,109.4,25159.5,24377.1,24323.1,38.5,15.86,0.95,Realty,Bearish,No,23965.71,0.3713639195333666
2014-04-08,Tuesday,April,2014,24052.42,24171.66,23806.22,23924.83,24054.71,-0.54,268.0,57873.4,24348.97,24335.2,40.71,15.68,0.64,Auto,Neutral,No,24054.71,-0.5399358379294424
2014-04-09,Wednesday,April,2014,23917.42,24275.18,23707.55,24064.02,23924.83,0.58,271.7,71179.8,24329.31,24348.78,45.95,15.85,1.17,Realty,Neutral,No,23924.83,0.5817805183986623
2014-04-10,Thursday,April,2014,24072.93,24704.17,23804.42,24431.66,24064.02,1.53,309.3,39537.4,24315.53,24364.7,63.57,15.93,1.26,Banking,Bullish,No,24064.02,1.5277580387649254
2014-04-11,Friday,April,2014,24449.66,24571.56,24261.6,24383.16,24431.66,-0.2,261.6,63552.2,24302.13,24381.1,57.2,15.73,0.29,Pharma,Neutral,No,24431.66,-0.198512913162675
2014-04-14,Monday,April,2014,24392.34,24479.5,24257.3,24344.29,24383.16,-0.16,200.8,45538.3,24288.22,24397.39,53.1,15.48,0.98,FMCG,Neutral,No,24383.16,-0.15941329999884749
2014-04-15,Tuesday,April,2014,24486.45,24812.91,24064.38,24389.54,24344.29,0.19,208.2,54564.1,24273.55,24413.48,56.15,15.54,1.44,Energy,Neutral,No,24344.29,0.18587520934067084
2014-04-16,Wednesday,April,2014,24357.4,24770.97,23997.73,24389.54,24389.54,0.09,195.6,49586.5,24269.16,24428.75,54.22,16.5,0.37,Metal,Neutral,No,24389.54,0.0
2014-04-17,Thursday,April,2014,24423.29,24705.61,24224.16,24505.8,24410.52,0.39,130.8,31613.6,24265.39,24443.62,57.33,16.23,1.18,Unknown,Neutral,No,24389.54,0.47667975697777976
2014-04-18,Friday,April,2014,24508.59,24763.6,22848.45,23088.69,24505.8,-5.78,561.4,139418.4,24234.03,24452.12,32.01,21.64,0.2,Realty,Bearish,No,24505.8,-5.782753470606961
2014-04-21,Monday,April,2014,23153.75,23438.51,22933.72,23217.87,23088.69,0.56,294.9,74021.8,24209.48,24461.07,38.72,21.83,1.39,Banking,Bearish,No,23088.69,0.5594947136455135
2014-04-22,Tuesday,April,2014,23169.58,23221.72,23152.9,23205.02,23217.87,-0.06,278.7,58845.2,24189.05,24469.34,35.75,22.44,1.09,Energy,Bearish,No,23217.87,-0.055345300839390286
2014-04-23,Wednesday,April,2014,23179.48,23384.08,22725.62,22928.0,23205.02,-1.19,261.8,55455.5,24157.19,24476.24,32.82,21.67,0.92,Banking,Bearish,No,23205.02,-1.1937934119427625
2014-04-24,Thursday,April,2014,22824.02,23152.12,22507.59,22835.53,22928.0,-0.4,197.2,40777.3,24127.91,24481.37,30.54,21.15,0.61,Metal,Bearish,No,22928.0,-0.4033060013956785
2014-04-25,Friday,April,2014,22903.15,23040.99,22827.51,22965.15,22835.53,0.57,220.0,51349.2,24101.18,24486.91,31.49,20.27,1.21,Banking,Bearish,No,22835.53,0.5676242241804882
2014-04-28,Monday,April,2014,22860.23,22927.36,22676.19,22742.98,22965.15,-0.97,237.9,51053.4,24072.78,24490.99,30.54,19.64,1.42,FMCG,Bearish,No,22965.15,-0.9674223769494293
2014-04-29,Tuesday,April,2014,22779.79,22924.37,22664.1,22808.53,22742.98,0.29,114.2,27844.2,24044.27,24496.15,28.81,19.33,1.16,Realty,Bearish,No,22742.98,0.2882208048373576
2014-04-30,Wednesday,April,2014,22923.56,23063.47,22608.76,22747.6,22808.53,-0.27,251.2,56752.4,24010.35,24498.77,18.29,19.16,1.12,Energy,Bearish,No,22808.53,-0.2671369000983417
2014-05-01,Thursday,May,2014,22879.02,23123.11,22499.17,22741.79,22747.6,-0.03,271.9,66011.4,23981.86,24501.11,18.59,19.83,1.41,Energy,Bearish,No,22747.6,-0.025541155990072235
2014-05-02,Friday,May,2014,22879.02,23219.38,22419.13,22915.01,22741.79,0.76,267.3,62744.0,23956.55,24503.15,23.99,19.4,0.99,Energy,Bearish,No,22741.79,0.7616814683452688
2014-05-05,Monday,May,2014,22891.23,23193.14,22538.97,22840.2,22915.01,-0.33,237.7,57507.0,23935.46,24503.36,22.1,19.74,0.28,Auto,Bearish,No,22915.01,-0.3264672369769757
2014-05-06,Tuesday,May,2014,22835.12,23167.73,22592.71,22924.37,22840.2,0.37,200.7,44830.0,23908.9,24502.52,52.29,20.6,0.61,Unknown,Bearish,No,22840.2,0.36851691316187357
2014-05-07,Wednesday,May,2014,22986.32,23023.92,22824.32,22861.71,22924.37,-0.27,279.4,69565.6,23879.94,24501.71,20.72,21.07,0.56,Energy,Bearish,No,22924.37,-0.27333357470674163
2014-05-08,Thursday,May,2014,22852.65,22951.06,22815.65,22913.96,22861.71,0.23,226.1,53540.5,23854.72,24499.04,43.94,22.34,0.95,FMCG,Neutral,No,22861.71,0.2285480832361184
2014-05-09,Friday,May,2014,22895.14,23145.54,22467.75,22716.19,22913.96,-0.86,190.4,44077.7,23824.07,24494.47,33.4,21.65,0.86,Energy,Bearish,No,22913.96,-0.8630983033923444
2014-05-12,Monday,May,2014,22789.29,22826.94,22511.31,22548.56,22716.19,-0.74,336.6,73657.3,23791.68,24488.97,30.3,21.03,1.04,Realty,Bearish,No,22716.19,-0.7379318450849257
2014-05-13,Tuesday,May,2014,22551.51,22891.09,22321.0,22659.48,22548.56,0.49,283.3,69807.3,23761.31,24484.81,41.05,21.06,0.84,Metal,Neutral,No,22548.56,0.49191611349016634
2014-05-14,Wednesday,May,2014,22649.07,22855.4,22403.65,22609.62,22659.48,-0.22,330.3,72256.0,23721.81,24481.51,42.25,24.57,1.57,Banking,Neutral,No,22659.48,-0.22004035397105576
2014-05-15,Thursday,May,2014,22550.19,22922.99,22411.59,22782.96,22609.62,0.77,327.8,79699.1,23687.67,24477.35,43.93,20.67,1.65,Pharma,Neutral,No,22609.62,0.7666648090503076
2014-05-16,Friday,May,2014,22853.16,22903.11,22411.59,22812.43,22782.96,0.13,189.1,42312.7,23659.41,24470.9,52.65,20.38,0.89,Metal,Neutral,No,22782.96,0.12935105886154022
2014-05-19,Monday,May,2014,22829.34,23030.4,22507.76,22707.75,22812.43,-0.46,267.3,54037.9,23623.25,24465.38,46.26,19.64,1.56,IT,Neutral,No,22812.43,-0.4588726409242693
2014-05-20,Tuesday,May,2014,22706.95,22935.1,22421.91,22649.48,22707.75,-0.26,293.6,71976.8,23586.99,24459.79,46.35,19.83,1.09,Unknown,Neutral,No,22707.75,-0.2566084266384844
2014-05-21,Wednesday,May,2014,22522.96,23267.29,22392.88,23133.68,22649.48,2.14,254.1,58378.3,23561.93,24458.05,60.75,19.93,1.69,FMCG,Bullish,No,22649.48,2.1377974240468247
2014-05-22,Thursday,May,2014,23199.92,23296.03,23115.65,23211.72,23133.68,0.34,336.2,78445.7,23534.12,24457.54,58.59,20.52,0.83,FMCG,Neutral,No,23133.68,0.3373436478761739
2014-05-23,Friday,May,2014,23132.74,23368.78,22920.54,23156.36,23211.72,-0.24,251.6,56284.5,23509.89,24456.01,59.25,20.01,0.59,Banking,Neutral,No,23211.72,-0.2385002059304549
2014-05-26,Monday,May,2014,23187.75,23434.26,23136.95,23383.03,23156.36,0.98,318.1,67756.9,23487.19,24455.42,62.39,20.16,1.61,Banking,Neutral,No,23156.36,0.9788671449225967
2014-05-27,Tuesday,May,2014,23328.42,23572.61,23070.05,23314.09,23383.03,-0.29,254.2,61071.8,23464.46,24454.42,62.18,20.58,0.93,Auto,Neutral,No,23383.03,-0.29482919878218816
2014-05-28,Wednesday,May,2014,23239.04,23669.83,22954.98,23384.0,23314.09,0.3,238.2,51463.5,23447.6,24453.4,62.53,20.39,1.23,Auto,Neutral,No,23314.09,0.2998615858478708
2014-05-29,Thursday,May,2014,23449.11,23565.65,23445.37,23561.89,23384.0,0.76,240.3,54966.6,23434.74,24452.91,72.79,20.59,0.91,IT,Neutral,No,23384.0,0.7607338351009212
2014-05-30,Friday,May,2014,23569.08,23773.01,23430.32,23633.87,23561.89,0.31,226.4,51896.5,23428.76,24452.89,80.84,19.98,1.27,Auto,Bullish,No,23561.89,0.3054933199331614
2014-06-02,Monday,June,2014,23636.78,23943.31,23452.3,23757.88,23633.87,0.52,85.9,18983.6,23421.09,24454.17,80.98,19.83,1.2,IT,Bullish,No,23633.87,0.5247130495344268
2014-06-03,Tuesday,June,2014,23896.9,24086.22,23522.54,23710.38,23757.88,-0.2,263.8,64633.5,23410.42,24455.24,81.09,20.86,0.61,Metal,Neutral,No,23757.88,-0.1999336641148116
2014-06-04,Wednesday,June,2014,23896.9,23954.96,23161.57,23265.89,23710.38,-1.87,267.3,97056.3,23391.9,24452.36,61.83,20.88,0.2,Realty,Neutral,No,23710.38,-1.874664176618011
2014-06-05,Thursday,June,2014,23248.65,23310.37,23095.35,23156.83,23265.89,-0.47,193.8,47376.2,23369.43,24448.68,52.29,20.81,0.85,Auto,Neutral,No,23265.89,-0.4687549025633564
2014-06-06,Friday,June,2014,23066.02,23208.09,22704.44,22845.15,23156.83,-1.35,200.1,43420.9,23340.97,24441.74,52.95,21.54,0.76,Metal,Neutral,No,23156.83,-1.3459527923295211
2014-06-09,Monday,June,2014,22942.05,23184.7,22439.05,22678.91,22845.15,-0.73,350.8,76173.0,23311.86,24433.13,50.6,21.98,1.08,Metal,Neutral,No,22845.15,-0.7276818055473551
2014-06-10,Tuesday,June,2014,22587.43,22819.67,22335.7,22567.74,22678.91,-0.49,267.3,58438.2,23286.51,24422.97,36.28,21.92,0.91,Pharma,Bearish,No,22678.91,-0.4901911070681891
2014-06-11,Wednesday,June,2014,22599.91,22833.39,22324.16,22557.19,22567.74,-0.05,276.6,58060.0,23258.56,24413.43,52.29,22.38,0.74,Banking,Bearish,No,22567.74,-0.04674814580459944
2014-06-12,Thursday,June,2014,22539.06,22832.16,22197.02,22489.47,22557.19,-0.3,265.3,58880.1,23230.1,24403.33,33.39,21.92,0.91,Banking,Bearish,No,22557.19,-0.3002146987279778
2014-06-13,Friday,June,2014,22494.6,22631.53,22408.88,22545.62,22489.47,0.25,176.8,36515.0,23201.7,24393.63,27.21,20.86,1.19,Metal,Bearish,No,22489.47,0.2496724022397941
2014-06-16,Monday,June,2014,22628.56,22801.97,22481.74,22654.98,22545.62,0.49,298.7,66684.0,23173.71,24384.78,32.45,24.57,0.93,IT,Bearish,No,22545.62,0.4850609564074999
2014-06-17,Tuesday,June,2014,22601.5,22859.64,22437.4,22694.86,22654.98,0.18,199.2,43760.7,23149.11,24377.49,31.35,19.33,0.92,IT,Bearish,No,22654.98,0.17603193646607068
2014-06-18,Wednesday,June,2014,22653.45,22733.41,22549.52,22629.4,22694.86,-0.29,267.3,40488.3,23120.42,24368.36,23.13,19.96,0.91,Banking,Bearish,No,22694.86,-0.2884353549658342
2014-06-19,Thursday,June,2014,22680.86,22882.65,22449.02,22629.4,22629.4,0.09,263.0,61485.2,23084.79,24359.51,20.81,19.52,1.1,Auto,Bearish,No,22629.4,0.0
2014-06-20,Friday,June,2014,22772.09,22951.56,22245.56,22422.28,22650.54,-1.01,281.3,66467.5,23045.58,24347.23,12.66,18.52,0.29,Pharma,Bearish,No,22629.4,-0.9152695166464979
2014-06-23,Monday,June,2014,22588.71,22666.74,22466.67,22544.55,22422.28,0.55,271.9,59533.2,23009.58,24335.03,18.72,19.31,1.02,Pharma,Bearish,No,22422.28,0.5453058297372098
2014-06-24,Tuesday,June,2014,22446.43,23002.15,22188.63,22740.97,22544.55,0.87,285.8,61900.2,22976.61,24324.14,33.75,18.9,1.33,IT,Bearish,No,22544.55,0.8712526974368612
2014-06-25,Wednesday,June,2014,22712.34,23073.32,22457.23,22817.03,22740.97,0.33,286.5,65296.9,22944.74,24312.53,39.26,18.35,1.26,Banking,Bearish,No,22740.97,0.33446242618497657
2014-06-26,Thursday,June,2014,22746.42,23095.15,22528.07,22875.56,22817.03,0.26,310.6,75140.1,22912.14,24301.7,51.14,18.5,1.13,IT,Neutral,No,22817.03,0.2565189246803921
2014-06-27,Friday,June,2014,22933.66,23040.93,22906.95,23014.13,22875.56,0.61,262.8,62229.9,22910.64,24291.17,62.88,19.04,1.29,FMCG,Bullish,No,22875.56,0.60575566237504
2014-06-30,Monday,June,2014,23018.33,23229.07,22923.77,23134.04,23014.13,0.52,332.6,69834.2,22908.97,24282.15,71.61,18.14,1.25,Auto,Bullish,No,23014.13,0.5210277338313456
2014-07-01,Tuesday,July,2014,23194.96,23408.73,22942.62,23156.03,23134.04,0.1,292.6,67482.6,22907.99,24273.95,72.65,17.82,0.79,IT,Bullish,No,23134.04,0.09505473319834305
2014-07-02,Wednesday,July,2014,23128.58,23392.39,22993.23,23256.29,23156.03,0.43,285.9,73018.6,22914.55,24266.62,78.31,17.77,1.56,Banking,Bullish,No,23156.03,0.43297577348104166
2014-07-03,Thursday,July,2014,23305.1,23470.02,23007.31,23171.29,23256.29,-0.37,203.9,45858.4,22921.27,24258.71,72.62,17.51,0.76,Metal,Bullish,No,23256.29,-0.365492518368149
2014-07-04,Friday,July,2014,23158.85,23262.97,23075.58,23179.63,23171.29,0.04,280.6,64270.9,22925.56,24249.37,70.46,17.71,0.79,Metal,Bullish,No,23171.29,0.03599281697307377
2014-07-07,Monday,July,2014,23189.52,23472.85,22986.2,23179.63,23179.63,0.38,264.8,58996.1,22936.08,24241.23,71.56,17.15,0.69,IT,Bullish,No,23179.63,0.0
2014-07-08,Tuesday,July,2014,23228.61,23783.97,22902.96,23455.15,23268.84,0.8,179.2,42012.2,22949.01,24234.52,78.43,15.82,1.11,Auto,Bullish,No,23179.63,1.188629844393549
2014-07-09,Wednesday,July,2014,23228.61,23769.75,23056.34,23272.66,23455.15,-0.78,188.2,40828.9,22959.51,24225.84,69.28,15.2,0.53,FMCG,Bullish,No,23455.15,-0.7780380854524553
2014-07-10,Thursday,July,2014,23184.5,23641.79,22908.95,23364.11,23272.66,0.39,166.7,36977.3,22971.96,24228.3,81.89,15.09,1.02,Banking,Bullish,No,23272.66,0.3929503546221219
2014-07-11,Friday,July,2014,23356.14,23684.69,23087.3,23415.17,23364.11,0.22,159.3,38879.9,22981.96,24231.66,80.97,14.66,1.17,Realty,Bullish,No,23364.11,0.21854031675076716
2014-07-14,Monday,July,2014,23540.27,23694.86,23258.52,23412.27,23415.17,-0.01,154.9,33642.1,22993.4,24233.5,77.69,13.98,1.35,Banking,Bullish,No,23415.17,-0.012385133227722956
2014-07-15,Tuesday,July,2014,23501.89,23672.46,23148.99,23318.23,23412.27,-0.4,290.4,73487.5,23001.28,24233.87,70.37,13.85,1.11,Banking,Bullish,No,23412.27,-0.40166972275649
2014-07-16,Wednesday,July,2014,23259.24,23582.14,22879.62,23201.73,23318.23,-0.5,250.0,55776.5,23008.08,24232.59,62.66,13.64,0.23,IT,Bullish,No,23318.23,-0.49960910412153925
2014-07-17,Thursday,July,2014,23146.58,23399.58,22793.73,23045.62,23201.73,-0.67,306.8,71764.9,23010.71,24230.68,52.29,14.02,1.08,Metal,Neutral,No,23201.73,-0.6728377582188939
2014-07-18,Friday,July,2014,23081.16,23489.0,22807.8,23214.06,23045.62,0.73,189.1,42333.5,23020.67,24229.8,52.95,14.35,1.4,Energy,Neutral,No,23045.62,0.7308981055836308
2014-07-21,Monday,July,2014,23259.32,23657.12,23057.75,23453.86,23214.06,1.03,178.6,41704.5,23038.77,24229.98,59.47,15.27,1.88,Unknown,Neutral,No,23214.06,1.0329946592711454
2014-07-22,Tuesday,July,2014,23537.58,23688.98,23239.13,23389.58,23453.86,-0.27,182.0,46006.9,23053.38,24231.47,54.34,15.38,0.72,Pharma,Neutral,No,23453.86,-0.2740700251472416
2014-07-23,Wednesday,July,2014,23290.69,23749.57,23129.54,23389.58,23389.58,0.84,303.3,65364.9,23072.91,24233.44,62.6,16.11,0.98,IT,Bullish,No,23389.58,0.0
2014-07-24,Thursday,July,2014,23679.48,23999.37,23172.19,23489.51,23586.38,-0.41,285.5,71842.0,23087.04,24234.55,58.92,24.57,1.12,Realty,Neutral,No,23389.58,0.4272415323404552
2014-07-25,Friday,July,2014,23425.99,23906.15,23238.66,23716.49,23489.51,0.97,254.2,60981.5,23105.12,24237.38,61.94,24.57,1.55,Banking,Bullish,No,23489.51,0.966303681941442
2014-07-28,Monday,July,2014,23811.45,24120.77,23288.6,23595.11,23716.49,-0.51,265.1,64615.7,23122.87,24238.49,53.87,15.65,0.63,Banking,Neutral,No,23716.49,-0.5117958011493311
2014-07-29,Tuesday,July,2014,23480.76,23904.5,23160.94,23583.28,23595.11,-0.05,192.1,41279.5,23141.55,24236.51,59.48,15.52,0.91,Metal,Neutral,No,23595.11,-0.05013750730554655
2014-07-30,Wednesday,July,2014,23504.47,24033.28,23229.88,23755.75,23583.28,0.73,212.8,53195.1,23153.99,24235.51,61.39,16.05,1.39,Realty,Bullish,No,23583.28,0.7313232086461305
2014-07-31,Thursday,July,2014,23878.4,24289.82,23610.61,24020.44,23755.75,1.11,299.0,66474.4,23170.16,24233.86,65.66,15.19,1.47,FMCG,Bullish,No,23755.75,1.1142144533428693
2014-08-01,Friday,August,2014,24148.42,24505.52,23775.7,24132.56,24020.44,0.47,283.0,74644.2,23189.69,24232.52,67.63,14.57,1.15,Unknown,Bullish,No,24020.44,0.466769134953409
2014-08-04,Monday,August,2014,24139.82,24251.29,23977.0,24088.23,24132.56,-0.18,336.6,85934.3,23203.79,24230.7,69.32,14.86,0.97,Metal,Bullish,No,24132.56,-0.1836937316223465
2014-08-05,Tuesday,August,2014,24064.43,24217.26,23731.19,23882.87,24088.23,-0.85,203.1,48436.9,23215.17,24226.0,66.36,15.75,0.47,Metal,Bullish,No,24088.23,-0.8525325439021488
2014-08-06,Wednesday,August,2014,23881.72,23952.47,23753.55,23824.13,23882.87,-0.25,164.9,42618.8,23223.97,24220.0,69.62,15.24,0.86,Metal,Bullish,No,23882.87,-0.2459503401391791
2014-08-07,Thursday,August,2014,23853.77,23901.72,23685.38,23824.13,23824.13,-0.38,209.5,46430.0,23227.39,24210.88,63.61,14.81,0.46,IT,Bullish,No,23824.13,0.0
2014-08-08,Friday,August,2014,23769.03,23954.97,23559.62,23745.37,23733.09,0.05,259.4,67652.3,23229.62,24204.25,58.68,14.9,1.02,Energy,Neutral,No,23824.13,-0.33058919675136944
2014-08-11,Monday,August,2014,23724.37,24101.85,23509.09,23885.11,23745.37,0.59,369.7,92132.4,23232.17,24197.51,64.12,15.04,0.79,Banking,Bullish,No,23745.37,0.5884936726612455
2014-08-12,Tuesday,August,2014,23746.42,24354.92,23508.45,24113.27,23885.11,0.96,275.8,61162.5,23240.22,24190.54,64.75,15.06,0.99,FMCG,Bullish,No,23885.11,0.9552394776494638
2014-08-13,Wednesday,August,2014,24073.94,24416.03,23948.49,24289.46,24113.27,0.73,204.5,50035.5,23260.7,24184.65,71.44,14.8,2.2,IT,Unknown,No,24113.27,0.7306765113151334
2014-08-14,Thursday,August,2014,24176.15,24415.17,24022.68,24261.17,24289.46,-0.12,157.5,39822.9,23282.78,24180.46,66.34,14.46,0.39,Banking,Bullish,No,24289.46,-0.11647027146754547
2014-08-15,Friday,August,2014,24316.91,24593.81,24014.34,24290.94,24261.17,0.12,191.2,47494.1,23311.7,24177.07,72.09,14.32,1.33,Auto,Bullish,No,24261.17,0.12270636576884149
2014-08-18,Monday,August,2014,24317.82,24534.94,24265.34,24482.11,24290.94,0.79,272.8,65771.4,23347.76,24172.52,75.62,14.49,1.35,Banking,Bullish,No,24290.94,0.7870012440852512
2014-08-19,Tuesday,August,2014,24473.94,24972.93,24276.91,24773.49,24482.11,1.19,321.6,75658.4,23391.88,24170.84,52.29,13.87,1.49,Banking,Bullish,No,24482.11,1.1901751932329403
2014-08-20,Wednesday,August,2014,24754.85,25082.2,24346.06,24672.32,24773.49,-0.41,253.6,59293.3,23434.18,24169.44,69.06,13.51,0.54,Banking,Bullish,No,24773.49,-0.4083800869397161
2014-08-21,Thursday,August,2014,24817.85,24990.03,24228.74,24398.0,24672.32,-1.11,233.0,61701.5,23472.35,24166.77,57.09,14.42,0.85,Realty,Neutral,No,24672.32,-1.1118532833555972
2014-08-22,Friday,August,2014,24481.91,24636.52,24065.87,24218.82,24398.0,-0.73,178.5,40937.1,23505.82,24163.28,53.25,15.82,0.21,Banking,Neutral,No,24398.0,-0.7344044593819177
2014-08-25,Monday,August,2014,24233.74,24548.08,23898.92,24212.99,24218.82,-0.02,260.6,68934.5,23536.98,24160.02,59.13,15.55,0.85,IT,Neutral,No,24218.82,-0.024072188488118366
2014-08-26,Tuesday,August,2014,24173.91,24425.03,24117.22,24367.89,24212.99,0.64,218.7,50204.0,23570.44,24156.72,64.28,15.22,1.22,Pharma,Bullish,No,24212.99,0.639739247403967
2014-08-27,Wednesday,August,2014,24462.19,24579.21,24137.36,24253.39,24367.89,-0.47,215.5,51056.4,23602.92,24152.18,63.5,15.89,1.34,Energy,Bullish,No,24367.89,-0.46988065031482007
2014-08-28,Thursday,August,2014,24462.19,24475.4,24141.64,24355.14,24253.39,0.42,180.0,39563.4,23637.01,24147.6,65.12,15.65,1.34,Auto,Bullish,No,24253.39,0.41952898130941696
2014-08-29,Friday,August,2014,24307.77,24569.73,24141.64,23872.63,24355.14,-1.98,227.8,58766.6,23666.01,24139.31,49.74,15.97,0.21,Unknown,Neutral,No,24355.14,-1.9811423789803648
2014-09-01,Monday,September,2014,23830.33,23917.44,23792.59,23879.62,23872.63,0.03,320.2,70412.1,23692.72,24131.5,44.54,16.08,0.93,Unknown,Neutral,No,23872.63,0.029280393488266533
2014-09-02,Tuesday,September,2014,23927.04,24236.52,23600.81,23910.07,23879.62,0.13,186.9,43412.8,23716.1,24124.34,40.48,15.95,1.22,FMCG,Neutral,No,23879.62,0.12751459194074583
2014-09-03,Wednesday,September,2014,23978.38,24167.65,23683.4,23871.83,23910.07,-0.16,110.1,28083.4,23737.19,24113.91,40.28,17.53,0.58,Energy,Neutral,No,23910.07,-0.15993261416632393
2014-09-04,Thursday,September,2014,23917.35,24208.74,23541.61,23831.96,23871.83,-0.17,238.1,60056.6,23756.32,24104.07,38.6,17.35,1.28,Pharma,Bearish,No,23871.83,-0.16701694005027104
2014-09-05,Friday,September,2014,23878.97,24514.67,23569.42,23831.96,23831.96,1.55,287.3,74278.2,23780.06,24095.97,43.58,24.57,1.49,Banking,Neutral,No,23831.96,0.0
2014-09-08,Monday,September,2014,24178.86,24296.31,23951.06,23831.96,24200.95,-0.55,135.3,35261.0,23798.74,24086.64,32.64,17.77,0.55,FMCG,Unknown,No,23831.96,0.0
2014-09-09,Tuesday,September,2014,24028.68,24222.67,23763.35,23956.76,24067.97,-0.46,311.7,80812.4,23814.75,24076.56,32.48,18.15,0.43,Realty,Bearish,No,23831.96,0.523666538547393
2014-09-10,Wednesday,September,2014,23967.44,24137.31,23768.93,23938.6,23956.76,-0.08,263.5,66490.7,23828.4,24067.76,37.14,17.72,0.22,Metal,Unknown,No,23956.76,-0.07580323883530099
2014-09-11,Thursday,September,2014,23932.71,24117.91,23499.93,23683.2,23938.6,-1.07,324.5,78118.9,23838.64,24055.9,35.62,18.26,1.17,Banking,Bearish,No,23938.6,-1.0668961426315566
2014-09-12,Friday,September,2014,23612.09,23747.19,23393.02,23527.64,23683.2,-0.66,269.1,64092.3,23845.6,24044.17,32.96,18.71,0.21,Banking,Bearish,No,23683.2,-0.6568369139305554
2014-09-15,Monday,September,2014,23525.36,24014.17,23232.31,23718.71,23527.64,0.81,182.1,38984.2,23854.59,24032.98,52.29,19.59,1.41,Energy,Bearish,No,23527.64,0.8121086517814778
2014-09-16,Tuesday,September,2014,23767.81,23940.26,23472.5,23644.06,23718.71,-0.31,232.1,57320.7,23858.37,24022.59,34.83,20.4,1.03,Banking,Bearish,No,23718.71,-0.3147304385440769
2014-09-17,Wednesday,September,2014,23616.37,23773.74,23383.73,23540.59,23644.06,-0.44,213.1,47422.7,23863.73,24011.85,29.73,19.87,0.71,FMCG,Bearish,No,23644.06,-0.4376151980666652
2014-09-18,Thursday,September,2014,23616.37,23948.2,23159.17,23452.19,23540.59,-0.38,199.8,49937.9,23865.49,24001.19,36.99,19.74,0.84,Banking,Bearish,No,23540.59,-0.375521599076325
2014-09-19,Friday,September,2014,23364.12,23683.97,23099.06,23418.3,23452.19,-0.14,325.4,77023.2,23865.55,23990.74,35.96,19.83,0.83,Banking,Bearish,No,23452.19,-0.14450676034945745
2014-09-22,Monday,September,2014,23360.4,23840.64,23146.65,23624.47,23418.3,0.88,204.2,52942.2,23869.8,23980.78,52.29,19.83,1.36,Metal,Neutral,No,23418.3,0.8803798738593404
2014-09-23,Tuesday,September,2014,23583.87,23840.64,23432.22,23832.11,23624.47,0.88,235.8,52939.8,23880.08,23972.76,49.0,19.38,1.18,Energy,Neutral,No,23624.47,0.8789191884516326
2014-09-24,Wednesday,September,2014,23890.92,24222.01,23489.54,23819.64,23832.11,-0.05,224.9,55964.6,23892.43,23964.48,49.69,20.15,0.9,FMCG,Neutral,No,23832.11,-0.052324364061768616
2014-09-25,Thursday,September,2014,23834.82,23995.26,23744.9,23905.08,23819.64,0.36,261.5,63106.1,23909.62,23957.18,41.18,20.4,1.1,Banking,Unknown,No,23819.64,0.3586955974145803
2014-09-26,Friday,September,2014,23841.54,24263.15,23548.54,23968.59,23905.08,0.27,334.8,87177.1,23924.71,23949.07,46.91,20.36,1.28,Energy,Neutral,No,23905.08,0.26567574758167883
2014-09-29,Monday,September,2014,23833.96,24246.39,23548.54,23994.31,23968.59,0.11,215.5,49287.8,23935.52,23940.66,51.23,19.57,1.22,IT,Neutral,No,23968.59,0.10730710484013103
2014-09-30,Tuesday,September,2014,23908.88,24092.24,23838.72,24021.75,23994.31,0.11,243.2,53273.3,23948.17,23934.11,52.72,20.1,1.0,Pharma,Neutral,No,23994.31,0.11436044628913558
2014-10-01,Wednesday,October,2014,23895.4,24093.63,23506.66,23703.29,24021.75,-1.33,214.9,51385.3,23950.5,23925.12,50.63,21.28,0.48,IT,Neutral,No,24021.75,-1.3257152372329206
2014-10-02,Thursday,October,2014,23765.4,23829.97,23576.92,23641.15,23703.29,-0.26,267.7,63560.9,23953.54,23914.52,53.78,22.13,1.08,FMCG,Unknown,No,23703.29,-0.26215770047111353
2014-10-03,Friday,October,2014,23566.04,23860.94,23410.31,23704.29,23641.15,0.27,349.4,79703.8,23953.29,23904.48,49.47,21.43,0.83,Auto,Neutral,No,23641.15,0.2670766862018109
2014-10-06,Monday,October,2014,23752.69,24072.18,23536.05,23854.61,23704.29,0.63,225.9,59131.2,23958.48,23894.39,57.27,20.85,0.86,Energy,Neutral,No,23704.29,0.634146814774877
2014-10-07,Tuesday,October,2014,23893.53,24062.79,23799.32,23968.29,23854.61,0.48,291.9,63942.5,23966.18,23885.26,64.66,20.38,0.76,Energy,Neutral,No,23854.61,0.4765535885935686
2014-10-08,Wednesday,October,2014,24053.97,24087.43,23999.79,24033.22,23968.29,0.27,148.9,36283.0,23971.73,23876.25,70.25,21.25,1.16,FMCG,Neutral,No,23968.29,0.27089959275359354
2014-10-09,Thursday,October,2014,23981.69,24524.67,23802.09,24342.37,24033.22,1.29,262.8,60903.9,23978.17,23869.38,77.02,22.37,1.76,IT,Neutral,No,24033.22,1.2863444848422219
2014-10-10,Friday,October,2014,24371.93,24587.82,24086.31,24301.58,24342.37,-0.17,210.7,46102.7,23981.55,23862.41,71.92,24.57,0.96,Banking,Neutral,No,24342.37,-0.16756790731550475
2014-10-13,Monday,October,2014,24310.45,24530.35,24152.62,24372.12,24301.58,0.29,255.6,68373.3,23987.23,23856.14,69.18,21.58,1.18,IT,Neutral,No,24301.58,0.2902691923734886
2014-10-14,Tuesday,October,2014,24381.22,24848.02,24187.67,24652.32,24372.12,1.15,268.5,65948.1,24002.62,23851.26,74.85,21.07,1.23,Energy,Neutral,No,24372.12,1.1496742999788314
2014-10-15,Wednesday,October,2014,24650.91,24979.35,24471.41,24798.78,24652.32,0.59,317.3,84307.7,24022.11,23848.67,75.73,20.39,1.27,IT,Neutral,No,24652.32,0.5941022994995974
2014-10-16,Thursday,October,2014,24861.42,24959.11,24471.41,24855.17,24798.78,0.23,200.5,53224.0,24044.55,23846.25,75.63,19.59,1.12,Banking,Bullish,No,24798.78,0.2273902183897733
2014-10-17,Friday,October,2014,24909.79,25303.08,24409.69,24801.26,24855.17,-0.22,274.7,72384.1,24065.67,23842.67,72.96,19.68,1.07,Auto,Bullish,No,24855.17,-0.2168965249483301
2014-10-20,Monday,October,2014,24801.07,25043.28,24571.21,24813.31,24801.26,0.05,232.1,57119.6,24084.24,23837.62,72.72,18.21,0.3,Banking,Bullish,No,24801.26,0.048586241182919376
2014-10-21,Tuesday,October,2014,24779.11,24935.14,24075.9,24228.46,24813.31,-2.36,276.0,72165.7,24086.54,23829.45,63.07,20.03,0.34,Metal,Unknown,No,24813.31,-2.3570011417259615
2014-10-22,Wednesday,October,2014,24186.71,24395.61,24073.01,24281.47,24228.46,0.22,97.2,22975.1,24086.38,23823.02,66.01,18.94,1.26,Pharma,Bullish,No,24228.46,0.21879227982299346
2014-10-23,Thursday,October,2014,24284.05,24439.7,23854.32,24008.21,24281.47,-1.13,285.7,67334.7,24081.32,23815.84,56.88,19.13,0.81,IT,Neutral,No,24281.47,-1.1253849128574258
2014-10-24,Friday,October,2014,24284.05,24181.31,23819.18,23975.99,24008.21,-0.13,185.6,42325.2,24075.02,23809.16,52.9,18.91,0.92,FMCG,Neutral,No,24008.21,-0.13420409101718755
2014-10-27,Monday,October,2014,23969.41,24164.82,23650.76,23845.16,23975.99,-0.55,264.0,62297.6,24062.28,23802.65,47.08,18.54,1.34,Pharma,Unknown,No,23975.99,-0.5456708982611427
2014-10-28,Tuesday,October,2014,23752.75,24051.67,23243.78,23540.03,23845.16,-1.28,209.2,54037.4,24037.61,23794.93,39.5,17.26,0.85,Metal,Bearish,No,23845.16,-1.2796307510622744
2014-10-29,Wednesday,October,2014,23518.51,23643.84,23406.05,23531.32,23540.03,-0.04,253.9,60621.2,24014.79,23786.75,30.2,17.46,1.42,Metal,Unknown,No,23540.03,-0.037000802462864864
2014-10-30,Thursday,October,2014,23494.11,23698.76,23099.57,23302.56,23531.32,-0.97,363.2,90239.4,23992.88,23777.72,27.66,24.57,0.81,Banking,Bearish,No,23531.32,-0.9721511585410356
2014-10-31,Friday,October,2014,23303.61,23564.58,23040.35,23301.29,23302.56,-0.01,205.9,45706.5,23974.53,23769.0,25.29,16.76,1.0,Banking,Bearish,No,23302.56,-0.00545004497360134
2014-11-03,Monday,November,2014,23478.58,23564.58,22861.39,22983.31,23301.29,-1.36,169.4,42483.9,23949.94,23759.43,12.15,17.14,0.72,Auto,Bearish,No,23301.29,-1.3646454767096565
2014-11-04,Tuesday,November,2014,23012.97,23134.52,22809.72,22930.83,22983.31,-0.23,228.1,47212.5,23921.2,23747.43,5.75,17.37,0.74,FMCG,Bearish,No,22983.31,-0.2283396081765401
2014-11-05,Wednesday,November,2014,23017.66,23062.86,22724.61,22769.32,22930.83,-0.7,212.7,52597.7,23891.52,23736.04,2.94,17.72,1.02,IT,Bearish,No,22930.83,-0.7043356040753955
2014-11-06,Thursday,November,2014,22722.59,23108.44,22388.0,22773.11,22769.32,0.02,164.0,40320.8,23859.88,23724.3,3.18,16.89,0.87,Realty,Bearish,No,22769.32,0.016645205039065167
2014-11-07,Friday,November,2014,22774.61,23042.65,22546.14,22813.79,22773.11,0.18,216.3,45076.4,23838.7,23713.11,4.44,16.92,0.88,Energy,Bearish,No,22773.11,0.17863172838492541
2014-11-10,Monday,November,2014,22897.88,23123.94,22766.94,22992.46,22813.79,0.78,318.7,74813.5,23820.96,23702.87,15.44,17.67,0.87,Unknown,Bearish,No,22813.79,0.7831666724380222
2014-11-11,Tuesday,November,2014,22883.45,23010.34,22667.3,22793.7,22992.46,-0.86,229.0,55175.4,23798.63,23691.22,52.29,17.99,1.02,Banking,Bearish,No,22992.46,-0.8644573046990117
2014-11-12,Wednesday,November,2014,22777.74,22865.99,22582.83,22670.67,22793.7,-0.54,267.3,64257.8,23774.61,23681.43,12.51,17.67,1.42,IT,Bearish,No,22793.7,-0.5397544058226723
2014-11-13,Thursday,November,2014,22712.88,22908.86,22357.15,22551.74,22670.67,-0.52,233.4,48339.2,23749.0,23670.71,11.93,17.16,1.24,Auto,Bearish,No,22670.67,-0.5245985231137706
2014-11-14,Friday,November,2014,22546.83,22696.35,22383.27,22532.69,22551.74,-0.08,218.8,52549.5,23715.64,23660.09,12.69,16.6,1.24,Energy,Bearish,No,22551.74,-0.08447241764938275
2014-11-17,Monday,November,2014,22494.3,22736.82,22396.89,22638.78,22532.69,0.47,308.9,69462.6,23687.05,23651.06,21.11,15.28,1.44,Realty,Bearish,No,22532.69,0.4708270517190808
2014-11-18,Tuesday,November,2014,22604.03,22736.82,22492.98,22693.22,22638.78,0.24,215.2,46523.4,23661.78,23643.39,23.9,15.53,1.35,Pharma,Bearish,No,22638.78,0.2404723222717935
2014-11-19,Wednesday,November,2014,22714.69,23600.16,22467.03,23345.63,22693.22,2.87,405.7,86584.1,23649.92,23637.52,51.06,15.86,1.92,FMCG,Neutral,No,22693.22,2.8749115374547984
2014-11-20,Thursday,November,2014,23235.64,23412.31,23085.21,23261.71,23345.63,-0.36,224.4,53662.7,23641.49,23632.33,49.06,15.9,0.77,Pharma,Neutral,No,23345.63,-0.359467703377471
2014-11-21,Friday,November,2014,23270.41,23511.05,23198.56,23438.68,23261.71,0.76,291.3,62026.8,23639.71,23628.01,61.55,15.98,0.96,Banking,Bullish,No,23261.71,0.7607781199232608
2014-11-24,Monday,November,2014,23489.72,23683.71,23102.43,23294.82,23438.68,-0.61,234.9,57905.2,23631.24,23623.67,58.83,15.48,1.36,Auto,Neutral,No,23438.68,-0.613771765304192
2014-11-25,Tuesday,November,2014,23269.51,23391.79,22943.3,23064.5,23294.82,-0.99,280.2,68126.3,23619.64,23617.82,56.93,15.61,0.61,Metal,Neutral,No,23294.82,-0.9887176634118646
2014-11-26,Wednesday,November,2014,22956.56,23241.99,22713.58,22998.57,23064.5,-0.29,249.8,55416.0,23608.8,23610.6,55.14,24.57,0.95,Auto,Neutral,No,23064.5,-0.2858505495458401
2014-11-27,Thursday,November,2014,22963.24,23713.02,22713.58,23384.98,22998.57,1.68,343.2,79812.4,23607.46,23606.69,61.25,14.96,1.22,Banking,Bullish,No,22998.57,1.680147939632768
2014-11-28,Friday,November,2014,23376.3,23529.39,23370.45,23523.5,23384.98,0.59,278.2,67657.2,23609.56,23603.41,60.63,13.98,0.96,Pharma,Bullish,No,23384.98,0.5923460272362877
2014-12-01,Monday,December,2014,23447.53,23821.01,23326.25,23698.44,23523.5,0.74,206.3,53379.2,23611.04,23602.43,68.28,14.61,0.95,Pharma,Bullish,No,23523.5,0.7436818500648232
2014-12-02,Tuesday,December,2014,23700.62,23945.25,23497.88,23742.16,23698.44,0.18,338.4,80667.3,23609.24,23599.87,72.36,14.87,0.95,Auto,Bullish,No,23698.44,0.18448471713750428
2014-12-03,Wednesday,December,2014,23754.41,23937.18,23486.83,23668.94,23742.16,-0.31,237.0,61667.7,23606.23,23596.67,73.77,14.43,1.09,Energy,Bullish,No,23742.16,-0.3083965401631577
2014-12-04,Thursday,December,2014,23754.33,24063.31,23220.15,23526.16,23668.94,-0.6,305.3,69313.0,23598.65,23593.43,70.08,24.57,0.94,Banking,Bullish,No,23668.94,-0.6032378298309887
2014-12-05,Friday,December,2014,23514.52,23700.82,23130.54,23315.26,23526.16,-0.9,121.8,28548.5,23585.59,23588.76,63.12,14.3,0.88,FMCG,Bullish,No,23526.16,-0.8964488892364987
2014-12-08,Monday,December,2014,23323.07,23528.72,23081.04,23286.37,23315.26,-0.12,274.4,58985.5,23571.43,23584.35,61.62,13.76,0.96,Energy,Bullish,No,23315.26,-0.12391026306375919
2014-12-09,Tuesday,December,2014,23247.88,23625.45,23021.83,23397.94,23286.37,0.48,289.8,68572.6,23558.95,23580.45,51.3,13.57,1.38,Auto,Neutral,No,23286.37,0.4791214774994974
2014-12-10,Wednesday,December,2014,23364.45,23601.84,23241.16,23477.96,23397.94,0.34,251.1,59381.3,23554.44,23574.92,55.38,13.35,1.07,Realty,Neutral,No,23397.94,0.34199591929888035
2014-12-11,Thursday,December,2014,23527.56,23764.27,23061.54,23295.92,23477.96,-0.78,123.7,30827.4,23547.54,23568.95,46.45,13.56,0.88,Banking,Neutral,No,23477.96,-0.7753654917207495
2014-12-12,Friday,December,2014,23279.53,23769.2,23055.53,23542.67,23295.92,1.06,229.1,59292.7,23544.31,23565.53,55.86,12.5,1.24,IT,Neutral,No,23295.92,1.0591983488954289
2014-12-15,Monday,December,2014,23601.05,23799.6,23395.2,23593.69,23542.67,0.22,169.4,43854.0,23539.09,23560.92,63.66,13.2,1.4,Banking,Bullish,No,23542.67,0.216712887705602
2014-12-16,Tuesday,December,2014,23590.38,23752.89,23582.62,23745.08,23593.69,0.64,321.6,72336.7,23534.62,23557.34,68.46,13.48,0.94,Realty,Bullish,No,23593.69,0.6416546118898869
2014-12-17,Wednesday,December,2014,23663.6,23939.57,23546.32,23821.51,23745.08,0.32,163.8,37758.9,23530.39,23554.51,62.75,13.88,1.44,Metal,Bullish,No,23745.08,0.3218772057200761
2014-12-18,Thursday,December,2014,23771.99,24177.94,23564.15,23968.39,23821.51,0.62,283.9,64979.5,23522.91,23551.34,62.93,14.45,1.32,Banking,Bullish,No,23821.51,0.6165855984780185
2014-12-19,Friday,December,2014,24142.28,24177.94,23764.54,23947.0,23968.39,-0.09,207.1,46615.4,23515.82,23549.24,57.93,15.14,1.43,IT,Neutral,No,23968.39,-0.08924253986187398
2014-12-22,Monday,December,2014,23939.78,24464.86,23676.54,24198.77,23947.0,1.05,337.0,75843.6,23512.35,23547.64,62.86,15.44,1.15,Banking,Bullish,No,23947.0,1.0513634275692172
2014-12-23,Tuesday,December,2014,24081.5,24658.26,23815.93,24389.3,24198.77,0.79,272.8,66690.3,23507.09,23547.34,69.03,16.04,1.19,Auto,Bullish,No,24198.77,0.7873540679960132
2014-12-24,Wednesday,December,2014,24306.01,25111.0,24078.06,24877.69,24389.3,2.0,279.4,74686.6,23508.67,23550.59,80.2,16.76,1.59,IT,Bullish,No,24389.3,2.0024764958403867
2014-12-25,Thursday,December,2014,24824.49,25098.27,24362.06,24633.73,24877.69,-0.98,223.1,55945.6,23504.24,23552.73,79.03,16.51,0.41,IT,Bullish,No,24877.69,-0.980637671745243
2014-12-26,Friday,December,2014,24567.72,25155.44,24322.03,24906.37,24633.73,1.11,267.3,66425.0,23506.34,23557.6,82.21,16.72,1.96,Auto,Bullish,No,24633.73,1.106775141239266
2014-12-29,Monday,December,2014,24824.24,24970.57,24534.13,24679.61,24906.37,-0.91,80.4,39537.4,23503.67,23560.29,74.37,16.59,0.48,Energy,Bullish,No,24906.37,-0.9104498166533236
2014-12-30,Tuesday,December,2014,24787.88,24985.61,24261.33,24456.41,24679.61,-0.9,371.9,88827.7,23508.23,23561.35,67.64,16.49,0.42,FMCG,Bullish,No,24679.61,-0.9043903043848778
2014-12-31,Wednesday,December,2014,24505.18,24601.84,24416.85,24456.41,24456.41,0.23,310.5,81224.2,23512.87,23562.96,72.99,16.09,1.51,Energy,Bullish,No,24456.41,0.0
2015-01-01,Thursday,January,2015,24498.79,25035.72,24156.45,24690.7,24513.48,0.72,260.0,58448.2,23526.52,23565.01,72.26,15.67,1.47,FMCG,Bullish,No,24456.41,0.957990154728355
2015-01-02,Friday,January,2015,24647.2,24754.43,24156.45,24680.83,24690.7,-0.04,278.4,39537.4,23540.62,23567.08,71.42,15.07,0.93,Banking,Bullish,No,24690.7,-0.03997456532216171
2015-01-05,Monday,January,2015,24668.86,24810.25,24660.56,24801.91,24680.83,0.49,242.2,58487.9,23559.75,23570.41,71.08,13.74,0.61,FMCG,Bullish,No,24680.83,0.4905831773080488
2015-01-06,Tuesday,January,2015,24934.41,25345.4,24022.81,24425.41,24801.91,-1.52,323.3,74305.9,23577.46,23573.36,60.76,13.07,1.01,Auto,Bullish,No,24801.91,-1.5180282486308514
2015-01-07,Wednesday,January,2015,24362.02,24648.88,24176.17,24462.27,24425.41,0.15,286.7,69269.2,23596.08,23575.9,59.16,13.3,1.63,FMCG,Neutral,No,24425.41,0.15090841873278926
2015-01-08,Thursday,January,2015,24346.53,24765.65,24064.62,24482.17,24462.27,0.08,209.8,50785.3,23619.67,23578.75,59.93,13.47,1.21,IT,Neutral,No,24462.27,0.08134976843930598
2015-01-09,Friday,January,2015,24531.18,24799.35,24044.36,24310.11,24482.17,-0.7,301.8,77895.3,23639.85,23580.47,52.13,13.38,0.92,Banking,Neutral,No,24482.17,-0.7027971785180712
2015-01-12,Monday,January,2015,24383.63,24705.36,24044.36,24408.03,24310.11,0.4,132.3,34674.4,23668.34,23582.24,50.37,13.04,1.19,Realty,Neutral,No,24310.11,0.40279538019366534
2015-01-13,Tuesday,January,2015,24514.32,24768.4,24211.59,24465.16,24408.03,0.23,244.6,61720.2,23699.03,23584.94,40.14,14.17,0.95,IT,Neutral,No,24408.03,0.2340623147382276
2015-01-14,Wednesday,January,2015,24439.3,24693.21,24057.3,24309.87,24465.16,-0.63,251.1,62670.5,23729.84,23586.17,41.92,13.95,1.15,Pharma,Neutral,No,24465.16,-0.6347393599714896
2015-01-15,Thursday,January,2015,24284.94,24317.97,24113.82,24146.66,24309.87,-0.67,233.4,51964.4,23757.31,23584.75,52.29,13.49,0.66,IT,Bearish,No,24309.87,-0.6713733968959897
2015-01-16,Friday,January,2015,24292.43,24393.13,24153.51,24254.06,24146.66,0.44,229.7,56550.2,23786.11,23584.1,38.01,13.1,1.31,Realty,Bearish,No,24146.66,0.44478201125953426
2015-01-19,Monday,January,2015,24297.39,24358.41,24210.73,24271.69,24254.06,0.07,209.1,48462.6,23811.7,23583.74,44.11,13.33,1.09,Realty,Neutral,No,24254.06,0.07268886116385208
2015-01-20,Tuesday,January,2015,24265.5,24380.04,24129.14,24243.58,24271.69,-0.12,292.3,67955.2,23840.7,23583.01,41.24,13.43,0.96,Energy,Neutral,No,24271.69,-0.11581393796640013
2015-01-21,Wednesday,January,2015,24280.19,24422.66,24117.36,24259.71,24243.58,0.07,219.8,49001.3,23872.48,23582.25,34.37,13.78,0.77,Auto,Bearish,No,24243.58,0.06653307803549384
2015-01-22,Thursday,January,2015,24227.98,24515.85,24045.45,24332.54,24259.71,0.3,404.2,101024.7,23908.09,23581.39,37.92,13.79,0.74,Auto,Bearish,No,24259.71,0.3002096892337202
2015-01-23,Friday,January,2015,24354.53,24457.04,23769.53,23870.0,24332.54,-1.9,260.5,63223.6,23934.84,23585.29,23.87,12.83,0.52,IT,Bearish,No,24332.54,-1.9009112899845262
2015-01-26,Monday,January,2015,23890.41,24047.85,23632.9,23789.68,23870.0,-0.34,270.2,60683.6,23957.86,23588.15,28.63,13.66,0.76,Banking,Bearish,No,23870.0,-0.3364893171344772
2015-01-27,Tuesday,January,2015,23849.21,24017.15,23707.82,23875.61,23789.68,0.36,291.7,66344.5,23981.5,23591.51,30.91,13.6,1.16,Banking,Bearish,No,23789.68,0.3612070443990852
2015-01-28,Wednesday,January,2015,23805.06,24210.03,23707.82,23985.01,23875.61,0.46,219.4,55496.3,23994.29,23596.79,34.71,14.08,1.21,FMCG,Bearish,No,23875.61,0.4582081881886906
2015-01-29,Thursday,January,2015,24010.58,24275.57,23660.28,23924.32,23985.01,-0.25,159.9,40496.2,24007.54,23602.24,37.26,13.15,1.01,Realty,Bearish,No,23985.01,-0.2530330402196984
2015-01-30,Friday,January,2015,23840.59,24234.09,23629.44,24021.34,23924.32,0.41,213.1,39537.4,24019.2,23607.52,37.23,13.5,1.1,IT,Bearish,No,23924.32,0.4055287673798061
2015-02-02,Monday,February,2015,24156.5,24642.02,23902.34,24385.45,24021.34,1.52,215.4,48838.9,24041.01,23615.73,47.81,24.57,1.7,FMCG,Neutral,No,24021.34,1.5157772214206227
2015-02-03,Tuesday,February,2015,24354.78,24602.01,24141.35,24388.29,24385.45,0.01,171.2,38041.7,24067.49,23623.63,52.35,13.97,0.98,Pharma,Neutral,No,24385.45,0.011646289078118901
2015-02-04,Wednesday,February,2015,24267.21,24670.44,23957.85,24359.9,24388.29,-0.12,249.1,57907.0,24094.71,23631.69,56.95,14.18,0.89,IT,Neutral,No,24388.29,-0.11640832547095109
2015-02-05,Thursday,February,2015,24562.87,24942.53,23752.24,24125.13,24359.9,-0.96,424.1,107045.4,24109.52,23638.61,46.12,14.64,0.9,Banking,Neutral,No,24359.9,-0.9637560088506127
2015-02-06,Friday,February,2015,24267.21,24324.85,24044.42,24125.13,24125.13,0.65,356.3,88259.5,24124.68,23645.44,50.27,14.44,1.22,IT,Neutral,No,24125.13,0.0
2015-02-09,Monday,February,2015,24288.43,24592.83,23755.11,24056.61,24281.51,-0.93,230.3,57819.1,24131.84,23651.52,45.32,14.91,0.76,Energy,Neutral,No,24125.13,-0.28401919492247474
2015-02-10,Tuesday,February,2015,23934.26,24184.57,23866.25,24116.04,24056.61,0.25,289.1,69325.5,24139.32,23657.48,46.48,14.94,1.37,Realty,Neutral,No,24056.61,0.2470422890008205
2015-02-11,Wednesday,February,2015,24112.21,24323.03,23866.92,24077.43,24116.04,-0.16,206.2,52176.8,24147.49,23663.56,43.64,15.32,1.07,IT,Neutral,No,24116.04,-0.16010091209004704
2015-02-12,Thursday,February,2015,24198.25,24665.5,23979.37,24444.39,24077.43,1.52,242.9,59147.5,24165.85,23671.21,65.04,15.39,1.79,Metal,Bullish,No,24077.43,1.5240829274552936
2015-02-13,Friday,February,2015,24496.09,24665.5,24225.87,24481.3,24444.39,0.15,222.6,49961.5,24189.17,23680.04,68.53,15.45,0.58,Metal,Bullish,No,24444.39,0.15099579085426085
2015-02-16,Monday,February,2015,24356.38,24699.35,24166.49,24508.28,24481.3,0.11,94.2,21146.9,24213.61,23689.83,67.5,15.21,1.83,FMCG,Bullish,No,24481.3,0.11020656582779331
2015-02-17,Tuesday,February,2015,24452.17,24794.96,24257.03,24598.65,24508.28,0.37,137.5,36065.6,24237.62,23699.53,67.16,15.27,1.34,Banking,Bullish,No,24508.28,0.3687325263135668
2015-02-18,Wednesday,February,2015,24666.41,24962.67,24435.2,24730.85,24598.65,0.54,301.5,76496.6,24262.68,23710.14,71.68,15.12,1.36,Metal,Bullish,No,24598.65,0.537427866976428
2015-02-19,Thursday,February,2015,24666.41,25301.28,24614.16,25135.0,24730.85,1.63,382.2,91822.3,24299.46,23721.9,75.7,15.07,1.5,IT,Bullish,No,24730.85,1.6341937296938904
2015-02-20,Friday,February,2015,25098.35,25211.43,25088.26,25201.29,25135.0,0.26,83.8,22204.9,24332.64,23733.84,71.82,15.17,0.64,Energy,Bullish,No,25135.0,0.2637358265367053
2015-02-23,Monday,February,2015,25231.31,25432.98,25022.49,25224.11,25201.29,0.09,312.0,72965.8,24365.24,23746.42,72.12,15.8,1.25,Auto,Bullish,No,25201.29,0.09055092021082932
2015-02-24,Tuesday,February,2015,25133.44,25365.52,25007.66,25239.21,25224.11,0.06,292.5,75969.2,24395.13,23759.37,73.44,16.29,1.35,IT,Bullish,No,25224.11,0.05986336088765291
2015-02-25,Wednesday,February,2015,25140.25,25383.86,25023.02,25266.05,25239.21,0.11,204.4,56699.6,24424.02,23770.03,84.2,16.0,0.53,Pharma,Bullish,No,25239.21,0.10634247268436747
2015-02-26,Thursday,February,2015,25077.06,25575.17,24969.89,25266.05,25266.05,0.79,286.6,67877.7,24453.98,23781.31,84.61,15.99,1.53,Energy,Bullish,No,25266.05,0.0
2015-02-27,Friday,February,2015,25537.03,25539.97,25321.8,25324.71,25466.33,-0.56,357.0,83934.9,24481.53,23792.15,88.93,15.04,1.28,FMCG,Bullish,No,25266.05,0.23216925479051873
2015-03-02,Monday,March,2015,25316.72,25478.78,25103.27,25265.0,25324.71,-0.24,305.4,76662.9,24502.86,23801.56,85.27,14.5,1.37,Energy,Bullish,No,25324.71,-0.23577762588396523
2015-03-03,Tuesday,March,2015,25265.32,25467.52,24933.02,25134.17,25265.0,-0.52,275.7,71272.0,24517.75,23810.66,80.7,14.36,0.99,FMCG,Bullish,No,25265.0,-0.5178309914902108
2015-03-04,Wednesday,March,2015,24902.7,25522.31,24626.98,25242.82,25134.17,0.43,203.5,46505.0,24525.06,23819.95,77.29,14.79,1.12,Realty,Bullish,No,25134.17,0.4322800394841026
2015-03-05,Thursday,March,2015,25239.06,25556.97,25096.79,25413.71,25242.82,0.68,229.0,58193.6,24540.66,23829.21,79.2,15.05,1.51,IT,Bullish,No,25242.82,0.6769845841312477
2015-03-06,Friday,March,2015,25455.72,25901.41,25091.45,25535.99,25413.71,0.48,285.9,66921.1,24553.25,23838.72,80.37,14.8,1.28,Energy,Bullish,No,25413.71,0.48115761138378643
2015-03-09,Monday,March,2015,25375.92,25670.38,25113.66,25407.79,25535.99,-0.5,277.7,66907.1,24567.81,23846.97,73.39,14.48,0.94,Energy,Bullish,No,25535.99,-0.5020365374516544
2015-03-10,Tuesday,March,2015,25411.16,25500.5,25242.87,25331.93,25407.79,-0.3,304.7,80465.2,24585.32,23855.08,67.96,15.15,0.74,Auto,Bullish,No,25407.79,-0.2985698480662843
2015-03-11,Wednesday,March,2015,25326.88,25521.12,25242.87,25367.72,25331.93,0.14,140.4,37317.8,24602.41,23865.59,58.92,15.09,0.56,IT,Neutral,No,25331.93,0.14128414218735355
2015-03-12,Thursday,March,2015,25332.31,25765.78,24924.81,25357.87,25367.72,-0.04,248.6,65936.1,24615.75,23876.59,56.27,15.7,1.24,Unknown,Neutral,No,25367.72,-0.038828873860174196
2015-03-13,Friday,March,2015,25457.35,25738.39,24982.43,25261.31,25357.87,-0.38,282.3,65110.6,24627.36,23888.67,51.41,15.19,0.78,Auto,Neutral,No,25357.87,-0.38078908047086635
2015-03-16,Monday,March,2015,25342.22,25491.55,24920.2,25067.91,25261.31,-0.77,244.0,64673.7,24632.68,23900.62,44.29,15.21,0.45,Auto,Neutral,No,25261.31,-0.7655976669460193
2015-03-17,Tuesday,March,2015,25317.41,25610.35,24406.38,24692.08,25067.91,-1.5,439.0,106928.5,24638.01,23911.24,34.49,15.17,0.2,Energy,Bearish,No,25067.91,-1.4992474442424524
2015-03-18,Wednesday,March,2015,24602.23,24674.93,24478.1,24550.65,24692.08,-0.57,196.9,48101.5,24639.78,23921.21,24.44,16.03,0.76,IT,Bearish,No,24692.08,-0.5727747520662507
2015-03-19,Thursday,March,2015,24582.22,24724.53,24185.49,24326.32,24550.65,-0.91,262.7,62878.8,24636.66,23930.39,23.36,16.21,0.33,Banking,Bearish,No,24550.65,-0.9137436279691239
2015-03-20,Friday,March,2015,24435.78,24681.65,24403.53,24649.12,24326.32,1.33,329.3,86965.4,24643.44,23940.91,35.59,15.61,1.77,FMCG,Bearish,No,24326.32,1.3269577971513953
2015-03-23,Monday,March,2015,24597.93,24854.11,23971.07,24223.35,24649.12,-1.73,267.3,90267.6,24639.75,23948.75,31.27,15.54,0.59,IT,Unknown,No,24649.12,-1.7273233283784593
2015-03-24,Tuesday,March,2015,24346.25,24427.51,24228.18,24309.32,24223.35,0.35,2.23,54210.1,24636.63,23956.82,30.62,15.69,1.45,Auto,Bearish,No,24223.35,0.3549054940790649
2015-03-25,Wednesday,March,2015,24335.93,24522.77,23705.83,23889.24,24309.32,-1.73,293.1,74700.7,24628.22,23963.12,21.32,15.47,0.2,Auto,Bearish,No,24309.32,-1.728061500691908
2015-03-26,Thursday,March,2015,23764.06,23807.17,23713.14,23756.24,23889.24,-0.56,289.9,73075.4,24620.41,23968.65,16.66,14.01,0.39,Energy,Bearish,No,23889.24,-0.5567360033219977
2015-03-27,Friday,March,2015,23664.6,23872.89,23442.9,23651.07,23756.24,-0.44,267.3,57557.8,24608.35,23974.8,16.8,12.94,1.38,Auto,Bearish,No,23756.24,-0.44270473778679575
2015-03-30,Monday,March,2015,23609.89,23923.0,23428.01,23740.12,23651.07,0.38,244.3,57752.1,24597.72,23980.77,52.29,13.37,0.89,FMCG,Bearish,No,23651.07,0.3765157348060755
2015-03-31,Tuesday,March,2015,23733.84,23783.79,23605.89,23655.68,23740.12,-0.36,126.3,27141.8,24585.96,23985.35,18.39,24.57,0.91,Banking,Bearish,No,23740.12,-0.3556848069849634
2015-04-01,Wednesday,April,2015,23743.57,23888.18,23176.11,23318.13,23655.68,-1.43,301.2,67525.8,24567.13,23987.85,16.4,14.3,0.29,Banking,Bearish,No,23655.68,-1.4269300227260397
2015-04-02,Thursday,April,2015,23311.86,23538.64,23112.94,23339.49,23318.13,0.09,321.5,79596.2,24547.27,23990.17,17.54,14.4,0.78,Pharma,Bearish,No,23318.13,0.09160254274249513
2015-04-03,Friday,April,2015,23423.46,23740.79,23194.36,23510.84,23339.49,0.73,291.8,74697.4,24540.09,23992.66,23.5,14.2,1.42,Metal,Bearish,No,23339.49,0.734163428592478
2015-04-06,Monday,April,2015,23518.45,23855.54,23092.2,23428.0,23510.84,-0.35,191.1,42461.3,24532.85,23994.13,26.11,13.93,0.84,FMCG,Bearish,No,23510.84,-0.3523481083619307
2015-04-07,Tuesday,April,2015,23428.87,23730.43,23008.74,23308.76,23428.0,-0.51,158.1,33323.9,24521.52,23994.89,26.33,14.17,1.22,Auto,Bearish,No,23428.0,-0.5089636332593547
2015-04-08,Wednesday,April,2015,23288.35,23409.91,22872.67,22992.69,23308.76,-1.36,346.3,78068.4,24501.67,23993.57,25.44,13.95,0.2,Auto,Bearish,No,23308.76,-1.35601379052339
2015-04-09,Thursday,April,2015,23060.43,23217.15,22941.18,23097.71,22992.69,0.46,215.1,48044.8,24485.14,23993.2,18.93,15.09,1.15,FMCG,Bearish,No,22992.69,0.4567538639454559
2015-04-10,Friday,April,2015,23106.68,23159.3,22998.51,23051.01,23097.71,-0.2,310.2,74035.0,24465.73,23992.56,22.32,15.29,0.78,Banking,Bearish,No,23097.71,-0.20218454556750745
2015-04-13,Monday,April,2015,23000.35,23326.87,22909.24,23234.84,23051.01,0.8,338.3,78525.8,24442.72,23992.39,25.75,15.15,1.19,Auto,Bearish,No,23051.01,0.797492170625069
2015-04-14,Tuesday,April,2015,23257.99,23524.08,22834.74,23099.01,23234.84,-0.58,240.5,54429.2,24416.93,23990.61,29.54,15.61,0.75,Banking,Bearish,No,23234.84,-0.5845962356530182
2015-04-15,Wednesday,April,2015,23067.32,23105.23,23010.42,23048.3,23099.01,-0.22,250.5,54613.1,24390.7,23989.49,30.86,15.93,1.12,Auto,Bearish,No,23099.01,-0.21953321809029536
2015-04-16,Thursday,April,2015,23012.86,23313.35,22843.02,23142.55,23048.3,0.41,267.4,65948.7,24371.05,23988.38,36.17,15.35,1.08,Energy,Bearish,No,23048.3,0.4089238685716517
2015-04-17,Friday,April,2015,23224.66,23382.44,22702.91,22858.2,23142.55,-1.23,210.2,45630.1,24342.58,23985.59,28.32,15.06,0.54,Unknown,Bearish,No,23142.55,-1.2286891461831067
2015-04-20,Monday,April,2015,22847.27,22960.79,22617.51,22730.45,22858.2,-0.56,350.5,39537.4,24316.06,23982.19,27.73,14.1,1.34,FMCG,Bearish,No,22858.2,-0.5588804017814175
2015-04-21,Tuesday,April,2015,22876.01,22939.85,22792.83,22856.62,22730.45,0.56,277.5,64246.7,24290.87,23979.88,37.63,14.31,0.82,Energy,Bearish,No,22730.45,0.5550704011579104
2015-04-22,Wednesday,April,2015,22907.04,22916.72,22674.88,22684.47,22856.62,-0.75,267.1,58376.8,24263.01,23977.29,33.76,15.0,0.42,Auto,Bearish,No,22856.62,-0.753173478843319
2015-04-23,Thursday,April,2015,22632.36,22825.2,22568.39,22760.86,22684.47,0.34,296.0,70234.6,24229.34,23975.87,30.48,15.6,1.67,IT,Bearish,No,22684.47,0.336750208402486
2015-04-24,Friday,April,2015,22703.88,23528.65,22529.8,23349.61,22760.86,2.59,364.4,77953.6,24206.71,23976.55,48.39,14.89,2.38,Pharma,Neutral,No,22760.86,2.5866773048118565
2015-04-27,Monday,April,2015,22703.88,23828.77,23020.99,23583.72,23349.61,1.0,204.4,52700.8,24188.22,23977.19,55.41,14.26,0.8,Energy,Neutral,No,23349.61,1.0026291659689415
2015-04-28,Tuesday,April,2015,23626.59,23967.94,22950.22,23286.66,23583.72,-1.26,235.5,51405.5,24161.98,23976.68,55.83,13.83,1.22,IT,Neutral,No,23583.72,-1.2595977224967108
2015-04-29,Wednesday,April,2015,23226.82,23631.49,23009.93,23412.86,23286.66,0.54,118.2,26882.8,24135.62,23975.81,56.19,13.22,1.35,IT,Neutral,No,23286.66,0.5419411800575983
2015-04-30,Thursday,April,2015,23226.82,23768.04,23012.56,23524.07,23412.86,0.47,247.6,58023.7,24103.4,23975.99,59.07,12.55,0.94,Auto,Neutral,No,23412.86,0.47499536579469204
2015-05-01,Friday,May,2015,23407.52,24015.97,23069.68,23674.28,23524.07,0.64,284.9,72710.6,24072.86,23975.77,58.53,11.58,1.21,IT,Neutral,No,23524.07,0.6385374639677536
2015-05-04,Monday,May,2015,23595.86,23816.56,23237.76,23457.16,23674.28,-0.92,255.0,62478.0,24037.52,23975.08,56.74,12.46,0.56,Energy,Neutral,No,23674.28,-0.9171134243575687
2015-05-05,Tuesday,May,2015,23480.86,24114.92,23200.68,23830.57,23457.16,1.59,267.3,50695.5,24009.35,23976.32,63.13,12.87,1.53,Energy,Bullish,No,23457.16,1.591880688028729
2015-05-06,Wednesday,May,2015,23824.66,23979.08,23626.45,23780.59,23830.57,-0.21,200.8,47165.2,23979.64,23976.44,60.87,24.57,0.81,IT,Bullish,No,23830.57,-0.20973061072395485
2015-05-07,Thursday,May,2015,23847.85,24107.43,23365.08,23622.21,23780.59,-0.67,231.4,55130.9,23942.76,23974.45,63.6,13.4,0.42,FMCG,Bullish,No,23780.59,-0.6660053430129405
2015-05-08,Friday,May,2015,23557.92,23766.17,23216.23,23423.29,23622.21,-0.84,314.5,76644.2,23904.73,23970.91,62.03,13.29,0.32,Metal,Bullish,No,23622.21,-0.8420888646743816
2015-05-11,Monday,May,2015,23400.5,23565.07,23206.62,23370.98,23423.29,-0.22,317.1,75173.8,23866.85,23967.32,59.16,12.95,0.99,Banking,Neutral,No,23423.29,-0.22332473363050753
2015-05-12,Tuesday,May,2015,23493.49,23826.83,22994.11,23370.98,23370.98,-0.2,65.7,15193.8,23830.66,23964.53,61.95,12.89,0.69,Energy,Bullish,No,23370.98,0.0
2015-05-13,Wednesday,May,2015,23301.19,23538.93,23226.91,23464.13,23325.06,0.6,244.9,60515.5,23795.09,23962.73,62.82,13.01,0.77,IT,Bullish,No,23370.98,0.39857121952096775
2015-05-14,Thursday,May,2015,23479.93,23587.01,23226.91,22141.97,23464.13,-5.63,482.3,104186.3,23729.66,23954.78,32.63,24.57,0.2,Banking,Bearish,No,23464.13,-5.634813649600474
2015-05-15,Friday,May,2015,22098.38,22554.05,21817.5,22270.98,22141.97,0.58,233.3,57020.7,23664.36,23947.4,30.53,19.19,1.35,Banking,Bearish,No,22141.97,0.5826491500078737
2015-05-18,Monday,May,2015,22255.91,22609.97,21991.41,22344.42,22270.98,0.33,287.0,69871.6,23603.09,23939.7,35.03,20.67,1.27,IT,Bearish,No,22270.98,0.3297564813043642
2015-05-19,Tuesday,May,2015,22376.28,22556.43,21991.41,22212.43,22344.42,-0.59,267.3,50824.8,23540.7,23930.2,30.96,20.54,0.83,Auto,Bearish,No,22344.42,-0.590706762583222
2015-05-20,Wednesday,May,2015,22256.22,22464.51,22041.97,22250.2,22212.43,0.17,269.6,64576.9,23478.35,23920.0,29.32,20.48,0.79,Metal,Bearish,No,22212.43,0.17003992809431673
2015-05-21,Thursday,May,2015,22258.09,22941.53,22033.96,22250.2,22250.2,2.08,441.3,98090.2,23425.45,23912.26,35.83,20.65,2.05,IT,Bearish,No,22250.2,0.0
2015-05-22,Friday,May,2015,22695.12,22909.82,22181.7,22393.54,22712.82,-1.41,264.3,60150.5,23368.09,23902.77,34.78,21.31,0.79,Banking,Bearish,No,22250.2,0.6442189283691838
2015-05-25,Monday,May,2015,22402.29,22603.12,22002.12,22201.14,22393.54,-0.86,250.3,53042.8,23310.76,23891.37,25.41,21.36,1.38,FMCG,Bearish,No,22393.54,-0.859176351751449
2015-05-26,Tuesday,May,2015,22152.11,22617.62,22049.37,22513.2,22201.14,1.41,274.9,66662.1,23267.18,23880.07,32.28,20.84,1.85,Banking,Bearish,No,22201.14,1.4056034960366959
2015-05-27,Wednesday,May,2015,22498.65,22790.07,22049.37,22037.94,22513.2,-2.11,471.0,103197.2,23216.92,23866.89,29.65,23.71,0.39,IT,Bearish,No,22513.2,-2.1110281967912248
2015-05-28,Thursday,May,2015,22059.91,22394.43,21901.44,22234.7,22037.94,0.89,234.2,52450.1,23175.09,23856.08,34.72,23.34,1.83,Realty,Bearish,No,22037.94,0.892823920929098
2015-05-29,Friday,May,2015,22300.54,22678.93,22210.5,22587.73,22234.7,1.59,386.3,93618.6,23133.86,23847.92,40.66,23.89,1.55,Auto,Neutral,No,22234.7,1.587743482034832
2015-06-01,Monday,June,2015,22525.96,22832.06,22333.67,22638.81,22587.73,0.23,229.1,54949.2,23102.17,23840.05,41.82,23.88,1.1,Energy,Neutral,No,22587.73,0.2261404753819961
2015-06-02,Tuesday,June,2015,22626.78,23105.49,22414.7,22890.94,22638.81,1.11,285.3,62979.5,23073.81,23832.67,43.35,24.06,1.36,Banking,Neutral,No,22638.81,1.1137069483775752
2015-06-03,Wednesday,June,2015,22821.92,23040.59,22560.24,22778.49,22890.94,-0.49,294.4,61526.5,23051.59,23825.29,52.29,23.99,0.69,Auto,Neutral,No,22890.94,-0.49124238672591475
2015-06-04,Thursday,June,2015,22748.12,23215.08,22477.62,22942.27,22778.49,0.72,233.3,49907.1,23035.31,23818.23,60.71,24.32,1.91,FMCG,Neutral,No,22778.49,0.7190116640743036
2015-06-05,Friday,June,2015,23011.13,23160.26,22674.25,22822.16,22942.27,-0.52,305.3,67433.8,23018.73,23812.97,57.51,24.62,0.58,Energy,Neutral,No,22942.27,-0.5235314552570455
2015-06-08,Monday,June,2015,22785.43,23099.69,22609.09,22922.29,22822.16,0.44,225.2,49610.8,23002.38,23808.19,61.27,24.33,0.65,Banking,Neutral,No,22822.16,0.43874024194029404
2015-06-09,Tuesday,June,2015,22915.69,23021.66,22771.81,22877.6,22922.29,-0.19,165.7,34407.8,22986.82,23803.03,59.94,23.43,0.8,Metal,Neutral,No,22922.29,-0.19496306869864366
2015-06-10,Wednesday,June,2015,22792.72,23450.71,22589.07,23243.04,22877.6,1.6,359.6,82446.3,22985.31,23799.88,58.67,23.68,1.64,Banking,Neutral,No,22877.6,1.5973703535335977
2015-06-11,Thursday,June,2015,23203.91,23407.0,23097.97,23300.62,23243.04,0.25,269.0,57737.7,22984.54,23797.23,66.22,23.23,0.92,Metal,Neutral,No,23243.04,0.24773007317458517
2015-06-12,Friday,June,2015,23192.39,23680.65,23061.58,23547.83,23300.62,1.06,237.3,52759.7,22985.28,23793.96,73.61,22.91,1.25,Banking,Neutral,No,23300.62,1.0609588929393414
2015-06-15,Monday,June,2015,23567.52,23680.65,23037.37,23315.61,23547.83,-0.99,339.0,83584.4,22983.03,23790.2,64.47,22.24,0.2,Auto,Neutral,No,23547.83,-0.9861630562136773
2015-06-16,Tuesday,June,2015,23341.36,23540.83,22849.31,23046.26,23315.61,-1.16,219.4,50511.7,22977.78,23785.65,69.65,22.96,0.24,Banking,Neutral,No,23315.61,-1.1552346260724131
2015-06-17,Wednesday,June,2015,23069.55,23416.93,22753.54,23100.49,23046.26,0.24,257.1,57882.3,22979.93,23781.45,67.86,22.4,0.68,FMCG,Neutral,No,23046.26,0.23530933001711862
2015-06-18,Thursday,June,2015,23128.29,23422.18,22575.13,22865.68,23100.49,-1.02,169.8,36383.3,22975.29,23777.37,56.03,21.62,0.91,IT,Neutral,No,23100.49,-1.016471944967407
2015-06-19,Friday,June,2015,22888.91,23091.77,22344.93,22544.74,22865.68,-1.4,267.8,64797.6,22965.17,23772.45,48.17,20.99,0.2,FMCG,Neutral,No,22865.68,-1.4035882597849647
2015-06-22,Monday,June,2015,22441.51,22721.23,22230.23,22509.31,22544.74,-0.16,177.3,43131.2,22950.66,23766.41,41.91,19.8,0.75,Auto,Neutral,No,22544.74,-0.15715417432181647
2015-06-23,Tuesday,June,2015,22456.11,22640.41,22297.88,22482.0,22509.31,-0.12,1505.0,33961.8,22938.32,23760.6,43.48,19.76,0.9,FMCG,Neutral,No,22509.31,-0.12132757512336588
2015-06-24,Wednesday,June,2015,22330.67,23227.89,22058.78,22948.48,22482.0,2.07,323.1,80393.8,22936.32,23757.63,50.12,19.55,1.37,Banking,Neutral,No,22482.0,2.0749043679387937
2015-06-25,Thursday,June,2015,22916.57,23152.39,22699.95,22935.59,22948.48,-0.06,242.7,55272.7,22932.18,23755.05,52.3,19.41,1.06,Metal,Neutral,No,22948.48,-0.056169297487238444
2015-06-26,Friday,June,2015,22875.68,23259.64,22609.45,22992.05,22935.59,0.25,269.2,57032.7,22934.86,23752.92,51.44,19.2,1.22,Banking,Neutral,No,22935.59,0.24616763728336236
2015-06-29,Monday,June,2015,22989.38,23113.81,22819.16,22992.05,22992.05,-0.21,230.7,47817.6,22939.12,23749.51,51.35,19.35,1.37,Realty,Neutral,No,22992.05,0.0
2015-06-30,Tuesday,June,2015,23112.62,23171.69,22736.79,22795.05,22943.34,-0.65,278.4,58744.7,22937.88,23744.33,39.87,20.03,0.78,Metal,Bearish,No,22992.05,-0.8568179001002522
2015-07-01,Wednesday,July,2015,22848.55,23285.98,22619.86,23055.22,22795.05,1.14,209.0,49367.5,22945.3,23740.51,44.92,19.21,0.75,Auto,Neutral,No,22795.05,1.1413442830790101
2015-07-02,Thursday,July,2015,23161.01,23411.41,22907.04,23157.4,23055.22,0.44,189.2,42244.4,22953.23,23736.77,41.4,20.36,0.97,IT,Neutral,No,23055.22,0.44319681182829873
2015-07-03,Friday,July,2015,23214.47,23409.92,23021.77,23217.2,23157.4,0.26,231.8,55413.8,22950.58,23733.01,47.65,20.45,1.0,Banking,Neutral,No,23157.4,0.258232789518682
2015-07-06,Monday,July,2015,23210.23,23877.31,22970.83,23633.54,23217.2,1.79,255.5,60480.0,22951.58,23731.21,63.09,20.74,1.98,Pharma,Neutral,No,23217.2,1.7932394948572616
2015-07-07,Tuesday,July,2015,23632.85,23741.37,23302.58,23410.08,23633.54,-0.95,268.1,60666.3,22954.05,23728.15,56.41,24.57,0.61,Banking,Neutral,No,23633.54,-0.9455206456586661
2015-07-08,Wednesday,July,2015,23470.8,23746.75,22999.85,23273.48,23410.08,-0.58,210.3,46190.3,22951.26,23726.0,58.81,20.73,0.93,Pharma,Neutral,No,23410.08,-0.5835093258972296
2015-07-09,Thursday,July,2015,23290.82,23586.31,22828.12,23121.46,23273.48,-0.65,243.4,51562.1,22943.21,23723.4,63.44,21.11,0.69,Energy,Neutral,No,23273.48,-0.6531898108920559
2015-07-10,Friday,July,2015,23101.49,23584.71,22822.36,23303.14,23121.46,0.79,159.1,39169.2,22935.78,23721.4,67.31,20.8,1.43,Realty,Neutral,No,23121.46,0.7857635287737033
2015-07-13,Monday,July,2015,23402.86,23679.68,23204.03,23480.2,23303.14,0.76,155.0,38716.3,22936.25,23719.52,70.44,21.3,1.06,Unknown,Neutral,No,23303.14,0.759811767856183
2015-07-14,Tuesday,July,2015,23511.53,23811.21,22865.26,23160.46,23480.2,-1.36,246.0,57447.1,22922.84,23715.49,54.62,20.78,0.2,Realty,Neutral,No,23480.2,-1.3617430856636723
2015-07-15,Wednesday,July,2015,23061.44,23276.5,22982.37,23196.97,23160.46,0.16,148.3,32041.8,22911.17,23711.3,55.64,20.56,0.26,Banking,Neutral,No,23160.46,0.1576393560404329
2015-07-16,Thursday,July,2015,23184.42,23423.08,22742.45,22978.99,23196.97,-0.94,110.0,24081.4,22898.31,23704.49,49.74,20.34,0.84,Energy,Neutral,No,23196.97,-0.9396916924925952
2015-07-17,Friday,July,2015,22982.45,23519.99,22732.73,23267.17,22978.99,1.25,310.9,78922.5,22895.18,23699.32,55.95,19.98,1.52,IT,Neutral,No,22978.99,1.2541021167596862
2015-07-20,Monday,July,2015,23238.94,23471.44,22695.51,22924.87,23267.17,-1.47,352.9,76467.5,22886.26,23692.08,52.23,19.14,0.63,IT,Neutral,No,23267.17,-1.4711716121900484
2015-07-21,Tuesday,July,2015,22898.38,23437.79,22801.32,23338.87,22924.87,1.81,361.2,76827.7,22886.54,23685.51,54.62,18.55,1.64,IT,Neutral,No,22924.87,1.8058990083695132
2015-07-22,Wednesday,July,2015,23309.65,23829.29,23101.79,23618.67,23338.87,1.2,270.6,64551.9,22889.63,23679.61,57.11,18.46,0.81,Banking,Neutral,No,23338.87,1.1988583851746006
2015-07-23,Thursday,July,2015,23492.21,24055.84,23328.34,23889.2,23618.67,1.15,266.7,60678.7,22924.57,23674.78,59.72,18.61,1.19,FMCG,Neutral,No,23618.67,1.1454074255663105
2015-07-24,Friday,July,2015,23748.55,23752.6,23703.72,23707.76,23889.2,-0.76,264.2,68366.3,22953.31,23669.31,51.15,18.85,0.72,Realty,Neutral,No,23889.2,-0.7595063878237962
2015-07-27,Monday,July,2015,23661.29,23739.12,23072.77,23148.91,23707.76,-2.36,301.4,70814.1,22969.4,23660.99,46.33,21.68,0.2,IT,Neutral,No,23707.76,-2.357245053940139
2015-07-28,Tuesday,July,2015,23121.1,23413.47,22626.56,22916.34,23148.91,-1.0,160.2,40132.2,22983.48,23654.43,45.11,22.54,0.84,Unknown,Neutral,No,23148.91,-1.0046693343228674
2015-07-29,Wednesday,July,2015,22824.26,23442.15,22677.99,23292.88,22916.34,1.64,372.1,91623.2,23004.33,23649.49,52.21,23.01,1.5,IT,Neutral,No,22916.34,1.6431070581078868
2015-07-30,Thursday,July,2015,23221.31,23505.18,22767.43,23049.2,23292.88,-1.05,273.7,65900.4,23011.06,23644.69,46.78,23.35,0.85,IT,Neutral,No,23292.88,-1.0461565937745796
2015-07-31,Friday,July,2015,23031.7,23321.31,22527.19,22814.07,23049.2,-1.02,268.7,65351.8,23019.47,23638.88,41.67,23.65,1.01,Banking,Neutral,No,23049.2,-1.0201221734376942
2015-08-03,Monday,August,2015,22884.64,23156.66,22651.56,22923.19,22814.07,0.48,224.8,52612.3,23033.91,23634.27,46.87,23.96,1.29,Realty,Neutral,No,22814.07,0.4783013289605887
2015-08-04,Tuesday,August,2015,22989.57,23116.98,22738.49,22865.22,22923.19,-0.25,268.3,55349.1,23040.95,23630.9,45.64,24.26,0.97,FMCG,Neutral,No,22923.19,-0.25288801427723423
2015-08-05,Wednesday,August,2015,22933.73,23203.82,22498.1,22766.22,22865.22,-0.43,234.7,52283.1,23055.52,23627.07,47.12,24.48,0.46,Pharma,Neutral,No,22865.22,-0.432971998520023
2015-08-06,Thursday,August,2015,22697.22,22976.82,22496.25,22775.16,22766.22,0.04,192.6,41399.9,23066.32,23624.44,42.79,24.93,1.03,FMCG,Neutral,No,22766.22,0.039268706003889486
2015-08-07,Friday,August,2015,22759.97,22946.12,22561.22,22747.26,22775.16,-0.12,206.0,46243.7,23069.52,23621.67,47.13,24.09,0.48,Energy,Neutral,No,22775.16,-0.12250188363112029
2015-08-10,Monday,August,2015,22831.58,22930.98,22259.03,22356.36,22747.26,-1.72,311.3,69185.4,23063.87,23618.53,34.01,23.76,0.2,Auto,Bearish,No,22747.26,-1.718448727451121
2015-08-11,Tuesday,August,2015,22238.0,23092.8,22104.64,22955.14,22356.36,2.68,267.3,59766.4,23065.15,23618.65,40.22,22.56,1.98,Pharma,Neutral,No,22356.36,2.678342986067494
2015-08-12,Wednesday,August,2015,22923.5,23058.61,22822.37,22957.33,22955.14,0.01,305.3,63408.3,23068.73,23619.59,35.08,22.13,0.62,Pharma,Bearish,No,22955.14,0.009540346954984062
2015-08-13,Thursday,August,2015,22972.63,23244.55,22145.99,22411.26,22957.33,-2.38,305.4,63491.4,23058.11,23617.78,31.41,24.02,0.89,Auto,Bearish,No,22957.33,-2.378630267544193
2015-08-14,Friday,August,2015,22296.62,22718.45,21981.4,22401.75,22411.26,-0.04,174.4,41861.5,23049.7,23615.72,37.29,23.66,1.26,IT,Bearish,No,22411.26,-0.04243402646704558
2015-08-17,Monday,August,2015,22430.57,22692.89,22113.53,22375.2,22401.75,-0.12,203.3,47816.5,23038.76,23612.64,40.1,23.52,0.97,Banking,Neutral,No,22401.75,-0.11851752653252211
2015-08-18,Tuesday,August,2015,22479.04,22676.76,21631.37,22339.135000000002,22375.2,-2.47,401.0,92742.8,23017.67,23607.79,24.73,26.24,0.2,Metal,Bearish,No,22375.2,-0.16118291680073782
2015-08-19,Wednesday,August,2015,21903.49,22473.09,21755.15,22321.91,21823.32,2.28,315.6,67296.2,22999.25,23606.04,38.5,25.97,1.19,Banking,Bearish,No,22339.135000000002,-0.07710683515723496
2015-08-20,Thursday,August,2015,22310.01,22531.01,22071.52,22292.34,22321.91,-0.13,296.5,62608.2,22979.08,23604.75,41.18,26.32,1.64,Auto,Bearish,No,22321.91,-0.13247074287101646
2015-08-21,Friday,August,2015,22346.8,22488.29,22126.98,22267.97,22292.34,-0.11,205.7,41567.1,22953.49,23603.42,38.59,24.93,0.8,FMCG,Bearish,No,22292.34,-0.10932006240708236
2015-08-24,Monday,August,2015,22153.31,22457.7,21978.86,22282.24,22267.97,0.06,138.0,30578.9,22932.82,23601.64,39.69,24.22,1.38,Energy,Bearish,No,22267.97,0.06408307537687735
2015-08-25,Tuesday,August,2015,22300.85,22405.98,21986.37,22282.24,22282.24,-0.86,267.3,46010.9,22913.7,23598.63,38.43,24.34,0.56,Banking,Bearish,No,22282.24,0.0
2015-08-26,Wednesday,August,2015,22070.32,22304.32,21571.13,21802.29,22090.51,-1.3,244.9,56980.7,22887.74,23590.91,34.8,24.33,0.27,Pharma,Bearish,No,22282.24,-2.1539575913373192
2015-08-27,Thursday,August,2015,21792.52,22132.98,21557.08,21896.42,21802.29,0.43,280.4,63630.8,22868.35,23584.08,36.98,25.0,0.82,Auto,Bearish,No,21802.29,0.43174363793893844
2015-08-28,Friday,August,2015,21903.24,22158.09,21628.22,21882.84,21896.42,-0.06,195.6,39757.7,22855.12,23576.3,41.81,25.01,0.52,Pharma,Bearish,No,21896.42,-0.06201927073009245
2015-08-31,Monday,August,2015,21908.29,22441.97,21684.14,22214.69,21882.84,1.52,223.9,54584.8,22849.22,23570.9,35.88,24.93,1.68,Auto,Bearish,No,21882.84,1.5164850631819204
2015-09-01,Tuesday,September,2015,22117.92,22716.75,21897.81,22492.9,22214.69,1.25,195.0,39537.4,22849.44,23568.04,41.99,26.28,1.53,Auto,Bearish,No,22214.69,1.2523694906388645
2015-09-02,Wednesday,September,2015,22426.74,22948.57,22340.96,22861.13,22492.9,1.64,190.6,45492.6,22847.7,23567.36,58.27,26.93,1.38,Metal,Bearish,No,22492.9,1.6370943720018298
2015-09-03,Thursday,September,2015,22843.55,22955.45,22760.0,22871.8,22861.13,0.05,381.6,82332.1,22846.42,23564.79,58.63,27.34,0.39,IT,Bearish,No,22861.13,0.04667310845963543
2015-09-04,Friday,September,2015,22749.76,23316.22,22537.64,23100.82,22871.8,1.0,224.6,56088.7,22848.59,23562.68,62.41,26.77,1.26,Banking,Bearish,No,22871.8,1.0013204032913914
2015-09-07,Monday,September,2015,23110.33,23424.43,22823.68,23137.44,23100.82,0.16,254.5,58577.7,22852.48,23559.87,77.27,26.0,1.22,Energy,Bearish,No,23100.82,0.1585225113221045
2015-09-08,Tuesday,September,2015,23195.24,23356.01,22246.83,22402.1,23137.44,-3.18,311.7,67001.5,22844.62,23553.17,51.52,28.97,0.6,Banking,Bearish,No,23137.44,-3.1781389816678085
2015-09-09,Wednesday,September,2015,22495.66,22676.13,22308.84,22489.26,22402.1,0.39,313.0,72571.2,22833.3,23547.27,53.64,28.22,1.44,Pharma,Bearish,No,22402.1,0.3890706674820658
2015-09-10,Thursday,September,2015,22495.77,22677.18,22189.72,22370.11,22489.26,-0.53,195.2,41149.1,22817.55,23541.49,51.83,28.61,0.88,Auto,Bearish,No,22489.26,-0.5298084507893893
2015-09-11,Friday,September,2015,22496.71,22510.81,22298.33,22312.32,22370.11,-0.26,345.2,83300.4,22799.46,23536.48,50.53,28.42,0.66,Banking,Bearish,No,22370.11,-0.2583357882460161
2015-09-14,Monday,September,2015,22309.97,22509.91,21764.58,21961.39,22312.32,-1.57,418.2,98351.3,22766.01,23529.85,47.85,27.6,0.85,IT,Bearish,No,22312.32,-1.572808206407941
2015-09-15,Tuesday,September,2015,21878.59,22005.5,21667.65,21794.07,21961.39,-0.76,191.5,41442.8,22733.69,23521.84,52.29,25.65,0.78,FMCG,Bearish,No,21961.39,-0.7618825584355076
2015-09-16,Wednesday,September,2015,21790.41,22018.0,21492.17,21719.01,21794.07,-0.34,311.6,63489.4,22702.6,23513.04,46.9,25.29,0.93,IT,Bearish,No,21794.07,-0.3444056112511399
2015-09-17,Thursday,September,2015,21705.61,22086.36,21534.69,21913.8,21719.01,0.9,377.1,82579.2,22678.45,23506.13,50.51,25.2,1.65,FMCG,Bearish,No,21719.01,0.8968640835839243
2015-09-18,Friday,September,2015,21947.73,22107.57,21722.45,21881.81,21913.8,-0.15,131.1,26674.0,22650.02,23497.83,43.93,24.1,0.88,Auto,Neutral,No,21913.8,-0.1459810712884026
2015-09-21,Monday,September,2015,21947.73,22374.58,21738.18,22210.88,21881.81,1.5,204.9,43415.3,22624.64,23490.91,44.95,23.79,1.77,Pharma,Neutral,No,21881.81,1.5038518294418957
2015-09-22,Tuesday,September,2015,22224.16,22721.2,22075.44,22570.16,22210.88,1.62,174.0,39136.5,22612.83,23485.04,44.77,23.42,1.18,Banking,Unknown,No,22210.88,1.617585615698247
2015-09-23,Wednesday,September,2015,22635.63,22748.7,22577.82,22690.75,22570.16,0.53,267.3,39024.5,22602.71,23479.38,46.87,23.54,0.96,IT,Neutral,No,22570.16,0.5342895220946602
2015-09-24,Thursday,September,2015,22635.63,23074.6,22393.77,22805.19,22690.75,0.5,184.8,44383.7,22599.23,23473.57,44.68,23.41,1.31,Auto,Neutral,No,22690.75,0.5043464848010696
2015-09-25,Friday,September,2015,22842.05,23187.84,22717.23,23061.82,22805.19,1.13,255.6,55372.9,22595.12,23469.14,48.74,22.13,1.36,Auto,Neutral,No,22805.19,1.1253140184317738
2015-09-28,Monday,September,2015,23081.25,23366.73,22939.79,23224.39,23061.82,0.7,178.4,44470.2,22601.11,23464.27,66.94,21.8,1.16,Pharma,Neutral,No,23061.82,0.7049313540735281
2015-09-29,Tuesday,September,2015,23232.33,23425.54,22851.55,23043.18,23224.39,-0.78,300.8,62691.1,22595.2,23457.54,60.99,21.99,0.38,Pharma,Neutral,No,23224.39,-0.7802573070810435
2015-09-30,Wednesday,September,2015,23038.64,23534.45,22957.13,23451.48,23043.18,1.77,308.9,72907.2,22591.86,23450.41,69.24,22.36,1.88,IT,Neutral,No,23043.18,1.7718908588137543
2015-10-01,Thursday,October,2015,23362.04,23502.3,23166.93,23306.86,23451.48,-0.62,276.5,68009.1,22580.21,23443.77,67.17,21.48,0.3,FMCG,Neutral,No,23451.48,-0.6166774975395967
2015-10-02,Friday,October,2015,23289.11,23963.56,22924.26,23593.94,23306.86,1.23,342.6,76596.4,22577.93,23437.21,78.81,21.23,1.67,Metal,Neutral,No,23306.86,1.2317403545565473
2015-10-05,Monday,October,2015,23580.51,24293.02,22924.26,24068.06,23593.94,2.01,334.3,83799.4,22596.32,23434.15,86.21,20.73,1.69,Banking,Neutral,No,23593.94,2.0094990493321703
2015-10-06,Tuesday,October,2015,24015.88,24125.6,23487.38,23595.18,24068.06,-1.96,306.8,75587.7,22609.89,23429.85,76.52,20.1,0.37,IT,Neutral,No,24068.06,-1.9647615969047818
2015-10-07,Wednesday,October,2015,23499.06,23506.71,22989.56,22997.04,23595.18,-2.54,300.8,71082.2,22603.98,23422.27,63.74,22.06,0.2,Metal,Neutral,No,23595.18,-2.535009268842193
2015-10-08,Thursday,October,2015,22958.64,23304.44,22683.01,23027.98,22997.04,0.13,280.6,62862.2,22603.55,23413.95,64.55,22.56,0.78,IT,Neutral,No,22997.04,0.13453905372169064
2015-10-09,Friday,October,2015,22995.27,23267.01,22683.01,23175.43,23027.98,0.64,268.0,65651.2,22610.78,23406.42,62.83,22.61,1.2,FMCG,Neutral,No,23027.98,0.64030800791038
2015-10-12,Monday,October,2015,23082.24,23360.47,22947.7,23225.1,23175.43,0.21,243.8,58077.2,22616.82,23398.54,59.5,22.14,1.18,IT,Neutral,No,23175.43,0.21432180546379614
2015-10-13,Tuesday,October,2015,23131.64,23560.38,22985.1,23412.06,23225.1,0.8,223.6,53295.7,22627.75,23393.47,60.26,22.18,1.39,Metal,Neutral,No,23225.1,0.804991151814213
2015-10-14,Wednesday,October,2015,23265.13,23366.27,22991.4,23091.79,23412.06,-1.37,307.4,75515.2,22634.26,23386.62,53.85,22.6,0.51,Pharma,Neutral,No,23412.06,-1.36797018288865
2015-10-15,Thursday,October,2015,23112.23,23330.43,22934.38,23091.79,23091.79,0.26,186.2,40907.8,22641.81,23379.97,51.28,22.99,1.05,Banking,Neutral,No,23091.79,0.0
2015-10-16,Friday,October,2015,23220.2,23354.75,22732.5,22864.99,23152.27,-1.24,301.4,65228.0,22644.16,23372.75,45.08,22.66,0.55,Energy,Neutral,No,23091.79,-0.982167255115343
2015-10-19,Monday,October,2015,22866.09,23336.49,22627.26,23095.27,22864.99,1.01,254.0,57329.7,22658.94,23366.18,50.7,22.58,1.26,Banking,Neutral,No,22864.99,1.007129239942807
2015-10-20,Tuesday,October,2015,23067.26,23496.51,22869.75,23297.04,23095.27,0.87,306.2,65245.4,22665.78,23360.34,47.79,22.21,0.76,IT,Neutral,No,23095.27,0.8736420920820602
2015-10-21,Wednesday,October,2015,23199.89,24120.96,22881.39,23794.3,23297.04,2.13,244.8,56354.1,22682.52,23357.76,56.34,22.43,1.55,Metal,Neutral,No,23297.04,2.1344342457239134
2015-10-22,Thursday,October,2015,23636.91,23963.32,23173.46,23497.95,23794.3,-1.25,285.9,65921.3,22704.25,23354.52,48.75,22.73,0.27,Pharma,Neutral,No,23794.3,-1.2454663511849418
2015-10-23,Friday,October,2015,23495.63,24242.92,23397.4,24141.99,23497.95,2.74,395.6,95411.3,22739.06,23353.96,50.92,22.62,1.86,Energy,Neutral,No,23497.95,2.7408348387838126
2015-10-26,Monday,October,2015,24186.58,24348.44,23717.09,23876.87,24141.99,-1.1,280.0,63566.1,22769.09,23351.99,53.69,21.36,0.36,Realty,Neutral,No,24141.99,-1.0981696206485159
2015-10-27,Tuesday,October,2015,23817.24,24213.02,23262.77,23655.86,23876.87,-0.93,181.4,46403.4,22805.74,23349.05,59.58,21.92,0.79,Energy,Neutral,No,23876.87,-0.925623835955041
2015-10-28,Wednesday,October,2015,23817.24,23810.64,23262.77,23723.65,23655.86,0.29,189.6,43046.6,22833.77,23346.37,60.01,21.48,1.45,Banking,Neutral,No,23655.86,0.28656747207669
2015-10-29,Thursday,October,2015,23674.62,24292.89,23409.69,24024.05,23723.65,1.27,358.6,92207.5,22868.41,23344.82,52.29,20.9,1.33,IT,Unknown,No,23723.65,1.266246972957356
2015-10-30,Friday,October,2015,24102.25,24347.9,23443.92,23685.32,24024.05,-1.41,287.3,67298.7,22896.76,23343.9,55.87,20.54,0.61,FMCG,Neutral,No,24024.05,-1.409962100478477
2015-11-02,Monday,November,2015,23629.84,23772.78,23521.04,23663.83,23685.32,-0.09,175.4,43317.3,22924.39,23343.27,53.35,19.86,0.83,Banking,Neutral,No,23685.32,-0.09073130529795655
2015-11-03,Tuesday,November,2015,23474.78,23587.39,23112.94,23224.35,23663.83,-1.86,389.9,83505.0,22947.06,23340.02,51.71,19.89,0.35,Auto,Neutral,No,23663.83,-1.8571803465457752
2015-11-04,Wednesday,November,2015,23267.99,23625.85,22629.14,22982.61,23224.35,-1.04,365.6,84774.5,22970.67,23335.0,47.91,19.56,1.06,Pharma,Neutral,No,23224.35,-1.0408902724941624
2015-11-05,Thursday,November,2015,22918.98,23665.13,22568.32,23308.51,22982.61,1.42,219.2,55801.2,22998.91,23331.92,55.42,20.17,1.01,Pharma,Neutral,No,22982.61,1.4180286747240536
2015-11-06,Friday,November,2015,23200.65,23661.11,22975.15,23433.35,23308.51,0.54,216.5,52420.1,23029.92,23328.98,54.24,21.21,0.98,Auto,Neutral,No,23308.51,0.5355983715818822
2015-11-09,Monday,November,2015,23467.21,23881.85,23409.59,23823.36,23433.35,1.66,281.2,71282.6,23062.1,23326.17,52.29,20.57,1.59,FMCG,Neutral,No,23433.35,1.6643373653361642
2015-11-10,Tuesday,November,2015,23759.8,24069.33,23206.84,23513.16,23823.36,-1.3,318.0,71198.8,23082.5,23321.8,52.29,21.46,0.52,Metal,Neutral,No,23823.36,-1.3020833333333364
2015-11-11,Wednesday,November,2015,23413.49,23470.58,23178.21,23234.86,23513.16,-1.18,269.1,66278.6,23089.98,23316.17,46.69,21.99,0.49,Energy,Neutral,No,23513.16,-1.18359250734482
2015-11-12,Thursday,November,2015,23326.27,23579.61,22709.97,22959.33,23234.86,-1.19,287.3,63999.8,23091.73,23310.34,33.58,23.46,0.25,Auto,Bearish,No,23234.86,-1.1858474722894772
2015-11-13,Friday,November,2015,22945.23,22980.17,22434.49,22468.71,22959.33,-2.14,320.4,71774.9,23079.08,23301.28,31.6,24.57,0.42,Banking,Bearish,No,22959.33,-2.1369090474330155
2015-11-16,Monday,November,2015,22371.98,22551.64,22099.48,22278.39,22468.71,-0.85,394.7,82445.1,23061.9,23292.39,31.85,25.38,0.69,Pharma,Bearish,No,22468.71,-0.8470446233895925
2015-11-17,Tuesday,November,2015,22247.44,22803.96,21990.71,22543.81,22278.39,1.19,313.3,70427.7,23064.74,23284.53,35.23,25.44,1.59,Auto,Bearish,No,22278.39,1.191378730689255
2015-11-18,Wednesday,November,2015,22688.04,22762.94,22438.37,22512.69,22543.81,-0.14,209.3,47267.0,23065.21,23276.7,52.29,24.64,1.27,Pharma,Bearish,No,22543.81,-0.13804232736171312
2015-11-19,Thursday,November,2015,22520.28,22652.85,22083.87,22214.64,22512.69,-1.32,270.4,61538.0,23062.1,23265.56,30.03,24.71,0.55,IT,Bearish,No,22512.69,-1.3239199758003122
2015-11-20,Friday,November,2015,22171.86,22474.93,21980.89,22283.0,22214.64,0.31,263.7,63092.5,23061.51,23254.56,31.49,24.57,1.5,Energy,Bearish,No,22214.64,0.3077249957685589
2015-11-23,Monday,November,2015,22316.52,22773.46,22168.71,22623.62,22283.0,1.53,238.0,51742.7,23074.76,23245.14,41.73,23.63,1.82,FMCG,Neutral,No,22283.0,1.52860925369115
2015-11-24,Tuesday,November,2015,22592.78,22770.23,22472.68,22649.83,22623.62,0.12,242.0,39537.4,23091.87,23235.4,45.13,23.54,0.91,Metal,Neutral,No,22623.62,0.11585237022193073
2015-11-25,Wednesday,November,2015,22615.22,22965.54,22446.37,22795.35,22649.83,0.64,261.5,63755.0,23113.4,23225.72,42.07,23.66,1.65,Banking,Neutral,No,22649.83,0.6424772283058936
2015-11-26,Thursday,November,2015,22750.46,23026.88,22440.07,22716.07,22795.35,-0.35,185.6,41342.4,23129.44,23213.62,38.76,23.58,1.08,FMCG,Bearish,No,22795.35,-0.34779022914760616
2015-11-27,Friday,November,2015,22774.27,23081.17,22410.32,22716.44,22716.07,0.0,81.2,17437.4,23146.14,23201.2,30.23,24.65,1.38,Banking,Bearish,No,22716.07,0.001628802869505955
2015-11-30,Monday,November,2015,22729.71,23017.73,22483.77,22771.34,22716.44,0.24,127.8,26607.7,23157.34,23188.94,35.42,24.21,0.53,FMCG,Bearish,No,22716.44,0.24167519206355156
2015-12-01,Tuesday,December,2015,22868.5,23364.77,22543.46,23037.33,22771.34,1.17,264.0,57587.4,23166.69,23177.93,46.1,24.14,1.59,IT,Unknown,No,22771.34,1.1680911180457612
2015-12-02,Wednesday,December,2015,23058.54,23410.11,22923.4,23273.71,23037.33,1.03,325.2,81506.7,23178.35,23167.97,56.3,23.39,1.44,Energy,Neutral,No,23037.33,1.0260737680972463
2015-12-03,Thursday,December,2015,23380.37,23410.11,23056.39,23298.39,23273.71,0.11,198.3,44279.0,23188.21,23157.13,70.46,23.05,0.79,Banking,Neutral,No,23273.71,0.1060423971940885
2015-12-04,Friday,December,2015,23343.83,23435.45,23220.05,23311.54,23298.39,0.06,274.8,59421.9,23193.21,23147.06,77.92,22.67,0.57,Auto,Neutral,No,23298.39,0.05644166828695654
2015-12-07,Monday,December,2015,23293.36,23914.85,22833.91,23452.27,23311.54,0.6,228.0,48366.5,23197.76,23138.0,76.33,22.33,1.15,FMCG,Neutral,No,23311.54,0.6036924201489887
2015-12-08,Tuesday,December,2015,23442.75,23809.64,23245.82,23611.29,23452.27,0.68,190.6,43182.1,23209.13,23130.38,79.64,21.68,1.24,FMCG,Neutral,No,23452.27,0.6780580302034747
2015-12-09,Wednesday,December,2015,23740.77,24199.9,23474.48,23931.47,23611.29,1.36,210.2,47448.2,23218.72,23123.83,95.77,21.58,1.28,Pharma,Neutral,No,23611.29,1.356046196544112
2015-12-10,Thursday,December,2015,24025.08,24047.91,23249.86,23271.97,23931.47,-2.76,306.1,65568.0,23218.03,23113.12,70.05,23.83,0.2,IT,Neutral,No,23931.47,-2.755785582749409
2015-12-11,Friday,December,2015,23379.96,23682.23,23119.85,23421.66,23271.97,0.64,260.4,66492.3,23214.58,23102.54,67.53,23.48,1.05,IT,Neutral,No,23271.97,0.6432201485306086
2015-12-14,Monday,December,2015,23350.87,23548.3,23059.0,23255.62,23421.66,-0.71,253.0,56102.2,23198.33,23091.78,62.54,23.67,0.56,Banking,Neutral,No,23421.66,-0.7089164474251649
2015-12-15,Tuesday,December,2015,23124.8,23352.73,23059.0,22742.62,23255.62,-2.21,317.9,65158.2,23181.28,23078.84,49.05,25.63,0.54,Auto,Bearish,No,23255.62,-2.205918397359434
2015-12-16,Wednesday,December,2015,22685.09,23129.43,22502.38,22742.62,22742.62,0.89,267.3,62858.2,23180.23,23066.72,53.93,26.15,1.06,FMCG,Bearish,No,22742.62,0.0
2015-12-17,Thursday,December,2015,22956.02,23323.07,22502.38,23148.97,22944.63,0.89,330.4,77685.2,23182.65,23055.68,56.95,26.48,0.8,Energy,Bearish,No,22742.62,1.7867334546327651
2015-12-18,Friday,December,2015,22956.02,23612.94,22947.78,23454.22,23148.97,1.32,397.8,85516.1,23188.23,23046.64,60.16,25.82,1.68,FMCG,Bearish,No,23148.97,1.318633183247462
2015-12-21,Monday,December,2015,23456.15,23635.39,23237.12,23416.05,23454.22,-0.16,183.9,39026.5,23192.05,23038.38,56.05,24.93,1.22,Realty,Neutral,No,23454.22,-0.16274256828835873
2015-12-22,Tuesday,December,2015,23384.35,23852.36,23059.94,23525.98,23416.05,0.47,232.1,50321.2,23194.33,23032.55,54.2,25.16,1.12,Banking,Bearish,No,23416.05,0.46946432041270963
2015-12-23,Wednesday,December,2015,23401.43,24103.34,23248.61,23525.98,23525.98,1.79,234.6,57207.6,23211.43,23029.53,59.53,24.67,1.26,IT,Neutral,No,23525.98,0.0
2015-12-24,Thursday,December,2015,23977.77,24386.23,23466.46,23873.14,23946.96,-0.31,234.6,51098.8,23225.85,23027.27,58.11,24.59,0.31,IT,Neutral,No,23525.98,1.4756452228557528
2015-12-25,Friday,December,2015,23875.35,24084.81,23678.49,23887.84,23873.14,0.06,204.2,49443.7,23246.3,23023.46,56.53,26.08,1.03,Banking,Bearish,No,23873.14,0.061575477712612285
2015-12-28,Monday,December,2015,23983.11,24309.28,23640.82,23966.76,23887.84,0.33,249.3,61572.0,23263.73,23022.18,55.46,26.16,1.26,Realty,Bearish,No,23887.84,0.3303772965659443
2015-12-29,Tuesday,December,2015,23978.25,24726.05,23676.71,24418.96,23966.76,1.89,365.3,82915.1,23286.17,23022.73,57.19,26.13,1.39,Pharma,Bearish,No,23966.76,1.886779856768294
2015-12-30,Wednesday,December,2015,24476.29,24892.67,24433.55,24849.28,24418.96,1.76,234.0,58012.8,23307.27,23027.53,74.96,25.45,1.83,Banking,Bearish,No,24418.96,1.7622372123956127
2015-12-31,Thursday,December,2015,24788.21,24852.47,24611.68,24675.65,24849.28,-0.7,242.4,65363.1,23330.83,23032.12,69.7,25.73,0.34,Auto,Bearish,No,24849.28,-0.6987325186081745
2016-01-01,Friday,January,2016,24701.34,25113.75,24570.74,24981.67,24675.65,1.24,264.6,70550.0,23347.62,23038.78,52.29,25.1,1.43,Energy,Bearish,No,24675.65,1.240169965127552
2016-01-04,Monday,January,2016,25042.27,25087.98,24937.39,24982.99,24981.67,0.01,229.8,59975.6,23369.74,23044.99,89.84,25.37,0.39,Unknown,Bearish,No,24981.67,0.005283874136530292
2016-01-05,Tuesday,January,2016,25024.69,25584.03,24865.84,25422.65,24982.99,1.76,390.5,99627.6,23405.08,23053.83,90.63,25.75,1.3,Auto,Bearish,No,24982.99,1.7598373933624432
2016-01-06,Wednesday,January,2016,25405.37,25611.47,24421.33,24621.07,25422.65,-3.15,343.8,82857.4,23423.03,23060.34,70.19,28.58,0.2,IT,Bearish,No,25422.65,-3.1530151262751986
2016-01-07,Thursday,January,2016,24646.96,25231.85,24385.84,24967.34,24621.07,1.41,325.9,80578.2,23441.89,23068.48,70.52,28.72,1.64,Unknown,Bearish,No,24621.07,1.4063970412333844
2016-01-08,Friday,January,2016,25013.98,25232.16,24788.87,24967.34,24967.34,0.16,328.3,86442.7,23468.33,23075.96,71.56,28.55,1.16,IT,Bearish,No,24967.34,0.0
2016-01-11,Monday,January,2016,25097.12,25298.42,24543.2,24741.65,25006.99,-1.06,222.9,55748.0,23489.88,23082.53,65.81,27.76,1.38,Unknown,Bearish,No,24967.34,-0.9039409084027321
2016-01-12,Tuesday,January,2016,24700.0,25219.74,24401.25,24918.35,24741.65,0.71,264.3,69345.2,23523.76,23090.58,63.49,27.37,1.29,Pharma,Bearish,No,24741.65,0.7141803396297218
2016-01-13,Wednesday,January,2016,24834.86,25382.8,24401.25,25092.74,24918.35,0.7,263.1,72223.1,23565.96,23101.08,66.48,27.26,1.1,Auto,Bearish,No,24918.35,0.6998456960432896
2016-01-14,Thursday,January,2016,25030.16,25682.41,24638.9,25287.14,25092.74,0.77,180.7,46978.0,23605.54,23112.02,68.03,24.57,0.95,Metal,Bearish,No,25092.74,0.774726076147913
2016-01-15,Friday,January,2016,25030.16,25519.44,25064.59,25285.75,25287.14,-0.01,255.0,65808.3,23642.58,23123.2,67.34,26.33,1.29,Metal,Bearish,No,25287.14,-0.005496865204999134
2016-01-18,Monday,January,2016,25286.08,25327.65,25071.29,25285.75,25285.75,-0.68,321.8,79295.6,23668.37,23132.59,59.84,26.29,1.57,Banking,Bearish,No,25285.75,0.0
2016-01-19,Tuesday,January,2016,25159.83,25327.65,24495.51,24735.66,25112.57,-1.5,256.1,59506.0,23692.82,23140.77,48.36,25.48,0.8,IT,Bearish,No,25285.75,-2.1754941024094605
2016-01-20,Wednesday,January,2016,24797.31,25223.39,24373.87,24735.66,24735.66,0.26,215.6,52123.3,23724.12,23149.53,51.85,24.72,1.15,IT,Neutral,No,24735.66,0.0
2016-01-21,Thursday,January,2016,24659.64,25132.46,24361.16,24735.66,24799.9,0.13,121.6,30317.0,23761.57,23157.97,47.57,24.64,1.06,Banking,Neutral,No,24735.66,0.0
2016-01-22,Friday,January,2016,24796.06,25118.93,24129.23,24447.57,24831.9,-1.55,361.7,80200.6,23801.15,23165.92,42.29,24.11,0.2,Auto,Neutral,No,24735.66,-1.164674805523686
2016-01-25,Monday,January,2016,24463.14,24762.36,24258.16,24556.59,24447.57,0.45,294.1,71871.5,23846.71,23175.05,36.21,25.14,1.41,Banking,Bearish,No,24447.57,0.4459338903621114
2016-01-26,Tuesday,January,2016,24638.74,25227.89,24351.64,24937.31,24556.59,1.55,267.3,63917.0,23894.58,23185.46,55.82,25.13,1.3,Pharma,Bearish,No,24556.59,1.5503781266047165
2016-01-27,Wednesday,January,2016,24638.74,25263.23,24594.61,24924.4,24937.31,-0.05,267.3,46956.5,23942.82,23196.66,49.1,24.49,0.62,Banking,Neutral,No,24937.31,-0.05176981799560519
2016-01-28,Thursday,January,2016,25026.5,25328.02,24859.75,25160.38,24924.4,0.95,243.0,65487.4,24001.73,23208.65,52.97,24.62,1.26,Banking,Neutral,No,24924.4,0.9467830720097556
2016-01-29,Friday,January,2016,25202.0,25353.13,24605.99,24754.44,25160.38,-1.61,379.5,87780.1,24051.16,23215.68,50.23,24.27,0.23,Energy,Neutral,No,25160.38,-1.6134096543851975
2016-02-01,Monday,February,2016,24782.72,25026.06,24344.1,24585.5,24754.44,-0.68,250.0,57222.9,24090.4,23220.69,43.87,23.53,0.5,IT,Neutral,No,24754.44,-0.6824634287828717
2016-02-02,Tuesday,February,2016,24577.37,24979.82,24285.46,24686.62,24585.5,0.41,249.6,60303.0,24131.13,23227.69,42.31,23.4,0.99,Banking,Neutral,No,24585.5,0.41129934310873884
2016-02-03,Wednesday,February,2016,24684.8,24854.64,24610.22,24779.77,24686.62,0.38,247.9,58055.7,24170.82,23234.52,40.01,23.16,0.56,IT,Neutral,No,24686.62,0.3773299058356367
2016-02-04,Thursday,February,2016,24804.36,25718.61,24625.25,25534.23,24779.77,3.04,450.1,118975.0,24227.19,23244.57,53.77,23.02,1.94,Banking,Neutral,No,24779.77,3.044661027927213
2016-02-05,Friday,February,2016,25519.26,25702.19,25514.51,25697.41,25534.23,0.64,229.4,54051.8,24286.8,23254.69,58.91,22.21,1.29,Energy,Neutral,No,25534.23,0.6390637195638964
2016-02-08,Monday,February,2016,25783.18,26077.26,25589.56,25882.89,25697.41,0.72,247.7,39537.4,24349.04,23266.82,52.29,21.48,0.94,FMCG,Neutral,No,25697.41,0.7217848024372867
2016-02-09,Tuesday,February,2016,25951.19,26556.98,25568.19,26170.74,25882.89,1.11,345.5,86447.9,24411.7,23278.52,70.68,20.76,1.77,Auto,Neutral,No,25882.89,1.112124650686234
2016-02-10,Wednesday,February,2016,26264.8,26409.36,25887.56,26030.83,26170.74,-0.53,316.7,84012.6,24466.85,23289.77,67.51,21.26,0.65,Energy,Neutral,No,26170.74,-0.5346046768261037
2016-02-11,Thursday,February,2016,25949.62,26215.38,25771.72,26036.88,26030.83,0.02,158.5,43720.3,24521.62,23301.84,76.1,21.02,0.68,Energy,Neutral,No,26030.83,0.023241671510279432
2016-02-12,Friday,February,2016,25953.09,26229.43,25570.03,25845.22,26036.88,-0.74,140.3,39332.6,24572.29,23313.95,70.6,19.9,1.0,Banking,Bullish,No,26036.88,-0.7361097028522613
2016-02-15,Monday,February,2016,25883.05,26193.0,25570.03,25597.55,25845.22,-0.96,267.9,74937.7,24615.2,23325.08,61.02,20.08,0.7,IT,Neutral,No,25845.22,-0.9582816474381022
2016-02-16,Tuesday,February,2016,25591.36,25893.97,25123.51,25424.14,25597.55,-0.68,292.9,72251.1,24651.45,23335.58,52.29,20.45,1.18,Banking,Neutral,No,25597.55,-0.6774476463567797
2016-02-17,Wednesday,February,2016,25443.88,26151.67,25236.53,25940.28,25424.14,2.03,338.4,94029.3,24691.63,23347.96,61.35,19.98,2.16,Banking,Bullish,No,25424.14,2.030117832894247
2016-02-18,Thursday,February,2016,25853.32,26374.74,25587.5,26106.32,25940.28,0.64,215.1,57187.5,24748.32,23367.78,71.16,19.83,0.8,Auto,Bullish,No,25940.28,0.6400856120288636
2016-02-19,Friday,February,2016,25992.13,26437.62,25587.5,26173.11,26106.32,0.26,344.6,39537.4,24803.34,23387.29,75.67,20.37,1.75,IT,Neutral,No,26106.32,0.25583843299247416
2016-02-22,Monday,February,2016,26191.37,26861.32,26055.57,26722.76,26173.11,2.1,258.7,73986.6,24872.69,23409.18,52.29,20.57,0.99,Banking,Neutral,No,26173.11,2.100056126306724
2016-02-23,Tuesday,February,2016,26661.84,26688.39,26364.97,26391.25,26722.76,-1.24,201.0,49122.2,24945.66,23430.08,71.32,19.23,0.21,FMCG,Bullish,No,26722.76,-1.2405529967712856
2016-02-24,Wednesday,February,2016,26447.79,26564.48,25949.37,26064.36,26391.25,-1.24,267.3,99956.2,25008.05,23449.15,57.91,20.79,0.2,Auto,Neutral,No,26391.25,-1.2386302278217192
2016-02-25,Thursday,February,2016,26016.24,26468.44,25658.39,26109.31,26064.36,0.17,203.4,53609.8,25067.26,23466.13,56.37,24.57,1.46,Energy,Neutral,No,26064.36,0.17245771620711473
2016-02-26,Friday,February,2016,26039.8,26600.83,25600.96,26159.96,26109.31,0.19,331.6,83901.2,25121.38,23484.96,54.47,21.75,1.22,Banking,Neutral,No,26109.31,0.19399210473198186
2016-02-29,Monday,February,2016,26039.8,26180.47,25550.19,25746.79,26159.96,-1.58,285.3,71086.4,25167.99,23502.69,43.43,22.38,0.56,Unknown,Neutral,No,26159.96,-1.5793984394471483
2016-03-01,Tuesday,March,2016,25843.15,26361.57,25491.66,26007.84,25746.79,1.01,246.9,67436.9,25217.63,23520.16,49.66,22.67,0.61,IT,Neutral,No,25746.79,1.0139128023338027
2016-03-02,Wednesday,March,2016,26062.27,26469.58,25884.78,26290.53,26007.84,1.09,303.6,82670.1,25264.5,23541.43,53.5,22.47,1.36,Realty,Neutral,No,26007.84,1.0869414761087377
2016-03-03,Thursday,March,2016,26172.56,26418.48,25561.64,25804.1,26290.53,-1.85,365.6,98669.6,25303.12,23559.27,49.48,21.74,1.11,Banking,Neutral,No,26290.53,-1.850209942515424
2016-03-04,Friday,March,2016,25649.47,25956.58,25507.29,25813.49,25804.1,0.04,351.5,86252.1,25341.63,23575.4,52.93,22.34,1.17,FMCG,Neutral,No,25804.1,0.03638956599921352
2016-03-07,Monday,March,2016,25767.25,26077.96,25256.96,25565.23,25813.49,-0.96,320.3,76484.2,25373.6,23590.04,51.88,22.28,0.58,Realty,Neutral,No,25813.49,-0.9617451960196085
2016-03-08,Tuesday,March,2016,25637.89,25777.5,25291.67,25430.15,25565.23,-0.53,310.8,82543.9,25393.82,23602.73,42.44,21.94,1.15,Banking,Neutral,No,25565.23,-0.5283738890672922
2016-03-09,Wednesday,March,2016,25389.94,25753.47,25277.47,25639.9,25430.15,0.82,226.2,55659.9,25409.64,23617.04,43.17,22.32,1.32,Energy,Neutral,No,25430.15,0.8248083475716816
2016-03-10,Thursday,March,2016,25623.97,25833.75,25029.55,25236.16,25639.9,-1.57,357.5,85211.0,25420.85,23628.51,37.52,22.88,0.33,IT,Bearish,No,25639.9,-1.5746551273600973
2016-03-11,Friday,March,2016,25311.16,25596.34,24968.79,25253.32,25236.16,0.07,260.9,62125.3,25426.28,23640.66,27.19,22.45,0.82,Banking,Bearish,No,25236.16,0.06799766683996239
2016-03-14,Monday,March,2016,25178.45,25396.36,23989.28,24198.71,25253.32,-4.18,403.0,90663.2,25410.6,23647.05,22.2,25.71,0.2,Banking,Bearish,No,25253.32,-4.176124169020155
2016-03-15,Tuesday,March,2016,24149.19,24829.69,23989.28,24678.56,24198.71,1.98,234.7,57072.8,25395.71,23656.05,33.09,25.18,1.58,Realty,Bearish,No,24198.71,1.9829569427461307
2016-03-16,Wednesday,March,2016,24694.82,24812.89,24586.13,24678.56,24678.56,0.1,171.0,40224.4,25397.38,23663.36,32.77,25.36,1.08,Banking,Bearish,No,24678.56,0.0
2016-03-17,Thursday,March,2016,24683.39,24808.1,24652.48,24777.07,24704.16,0.3,203.7,54446.6,25393.57,23670.74,33.13,23.95,0.4,IT,Bearish,No,24678.56,0.3991723990378628
2016-03-18,Friday,March,2016,24711.87,25009.56,24559.27,24856.07,24777.07,0.32,224.2,57835.4,25390.55,23677.28,38.17,23.65,1.07,Realty,Bearish,No,24777.07,0.3188431884803167
2016-03-21,Monday,March,2016,24908.81,25195.97,24724.78,25011.18,24856.07,0.62,295.8,77591.4,25395.94,23685.76,36.38,23.44,0.89,Pharma,Bearish,No,24856.07,0.6240326809507721
2016-03-22,Tuesday,March,2016,25050.04,25565.58,24794.13,25307.05,25011.18,1.18,335.3,83218.7,25403.72,23697.06,36.61,22.75,1.7,FMCG,Bearish,No,25011.18,1.182950984319808
2016-03-23,Wednesday,March,2016,25370.23,25567.04,25285.71,25482.14,25307.05,0.69,359.3,93392.3,25411.5,23708.97,45.21,22.91,0.91,FMCG,Neutral,No,25307.05,0.6918625442317463
2016-03-24,Thursday,March,2016,25470.42,25742.26,24803.95,25071.53,25482.14,-1.61,327.5,82122.4,25407.19,23720.0,40.14,24.57,0.23,Banking,Neutral,No,25482.14,-1.6113638807415727
2016-03-25,Friday,March,2016,24939.09,25235.09,24798.85,25093.98,25071.53,0.09,137.3,32162.5,25403.36,23732.75,43.34,21.92,0.62,Energy,Neutral,No,25071.53,0.08954379728720477
2016-03-28,Monday,March,2016,25094.79,25243.98,24867.67,25016.39,25093.98,-0.31,181.5,41298.8,25401.43,23745.28,44.05,22.38,1.15,Energy,Neutral,No,25093.98,-0.3091976641409619
2016-03-29,Tuesday,March,2016,24928.45,25268.29,24604.51,24944.14,25016.39,-0.29,220.7,57072.3,25405.6,23757.59,39.59,21.24,1.06,Banking,Bearish,No,25016.39,-0.2888106557341007
2016-03-30,Wednesday,March,2016,24792.46,25107.94,24604.51,25060.09,24944.14,0.46,307.4,71198.1,25410.81,23768.15,47.12,21.11,0.82,IT,Neutral,No,24944.14,0.46483863544704584
2016-03-31,Thursday,March,2016,24792.46,25333.01,24962.0,25254.9,25060.09,0.78,295.9,68113.5,25419.27,23779.75,50.02,20.52,0.98,Metal,Neutral,No,25060.09,0.7773715098389563
2016-04-01,Friday,April,2016,25262.61,25469.32,24518.77,24721.05,25254.9,-2.11,282.4,69000.6,25424.74,23788.39,59.63,22.34,0.53,IT,Neutral,No,25254.9,-2.1138472138080218
2016-04-04,Monday,April,2016,24839.58,25037.8,24336.18,24531.95,24721.05,-0.76,191.7,49266.5,25424.24,23796.33,46.97,22.23,1.36,Unknown,Neutral,No,24721.05,-0.7649351463631138
2016-04-05,Tuesday,April,2016,24443.22,25178.93,24414.08,25148.95,24531.95,2.52,304.6,80723.0,25428.48,23808.1,57.38,22.08,1.97,FMCG,Neutral,No,24531.95,2.5150874675678043
2016-04-06,Wednesday,April,2016,25200.03,25522.77,25048.25,25148.95,25148.95,0.88,267.3,51612.5,25437.39,23819.68,59.38,22.71,1.64,Energy,Neutral,No,25148.95,0.0
2016-04-07,Thursday,April,2016,25248.27,25747.93,24949.53,25446.84,25369.96,0.3,227.9,54504.6,25443.12,23831.12,59.35,22.32,1.02,Banking,Neutral,No,25148.95,1.184502732718461
2016-04-08,Friday,April,2016,25543.8,25629.34,24680.48,24763.4,25446.84,-2.69,384.7,104517.4,25443.3,23838.86,52.29,23.85,0.2,Energy,Neutral,No,25446.84,-2.6857558738137963
2016-04-11,Monday,April,2016,24711.35,25029.99,24406.83,24725.3,24763.4,-0.15,245.5,63896.0,25446.09,23844.31,41.52,24.66,0.9,Banking,Neutral,No,24763.4,-0.15385609407432818
2016-04-12,Tuesday,April,2016,24700.46,24827.31,24237.52,24362.63,24725.3,-1.47,265.9,60339.1,25439.61,23849.08,34.52,24.84,0.84,Banking,Bearish,No,24725.3,-1.4667971672739997
2016-04-13,Wednesday,April,2016,24339.09,25032.96,24326.72,25020.24,24362.63,2.7,353.1,94366.8,25444.42,23857.81,49.34,24.25,1.73,Auto,Neutral,No,24362.63,2.699257017817865
2016-04-14,Thursday,April,2016,25077.21,25814.66,24794.43,25526.81,25020.24,2.02,240.8,61455.8,25444.27,23869.84,54.98,25.39,1.57,IT,Bearish,No,25020.24,2.0246408507672173
2016-04-15,Friday,April,2016,25415.73,25915.77,25186.92,25684.54,25526.81,0.62,209.6,49167.8,25444.02,23881.74,57.55,25.17,1.87,Pharma,Bearish,No,25526.81,0.6178993771646342
2016-04-18,Monday,April,2016,25670.87,25725.71,25208.68,25262.65,25684.54,-1.64,322.2,75406.2,25431.61,23890.66,53.33,24.5,0.98,FMCG,Neutral,No,25684.54,-1.6425834373518053
2016-04-19,Tuesday,April,2016,25214.05,25361.02,24826.03,24971.59,25262.65,-1.15,267.3,101843.0,25407.63,23899.71,49.11,25.03,0.66,Auto,Bearish,No,25262.65,-1.152135662727391
2016-04-20,Wednesday,April,2016,25136.26,25510.79,24443.31,24813.02,24971.59,-0.64,332.8,83081.6,25383.27,23907.79,45.51,24.67,1.14,Pharma,Neutral,No,24971.59,-0.635001615836235
2016-04-21,Thursday,April,2016,24732.26,25783.31,24469.27,25512.03,24813.02,2.82,278.5,77410.0,25372.77,23920.46,57.78,25.0,1.58,Metal,Neutral,No,24813.02,2.817109727070701
2016-04-22,Friday,April,2016,25314.41,26237.07,24998.95,25914.14,25512.03,1.58,348.2,85102.6,25374.15,23933.69,63.06,24.2,1.73,Energy,Neutral,No,25512.03,1.5761583848874456
2016-04-25,Monday,April,2016,26045.88,26370.0,25956.11,26279.42,25914.14,1.41,300.0,39537.4,25387.79,23950.47,52.29,24.45,1.5,FMCG,Neutral,No,25914.14,1.409577936987293
2016-04-26,Tuesday,April,2016,26318.16,27156.55,25978.63,26810.66,26279.42,2.02,331.3,83954.2,25415.52,23967.82,63.46,24.67,1.8,FMCG,Neutral,No,26279.42,2.021505801878434
2016-04-27,Wednesday,April,2016,26747.33,26811.78,26685.7,26750.14,26810.66,-0.23,384.4,104028.6,25431.72,23983.48,62.21,24.29,0.52,Pharma,Neutral,No,26810.66,-0.22573110844716407
2016-04-28,Thursday,April,2016,26747.56,26812.58,25996.12,26059.46,26750.14,-2.58,323.4,91175.5,25430.78,23994.33,62.13,26.98,0.2,Pharma,Bearish,No,26750.14,-2.581967795308736
2016-04-29,Friday,April,2016,25996.84,26291.66,25047.36,25334.67,26059.46,-2.78,394.7,101350.9,25414.01,24002.47,55.05,29.23,0.2,Banking,Bearish,No,26059.46,-2.7812932424539913
2016-05-02,Monday,May,2016,25185.93,25253.32,25099.27,25166.61,25334.67,-0.66,299.5,75525.8,25382.89,24012.56,56.89,29.57,0.37,Banking,Bearish,No,25334.67,-0.6633597358876104
2016-05-03,Tuesday,May,2016,25154.21,25751.91,24800.28,25394.6,25166.61,0.91,223.2,59516.3,25362.96,24024.95,53.46,29.46,1.02,FMCG,Bearish,No,25166.61,0.9059225696269699
2016-05-04,Wednesday,May,2016,25381.54,25503.92,24800.28,25427.88,25394.6,0.13,101.0,23872.1,25350.23,24035.62,49.0,28.36,1.82,Banking,Bearish,No,25394.6,0.13105148338624148
2016-05-05,Thursday,May,2016,25453.77,25917.71,25349.11,25811.58,25427.88,1.51,214.6,59885.2,25344.27,24049.43,51.23,28.65,1.87,IT,Bearish,No,25427.88,1.5089736147881803
2016-05-06,Friday,May,2016,25736.24,26060.84,25201.46,25523.38,25811.58,-1.12,291.8,75633.6,25331.54,24062.98,52.59,28.56,0.73,Auto,Bearish,No,25811.58,-1.1165531129826254
2016-05-09,Monday,May,2016,25464.06,26005.39,25201.46,25862.71,25523.38,1.33,339.4,91048.8,25333.86,24077.68,58.78,28.59,1.58,Banking,Bearish,No,25523.38,1.3294869253210118
2016-05-10,Tuesday,May,2016,25833.49,26419.21,25544.66,26127.09,25862.71,1.02,303.1,84243.0,25336.24,24093.99,62.69,28.91,1.47,Banking,Bearish,No,25862.71,1.0222439953121736
2016-05-11,Wednesday,May,2016,26050.21,26142.6,25720.36,25811.9,26127.09,-1.21,312.8,82920.2,25326.67,24109.22,53.13,29.05,0.54,Auto,Bearish,No,26127.09,-1.2063723897303475
2016-05-12,Thursday,May,2016,25899.93,26078.47,24980.8,25154.2,25811.9,-2.55,370.8,95905.9,25313.67,24121.11,42.48,32.32,0.25,FMCG,Bearish,No,25811.9,-2.548049543040228
2016-05-13,Friday,May,2016,25218.28,25494.76,24362.6,24632.66,25154.2,-2.07,276.3,71185.6,25290.06,24130.54,34.19,34.92,0.59,IT,Bearish,No,25154.2,-2.073371444927689
2016-05-16,Monday,May,2016,24594.54,25067.91,24480.98,24952.7,24632.66,1.3,282.5,64178.7,25277.81,24143.52,31.4,34.63,1.36,FMCG,Unknown,No,24632.66,1.2992506696394173
2016-05-17,Tuesday,May,2016,24992.72,25534.23,24690.54,25229.19,24952.7,1.11,312.5,39537.4,25273.79,24154.89,35.41,34.21,1.8,Pharma,Bearish,No,24952.7,1.10805644278975
2016-05-18,Wednesday,May,2016,25135.47,25300.33,24920.67,25085.2,25229.19,-0.57,277.0,75919.5,25262.69,24165.53,52.29,33.48,0.74,Banking,Bearish,No,25229.19,-0.5707277958586778
2016-05-19,Thursday,May,2016,25135.47,25262.92,24697.48,24908.71,25085.2,-0.7,267.3,83860.5,25256.14,24178.02,44.83,34.17,0.47,IT,Bearish,No,25085.2,-0.7035622598185447
2016-05-20,Friday,May,2016,25018.08,25117.89,24907.8,25007.56,24908.71,0.4,204.8,51648.3,25251.23,24191.05,48.04,34.53,1.21,Energy,Bearish,No,24908.71,0.39684913429881435
2016-05-23,Monday,May,2016,25056.02,25318.42,24932.78,25194.5,25007.56,0.75,223.3,52607.3,25271.14,24205.14,47.5,33.49,1.19,Pharma,Bearish,No,25007.56,0.7475339457348045
2016-05-24,Tuesday,May,2016,25216.35,25332.94,24538.12,24652.1,25194.5,-2.15,287.9,68464.8,25270.61,24219.29,41.41,24.57,0.21,IT,Bearish,No,25194.5,-2.1528508206156163
2016-05-25,Wednesday,May,2016,24625.58,24937.48,24488.56,24799.49,24652.1,0.6,85.7,22175.9,25272.52,24231.67,38.17,34.2,1.46,IT,Bearish,No,24652.1,0.5978800994641554
2016-05-26,Thursday,May,2016,24796.37,25148.1,24096.27,24442.99,24799.49,-1.44,329.8,82920.0,25265.84,24242.43,37.57,34.85,0.41,Banking,Bearish,No,24799.49,-1.4375295620998656
2016-05-27,Friday,May,2016,24335.31,25182.9,24031.53,24872.41,24442.99,1.76,306.6,74952.0,25266.17,24255.45,38.84,34.1,1.31,IT,Bearish,No,24442.99,1.7568227127695841
2016-05-30,Monday,May,2016,24848.28,25446.65,24604.59,25199.51,24872.41,1.32,270.3,74082.1,25269.93,24270.04,39.69,32.26,1.32,Metal,Bearish,No,24872.41,1.3151118046059813
2016-05-31,Tuesday,May,2016,25227.94,25363.3,24794.57,25199.51,25199.51,-1.08,225.5,59305.6,25262.36,24284.23,40.09,31.47,0.42,FMCG,Bearish,No,25199.51,0.0
2016-06-01,Wednesday,June,2016,24926.34,25041.79,24304.94,24418.04,24928.32,-2.05,357.6,83266.0,25241.08,24297.3,41.46,32.97,0.2,Pharma,Bearish,No,25199.51,-3.101131728355026
2016-06-02,Thursday,June,2016,24416.11,25072.63,24315.48,24969.72,24418.04,2.26,331.5,82202.6,25239.04,24312.67,53.88,32.3,2.05,Banking,Bearish,No,24418.04,2.25931319630896
2016-06-03,Friday,June,2016,24920.7,25089.78,24587.52,24755.48,24969.72,-0.86,356.0,94792.7,25232.27,24327.03,47.67,31.62,0.41,Banking,Bearish,No,24969.72,-0.857999208641513
2016-06-06,Monday,June,2016,24688.06,24913.23,24012.6,24233.62,24755.48,-2.11,329.1,72135.9,25216.61,24337.13,38.88,33.22,0.33,Realty,Bearish,No,24755.48,-2.1080584985627446
2016-06-07,Tuesday,June,2016,24160.98,24631.53,23908.33,24376.62,24233.62,0.59,274.5,68004.1,25205.26,24346.55,42.09,24.57,1.1,Metal,Bearish,No,24233.62,0.5900893056835917
2016-06-08,Wednesday,June,2016,24160.98,24892.81,24161.93,24693.84,24376.62,1.3,378.6,88479.0,25197.94,24355.71,47.67,31.01,1.4,Energy,Bearish,No,24376.62,1.3013288962948972
2016-06-09,Thursday,June,2016,24748.23,25002.19,24411.73,24664.84,24693.84,-0.12,206.1,46399.7,25186.14,24364.68,46.23,30.52,0.35,IT,Bearish,No,24693.84,-0.11743819511262728
2016-06-10,Friday,June,2016,24601.31,24971.14,24312.4,24681.29,24664.84,0.07,197.3,52717.1,25185.34,24372.58,44.14,29.93,1.22,Auto,Bearish,No,24664.84,0.06669412815976397
2016-06-13,Monday,June,2016,24684.31,25865.64,24523.54,25698.27,24681.29,4.12,503.5,137575.6,25208.67,24385.38,60.78,29.4,2.29,FMCG,Bearish,No,24681.29,4.120449133736525
2016-06-14,Tuesday,June,2016,25699.46,26585.59,25380.95,26260.13,25698.27,2.19,233.4,57433.4,25230.89,24404.67,63.87,29.69,2.02,Realty,Bearish,No,25698.27,2.1863728570055514
2016-06-15,Wednesday,June,2016,26333.41,26740.43,26226.36,26632.17,26260.13,1.42,274.3,77975.0,25256.14,24425.39,70.72,29.15,1.59,IT,Bearish,No,26260.13,1.4167485080995306
2016-06-16,Thursday,June,2016,26633.24,26908.77,26137.35,26410.58,26632.17,-0.83,244.9,60105.7,25275.41,24445.59,65.16,29.09,0.74,Realty,Bearish,No,26632.17,-0.8320388462524703
2016-06-17,Friday,June,2016,26292.7,27117.51,26079.0,26898.88,26410.58,1.85,260.1,69630.4,25318.12,24468.52,66.23,29.29,1.62,Pharma,Bearish,No,26410.58,1.848880259350606
2016-06-20,Monday,June,2016,27070.35,27305.89,26672.44,26906.56,26898.88,0.03,253.1,71175.6,25361.75,24493.25,69.89,30.15,1.68,Unknown,Bearish,No,26898.88,0.02855137462972544
2016-06-21,Tuesday,June,2016,26984.99,27161.17,26442.14,26615.91,26906.56,-1.08,240.4,64417.3,25406.81,24517.36,73.12,29.43,0.4,IT,Bearish,No,26906.56,-1.0802198422986864
2016-06-22,Wednesday,June,2016,26654.49,27094.23,26308.27,26746.81,26615.91,0.49,267.3,39537.4,25441.34,24542.5,70.51,29.23,1.25,Energy,Bearish,No,26615.91,0.4918111009542843
2016-06-23,Thursday,June,2016,26700.63,27446.05,26551.56,27293.67,26746.81,2.04,264.2,73795.5,25476.68,24569.4,77.21,28.59,1.75,Energy,Bearish,No,26746.81,2.0445802695723225
2016-06-24,Friday,June,2016,27267.56,27637.03,26790.7,27158.7,27293.67,-0.49,262.0,70187.4,25506.16,24595.78,84.19,28.17,0.35,Unknown,Bearish,No,27293.67,-0.494510265567062
2016-06-27,Monday,June,2016,27042.81,27821.89,26675.67,27449.24,27158.7,1.07,397.7,118448.2,25549.9,24621.97,84.72,27.06,1.34,Banking,Bearish,No,27158.7,1.0697861090552967
2016-06-28,Tuesday,June,2016,27421.76,27885.03,27152.9,27614.29,27449.24,0.6,246.7,61806.5,25602.75,24647.19,84.17,26.38,0.73,FMCG,Bearish,No,27449.24,0.6012916933219253
2016-06-29,Wednesday,June,2016,27628.85,27815.31,26938.61,27121.64,27614.29,-1.78,310.2,83936.1,25648.92,24669.35,75.93,26.46,0.39,FMCG,Bearish,No,27614.29,-1.7840400749032526
2016-06-30,Thursday,June,2016,27628.85,28080.27,26993.51,27950.33,27121.64,3.06,297.0,85681.9,25697.69,24695.07,79.46,26.65,1.53,Pharma,Bearish,No,27121.64,3.0554568234074426
2016-07-01,Friday,July,2016,28097.28,28097.91,25285.14,25285.71,27950.33,-9.53,797.5,215207.0,25685.12,24706.19,47.13,35.63,0.2,Realty,Bearish,No,27950.33,-9.533411591204835
2016-07-04,Monday,July,2016,25336.61,25594.02,24731.72,24985.56,25285.71,-1.19,274.9,69250.7,25659.24,24715.0,40.81,34.95,0.23,Auto,Bearish,No,25285.71,-1.1870340994972963
2016-07-05,Tuesday,July,2016,25058.54,25526.54,24969.48,25436.14,24985.56,1.8,332.1,90986.6,25631.75,24726.96,41.47,36.28,1.6,Pharma,Bearish,No,24985.56,1.8033616216726704
2016-07-06,Wednesday,July,2016,25477.36,25526.54,25372.54,25821.67,25436.14,1.52,351.6,89450.3,25613.18,24738.81,45.9,35.33,1.02,IT,Bearish,No,25436.14,1.5156780863763089
2016-07-07,Thursday,July,2016,25834.27,26374.67,25570.66,26108.26,25821.67,1.11,264.0,66404.9,25614.16,24752.82,44.33,33.71,1.51,Auto,Bearish,No,25821.67,1.1098817388650701
2016-07-08,Friday,July,2016,26143.88,26562.69,25979.68,26396.91,26108.26,1.11,335.9,39537.4,25635.4,24766.84,46.49,34.85,1.35,Banking,Bearish,No,26108.26,1.1055888059947367
2016-07-11,Monday,July,2016,26239.79,26539.84,26007.03,26306.49,26396.91,-0.34,302.4,82210.7,25658.2,24778.03,47.81,33.96,0.83,Energy,Bearish,No,26396.91,-0.3425400927608506
2016-07-12,Tuesday,July,2016,26285.94,26934.52,26027.23,26672.01,26306.49,1.39,308.9,81166.8,25683.75,24793.41,49.49,34.0,1.51,IT,Bearish,No,26306.49,1.3894670098519293
2016-07-13,Wednesday,July,2016,26560.17,26943.14,25994.44,26374.73,26672.01,-1.11,288.3,81789.7,25702.69,24810.3,43.47,32.59,0.79,Banking,Bearish,No,26672.01,-1.1145766667004056
2016-07-14,Thursday,July,2016,26281.37,26798.46,26050.24,26564.84,26374.73,0.72,257.5,70909.2,25717.75,24827.98,45.82,31.44,0.98,Realty,Bearish,No,26374.73,0.7208035873732189
2016-07-15,Friday,July,2016,26659.97,27508.79,26505.3,27350.12,26564.84,2.96,397.3,111659.7,25754.29,24848.86,49.35,30.88,1.98,Metal,Bearish,No,26564.84,2.9560878213458044
2016-07-18,Monday,July,2016,27261.79,28096.15,27051.88,27881.47,27350.12,1.94,346.3,100966.8,25794.66,24872.14,51.68,30.88,1.51,Banking,Bearish,No,27350.12,1.9427702693809101
2016-07-19,Tuesday,July,2016,27770.75,27928.72,27443.38,27600.39,27881.47,-1.01,185.1,53523.1,25824.13,24893.08,53.09,31.36,1.05,IT,Bearish,No,27881.47,-1.0081247509546727
2016-07-20,Wednesday,July,2016,27632.65,28061.48,26829.19,27252.12,27600.39,-1.26,243.6,66293.0,25852.93,24913.88,45.19,30.87,0.46,Realty,Bearish,No,27600.39,-1.2618299958804946
2016-07-21,Thursday,July,2016,27246.51,28573.41,26987.97,28304.83,27252.12,3.86,463.4,129047.8,25915.94,24939.65,76.7,30.62,2.05,Energy,Bearish,No,27252.12,3.86285544023732
2016-07-22,Friday,July,2016,28342.72,28635.75,27853.21,28144.18,28304.83,-0.57,263.4,80199.9,25986.17,24966.04,78.64,30.28,0.36,Metal,Bearish,No,28304.83,-0.5675709764022657
2016-07-25,Monday,July,2016,28292.44,28671.84,27017.0,27384.22,28144.18,-2.7,267.3,94615.1,26034.81,24987.49,66.73,32.58,0.2,Auto,Bearish,No,28144.18,-2.7002385573145107
2016-07-26,Tuesday,July,2016,27431.27,27557.71,27276.23,27402.54,27384.22,0.07,329.1,85056.2,26078.27,25008.01,64.49,31.76,0.82,IT,Bearish,No,27384.22,0.066899842317947
2016-07-27,Wednesday,July,2016,27275.07,27557.55,27212.5,27494.48,27402.54,0.34,285.4,78808.3,26126.46,25026.51,63.17,31.79,1.22,IT,Unknown,No,27402.54,0.335516342645604
2016-07-28,Thursday,July,2016,27571.43,28374.9,27353.37,28152.24,27494.48,2.39,401.6,102531.8,26191.33,25049.79,65.59,32.23,1.86,Auto,Bearish,No,27494.48,2.3923347522848295
2016-07-29,Friday,July,2016,28133.67,28459.86,28068.81,28394.4,28152.24,0.86,249.4,73978.5,26259.07,25071.05,68.05,32.43,1.45,Metal,Bearish,No,28152.24,0.8601802201174749
2016-08-01,Monday,August,2016,28408.71,28589.26,27989.92,28168.95,28394.4,-0.79,283.1,73797.0,26318.55,25092.51,63.27,31.49,0.36,Auto,Unknown,No,28394.4,-0.7939945904826329
2016-08-02,Tuesday,August,2016,28029.23,28891.32,28009.17,28168.95,28168.95,2.49,336.6,89632.2,26402.93,25118.58,70.64,30.25,1.01,Banking,Bearish,No,28168.95,0.0
2016-08-03,Wednesday,August,2016,28914.25,29150.29,28839.27,29074.89,28870.66,0.71,193.0,61124.0,26488.43,25145.34,70.71,30.31,1.24,Auto,Bearish,No,28168.95,3.2160943166145657
2016-08-04,Thursday,August,2016,28961.37,29452.85,28588.01,29077.98,29074.89,0.01,232.3,71230.3,26581.13,25170.61,66.37,29.44,1.25,Auto,Bearish,No,29074.89,0.010627727224419924
2016-08-05,Friday,August,2016,29124.58,29404.72,28760.41,29039.73,29077.98,-0.13,223.1,63676.3,26664.48,25197.38,62.1,29.84,0.84,Auto,Bearish,No,29077.98,-0.13154283756987245
2016-08-08,Monday,August,2016,28976.75,29725.31,28536.58,29280.52,29039.73,0.83,256.7,71248.2,26746.1,25225.46,67.7,30.41,1.81,Pharma,Bearish,No,29039.73,0.8291743759325617
2016-08-09,Tuesday,August,2016,29343.96,29575.06,29050.69,29281.29,29280.52,0.0,279.6,87494.8,26833.16,25255.75,73.07,30.55,0.96,IT,Bearish,No,29280.52,0.0026297347178275404
2016-08-10,Wednesday,August,2016,29167.53,29750.95,28942.3,29522.98,29281.29,0.83,254.3,82112.9,26935.26,25288.45,66.98,29.48,1.06,Banking,Bearish,No,29281.29,0.8254076237761337
2016-08-11,Thursday,August,2016,29384.74,30727.2,29124.34,30457.29,29522.98,3.16,377.6,115198.9,27045.01,25324.19,76.52,28.93,2.18,Energy,Bearish,No,29522.98,3.1646873046013693
2016-08-12,Friday,August,2016,30407.82,31265.6,29728.06,30581.95,30457.29,0.41,247.5,76902.5,27161.54,25359.94,92.92,27.98,1.55,Banking,Bearish,No,30457.29,0.4092944579113895
2016-08-15,Monday,August,2016,30606.38,30980.1,29728.06,30450.65,30581.95,-0.43,271.7,78482.8,27285.88,25393.07,89.71,27.89,0.84,Banking,Bearish,No,30581.95,-0.4293382207478571
2016-08-16,Tuesday,August,2016,30346.04,30486.77,28909.51,29044.2,30450.65,-4.62,480.0,141900.7,27379.23,25420.73,65.04,32.08,0.2,IT,Bearish,No,30450.65,-4.618784820685275
2016-08-17,Wednesday,August,2016,29061.96,29341.81,28336.04,28611.55,29044.2,-1.49,336.8,94447.9,27457.59,25447.61,54.66,31.92,0.38,Energy,Bearish,No,29044.2,-1.4896261559967272
2016-08-18,Thursday,August,2016,28686.6,28933.6,27729.55,27970.38,28611.55,-2.24,257.6,77031.6,27523.7,25472.67,46.02,34.15,0.2,Banking,Bearish,No,28611.55,-2.2409481485623752
2016-08-19,Friday,August,2016,27859.31,28162.52,27433.27,27735.13,27970.38,-0.84,271.1,73342.0,27584.77,25499.0,45.94,33.43,1.06,Banking,Bearish,No,27970.38,-0.8410683015389852
2016-08-22,Monday,August,2016,27752.22,28182.18,26194.86,26607.08,27735.13,-4.07,425.3,116527.1,27602.95,25520.64,30.36,37.44,0.2,FMCG,Bearish,No,27735.13,-4.067224491105682
2016-08-23,Tuesday,August,2016,26650.17,26926.03,26315.28,26590.52,26607.08,-0.06,144.1,36044.5,27609.56,25540.88,27.72,35.99,0.67,IT,Bearish,No,26607.08,-0.062239073209090626
2016-08-24,Wednesday,August,2016,26575.13,26748.32,25696.11,25864.67,26590.52,-2.73,273.7,64996.2,27594.21,25557.64,24.49,38.44,0.26,Pharma,Bearish,No,26590.52,-2.7297322504411428
2016-08-25,Thursday,August,2016,25858.27,26558.75,25458.57,26154.47,25864.67,1.12,237.7,56454.0,27589.08,25577.34,27.97,38.57,1.27,Pharma,Bearish,No,25864.67,1.1204473128789307
2016-08-26,Friday,August,2016,26043.92,26167.68,25971.61,26095.23,26154.47,-0.23,192.2,49308.9,27573.01,25596.4,24.99,38.12,1.01,Metal,Bearish,No,26154.47,-0.22650047965032974
2016-08-29,Monday,August,2016,26129.48,26730.84,25948.79,26547.26,26095.23,1.73,290.8,72004.4,27565.83,25616.02,29.95,39.1,1.74,Banking,Bearish,No,26095.23,1.7322322891961437
2016-08-30,Tuesday,August,2016,26552.14,26860.3,25630.4,25931.36,26547.26,-2.32,346.4,98691.7,27552.13,25632.42,25.03,40.41,0.2,Pharma,Bearish,No,26547.26,-2.320013440181766
2016-08-31,Wednesday,August,2016,25943.08,26068.59,25499.59,25623.56,25931.36,-1.19,309.7,84091.9,27529.67,25646.56,13.2,38.69,0.21,Energy,Bearish,No,25931.36,-1.186979780466583
2016-09-01,Thursday,September,2016,25782.27,26017.41,25581.35,25816.23,25623.56,0.75,183.0,49070.8,27500.12,25662.06,14.08,38.37,1.6,Banking,Bearish,No,25623.56,0.751925181356526
2016-09-02,Friday,September,2016,25800.22,25934.24,25522.25,25655.52,25816.23,-0.62,197.1,53634.6,27470.06,25676.76,14.02,37.47,0.68,Banking,Bearish,No,25816.23,-0.6225153711444278
2016-09-05,Monday,September,2016,25680.35,25881.85,25333.53,25533.89,25655.52,-0.47,191.6,46601.5,27431.75,25690.57,17.37,36.64,0.64,Auto,Bearish,No,25655.52,-0.4740890069661462
2016-09-06,Tuesday,September,2016,25632.56,25765.89,25261.18,25393.27,25533.89,-0.55,240.6,65730.5,27387.33,25702.35,18.37,36.2,0.93,Auto,Bearish,No,25533.89,-0.55071906395774
2016-09-07,Wednesday,September,2016,25389.59,25600.73,24928.02,25393.27,25393.27,-1.01,267.3,75316.2,27347.64,25711.67,19.87,36.15,0.96,IT,Bearish,No,25393.27,0.0
2016-09-08,Thursday,September,2016,25083.02,25548.73,24915.43,25379.16,25137.06,0.96,327.6,79647.7,27296.21,25722.07,24.99,35.19,1.55,Banking,Bearish,No,25393.27,-0.055565903879258485
2016-09-09,Friday,September,2016,25409.49,26168.06,25071.32,25824.36,25379.16,1.75,251.2,71158.7,27306.99,25734.64,40.28,35.01,1.72,FMCG,Bearish,No,25379.16,1.7541951743083724
2016-09-12,Monday,September,2016,25771.29,26017.2,25070.14,25311.66,25824.36,-1.99,367.8,89752.2,27313.51,25743.93,35.86,35.55,0.68,Pharma,Bearish,No,25824.36,-1.985334776931551
2016-09-13,Tuesday,September,2016,25402.73,25680.95,25011.2,25288.17,25311.66,-0.09,135.8,30987.7,27310.55,25752.32,42.45,35.0,1.12,Pharma,Bearish,No,25311.66,-0.09280307968739152
2016-09-14,Wednesday,September,2016,25327.22,25856.75,25109.98,25636.86,25288.17,1.38,289.2,72172.8,27306.85,25760.85,43.33,32.99,1.29,FMCG,Bearish,No,25288.17,1.3788660863953477
2016-09-15,Thursday,September,2016,25570.64,25730.77,24802.82,25636.86,25636.86,-2.64,388.9,106724.4,27283.87,25769.28,37.37,35.36,0.2,Auto,Bearish,No,25636.86,0.0
2016-09-16,Friday,September,2016,24865.73,25290.85,24633.5,25056.84,24959.12,0.39,277.5,71412.2,27257.07,25777.46,32.01,34.57,1.37,Pharma,Bearish,No,25636.86,-2.2624455569051767
2016-09-19,Monday,September,2016,25068.59,25289.47,24813.37,25056.84,25056.84,-0.09,267.3,84827.2,27231.62,25786.35,37.36,34.3,0.73,FMCG,Bearish,No,25056.84,0.0
2016-09-20,Tuesday,September,2016,25053.14,25096.59,25010.91,25054.36,25033.95,0.08,366.7,87066.5,27199.27,25797.91,41.28,33.39,0.86,IT,Bearish,No,25056.84,-0.009897497050703773
2016-09-21,Wednesday,September,2016,24960.8,25163.84,24669.16,24871.47,25054.36,-0.73,281.1,64962.7,27169.2,25807.54,35.48,32.99,0.82,Unknown,Bearish,No,25054.36,-0.7299727472583591
2016-09-22,Thursday,September,2016,24930.1,25196.55,24620.96,24886.95,24871.47,0.06,144.0,38600.3,27135.64,25816.23,37.63,32.73,1.23,Energy,Bearish,No,24871.47,0.062239988227473335
2016-09-23,Friday,September,2016,24936.62,25064.68,24057.11,24181.3,24886.95,-2.84,594.5,141267.7,27072.27,25819.87,31.68,34.57,0.2,Unknown,Bearish,No,24886.95,-2.8354217772768515
2016-09-26,Monday,September,2016,24206.08,24659.84,23928.43,24380.2,24181.3,0.82,329.3,72321.6,27002.24,25824.69,36.49,33.77,1.35,Auto,Bearish,No,24181.3,0.8225364227729752
2016-09-27,Tuesday,September,2016,24435.63,24665.87,23928.43,23585.02,24380.2,-3.26,450.4,101855.6,26921.93,25824.98,31.91,36.52,0.2,FMCG,Bearish,No,24380.2,-3.2615811191048483
2016-09-28,Wednesday,September,2016,23514.99,23665.79,23124.82,23274.07,23585.02,-1.32,261.2,57092.5,26842.37,25821.62,25.85,35.32,1.04,Energy,Bearish,No,23585.02,-1.3184216082920461
2016-09-29,Thursday,September,2016,23209.04,23496.57,22973.06,23260.07,23274.07,-0.06,215.7,51213.3,26741.48,25818.55,17.35,34.48,1.21,FMCG,Bearish,No,23274.07,-0.06015277946659093
2016-09-30,Friday,September,2016,23241.95,23523.27,23090.28,23370.76,23260.07,0.48,194.2,47710.9,26646.01,25815.97,22.47,35.25,1.38,Realty,Bearish,No,23260.07,0.4758799092178084
2016-10-03,Monday,October,2016,23326.28,23624.77,23113.84,23411.56,23370.76,0.17,269.1,62969.0,26566.56,25813.19,23.51,34.73,1.25,IT,Bearish,No,23370.76,0.174577121154823
2016-10-04,Tuesday,October,2016,23446.83,23610.03,22822.63,22982.6,23411.56,-1.83,285.5,61493.4,26478.16,25806.01,13.36,34.51,0.61,Banking,Bearish,No,23411.56,-1.8322572267717434
2016-10-05,Wednesday,October,2016,23038.14,23699.3,22803.24,23460.1,22982.6,2.08,364.9,78037.7,26397.47,25799.06,28.1,34.0,2.11,IT,Bearish,No,22982.6,2.077658750533012
2016-10-06,Thursday,October,2016,23410.59,23723.99,22553.37,22859.4,23460.1,-2.56,307.0,67561.2,26291.61,25789.98,22.01,36.79,0.48,Metal,Bearish,No,23460.1,-2.5605176448523115
2016-10-07,Friday,October,2016,22799.89,23149.13,22657.26,23005.22,22859.4,0.64,308.7,75362.8,26183.83,25780.1,24.94,24.57,1.34,Unknown,Bearish,No,22859.4,0.6378995074236407
2016-10-10,Monday,October,2016,23064.21,23331.96,22045.51,22304.44,23005.22,-3.05,394.1,86486.8,26066.54,25766.71,20.92,39.47,0.23,IT,Bearish,No,23005.22,-3.0461782152050816
2016-10-11,Tuesday,October,2016,22238.73,22390.05,21717.34,21866.12,22304.44,-1.97,396.5,82403.2,25926.45,25748.93,19.85,39.28,0.43,Auto,Bearish,No,22304.44,-1.9651692667468887
2016-10-12,Wednesday,October,2016,21847.39,21996.73,21505.48,21653.49,21866.12,-0.97,395.8,77489.3,25778.02,25734.09,18.79,39.38,0.45,Auto,Bearish,No,21866.12,-0.972417603122993
2016-10-13,Thursday,October,2016,21587.89,21746.44,21449.32,21607.74,21653.49,-0.21,247.6,53458.6,25628.62,25717.29,21.54,38.15,0.78,IT,Bearish,No,21653.49,-0.21128233832052012
2016-10-14,Friday,October,2016,21569.37,21596.29,21296.04,21322.65,21607.74,-1.32,368.8,81544.7,25474.27,25698.87,16.82,36.99,0.43,IT,Bearish,No,21607.74,-1.319388330292757
2016-10-17,Monday,October,2016,21226.29,21438.58,20868.06,21078.88,21322.65,-1.14,360.0,71184.2,25310.24,25680.55,19.1,36.28,0.57,IT,Bearish,No,21322.65,-1.1432443903548595
2016-10-18,Tuesday,October,2016,21159.96,21410.86,20966.64,21217.02,21078.88,0.66,251.3,53714.9,25148.96,25662.05,23.51,35.58,1.15,Energy,Bearish,No,21078.88,0.6553479122230376
2016-10-19,Wednesday,October,2016,21281.45,21561.01,21097.33,21376.07,21217.02,0.75,272.8,57389.5,24986.02,25643.46,26.61,35.46,0.9,Banking,Bearish,No,21217.02,0.7496340202346949
2016-10-20,Thursday,October,2016,21324.32,21627.51,20652.31,20950.18,21376.07,-1.99,267.3,73678.2,24795.88,25621.78,22.13,34.05,0.4,FMCG,Bearish,No,21376.07,-1.9923681013394856
2016-10-21,Friday,October,2016,20979.28,21286.8,19304.34,19591.52,20950.18,-6.49,540.6,113550.2,24576.07,25593.31,16.26,24.57,0.2,FMCG,Bearish,No,20950.18,-6.485194876607264
2016-10-24,Monday,October,2016,19507.14,20109.03,19249.03,19846.43,19591.52,1.3,258.6,49342.3,24363.98,25566.98,21.42,37.6,1.29,Realty,Bearish,No,19591.52,1.3011241598405834
2016-10-25,Tuesday,October,2016,19883.45,20023.8,19659.25,19799.01,19846.43,-0.24,305.5,65382.6,24179.08,25542.29,13.8,37.89,0.82,IT,Bearish,No,19846.43,-0.23893465978516987
2016-10-26,Wednesday,October,2016,19746.5,19881.88,19218.45,19351.12,19799.01,-2.26,293.1,59065.7,23993.87,25515.05,14.23,40.15,0.47,Banking,Bearish,No,19799.01,-2.2621838162615173
2016-10-27,Thursday,October,2016,19421.8,19498.08,18910.41,18984.97,19351.12,-1.89,307.5,52974.8,23814.16,25485.82,10.77,39.0,0.43,Pharma,Bearish,No,19351.12,-1.8921385428853619
2016-10-28,Friday,October,2016,19014.07,19170.89,18332.66,18485.11,18984.97,-2.63,335.6,65649.5,23629.16,25456.0,11.21,40.76,0.39,Energy,Bearish,No,18984.97,-2.6329248874241076
2016-10-31,Monday,October,2016,18464.84,19044.21,18316.51,18892.45,18485.11,2.2,355.4,67071.6,23474.87,25427.68,19.61,41.19,1.95,Pharma,Bearish,No,18485.11,2.203611447267558
2016-11-01,Tuesday,November,2016,18869.31,19060.9,18147.14,18333.29,18892.45,-2.96,510.5,101929.7,23309.72,25394.66,18.31,43.31,0.2,Pharma,Bearish,No,18892.45,-2.95970083287239
2016-11-02,Wednesday,November,2016,18341.24,19018.4,18147.14,18947.83,18333.29,3.35,370.8,67780.3,23171.39,25364.78,27.1,42.25,2.18,FMCG,Bearish,No,18333.29,3.3520442866501368
2016-11-03,Thursday,November,2016,18895.31,19018.19,18651.54,18773.62,18947.83,-0.92,179.9,34389.9,23023.77,25332.85,27.63,41.37,0.87,Banking,Bearish,No,18947.83,-0.9194192685917214
2016-11-04,Friday,November,2016,18836.98,18859.97,18326.06,18348.45,18773.62,-2.26,342.2,68516.5,22868.83,25300.82,26.78,42.63,0.2,Pharma,Bearish,No,18773.62,-2.2647203895679056
2016-11-07,Monday,November,2016,18365.29,18459.61,18094.6,18188.01,18348.45,-0.87,205.7,35700.4,22701.65,25268.83,24.33,41.85,0.36,Realty,Bearish,No,18348.45,-0.874406284999563
2016-11-08,Tuesday,November,2016,18240.63,18451.68,17474.89,17679.45,18188.01,-2.8,379.2,66664.4,22536.61,25233.79,20.43,44.13,0.2,Banking,Bearish,No,18188.01,-2.7961277786849563
2016-11-09,Wednesday,November,2016,17549.53,18259.62,17486.45,18194.22,17679.45,2.91,315.7,60339.8,22388.02,25200.86,28.26,43.87,1.34,Banking,Bearish,No,17679.45,2.9116856010792214
2016-11-10,Thursday,November,2016,18195.1,18467.59,17749.06,18018.91,18194.22,-0.96,278.4,52081.9,22232.08,25163.29,34.75,42.41,0.2,IT,Bearish,No,18194.22,-0.963547764070135
2016-11-11,Friday,November,2016,18032.32,18249.35,17573.71,17787.8,18018.91,-1.28,213.3,40511.6,22074.72,25123.74,29.94,41.63,0.75,Metal,Bearish,No,18018.91,-1.282597005035269
2016-11-14,Monday,November,2016,17787.62,18006.44,17609.66,17828.07,17787.8,0.23,215.3,38535.8,21920.61,25083.47,30.77,41.35,0.85,Banking,Bearish,No,17787.8,0.22639112200497213
2016-11-15,Tuesday,November,2016,17829.27,18067.01,17063.21,17293.81,17828.07,-3.0,314.9,52486.0,21758.62,25039.08,30.26,44.32,0.2,Pharma,Bearish,No,17828.07,-2.996734924195375
2016-11-16,Wednesday,November,2016,17277.15,17407.0,17009.4,17138.21,17293.81,-0.9,340.6,58782.3,21598.64,24994.62,31.53,44.88,0.77,Banking,Bearish,No,17293.81,-0.8997438968047075
2016-11-17,Thursday,November,2016,17254.27,17341.4,17061.09,17147.68,17138.21,0.06,179.3,29823.2,21434.01,24950.17,35.17,44.11,1.01,Banking,Bearish,No,17138.21,0.05525664582241181
2016-11-18,Friday,November,2016,17160.19,17411.72,17029.49,17280.11,17147.68,0.77,291.6,47127.9,21263.13,24907.35,30.97,45.07,1.03,Metal,Bearish,No,17147.68,0.7722910621145268
2016-11-21,Monday,November,2016,17286.46,17305.9,17113.36,17132.63,17280.11,-0.85,273.8,47424.9,21099.55,24865.02,34.3,45.06,1.3,Energy,Bearish,No,17280.11,-0.8534667892739083
2016-11-22,Tuesday,November,2016,17180.77,17400.05,16470.69,17132.63,17132.63,-2.62,366.5,55622.6,20927.46,24821.32,19.05,47.11,0.2,Auto,Bearish,No,17132.63,0.0
2016-11-23,Wednesday,November,2016,16655.64,17067.05,16545.64,16955.07,16683.62,1.63,322.4,49596.7,20753.82,24776.39,25.79,46.86,2.37,Banking,Unknown,No,17132.63,-1.0363849566587342
2016-11-24,Thursday,November,2016,16889.57,17580.41,16805.47,17493.31,16955.07,3.17,410.0,65476.6,20604.5,24733.33,38.95,47.41,1.77,IT,Bearish,No,16955.07,3.174507684132248
2016-11-25,Friday,November,2016,17540.92,17636.37,16856.1,16948.33,17493.31,-3.12,459.1,80496.0,20442.33,24687.2,35.43,49.87,0.2,Banking,Bearish,No,17493.31,-3.11536238710684
2016-11-28,Monday,November,2016,16931.37,17067.94,16452.21,16586.0,16948.33,-2.14,385.2,62700.8,20273.37,24636.52,36.69,51.57,0.29,Pharma,Bearish,No,16948.33,-2.1378507498969026
2016-11-29,Tuesday,November,2016,16653.71,16794.91,16285.25,16424.5,16586.0,-0.97,360.7,59173.4,20100.78,24586.69,26.43,50.14,0.7,Pharma,Bearish,No,16586.0,-0.9737127698058604
2016-11-30,Wednesday,November,2016,16488.46,16794.91,16285.25,16231.38,16424.5,-1.18,215.6,33898.8,19927.97,24537.52,26.3,49.28,0.9,IT,Bearish,No,16424.5,-1.1758044384912831
2016-12-01,Thursday,December,2016,16118.28,16342.68,15999.04,16222.67,16231.38,-0.05,142.2,21932.0,19754.69,24488.09,27.95,48.74,0.28,Unknown,Bearish,No,16231.38,-0.0536614878094107
2016-12-02,Friday,December,2016,16226.19,16391.68,15856.21,16019.59,16222.67,-1.25,382.8,59585.2,19591.46,24437.39,25.64,47.2,1.04,Auto,Bearish,No,16222.67,-1.2518284598034721
2016-12-05,Monday,December,2016,16071.33,16129.27,15975.02,16032.82,16019.59,0.08,257.9,39537.4,19424.51,24388.82,30.24,46.17,0.46,Realty,Bearish,No,16019.59,0.08258638329694808
2016-12-06,Tuesday,December,2016,16071.33,16311.77,15806.44,16167.86,16032.82,0.84,197.9,33140.1,19276.16,24339.62,34.7,45.14,1.05,IT,Bearish,No,16032.82,0.8422722889672614
2016-12-07,Wednesday,December,2016,16071.33,16294.53,15955.35,16063.43,16167.86,-0.65,235.7,34845.7,19131.95,24288.48,33.4,44.89,0.8,FMCG,Bearish,No,16167.86,-0.6459110853260747
2016-12-08,Thursday,December,2016,16095.13,16095.26,15700.24,15700.37,16063.43,-2.26,367.8,57941.2,18980.76,24237.96,27.4,47.14,0.37,Pharma,Bearish,No,16063.43,-2.2601648589373466
2016-12-09,Friday,December,2016,15697.79,15904.15,15640.23,15846.05,15700.37,0.93,263.1,41497.7,18830.26,24188.13,31.59,46.87,1.25,IT,Bearish,No,15700.37,0.9278762220253309
2016-12-12,Monday,December,2016,15843.79,15920.35,15674.3,15750.41,15846.05,-0.6,287.1,43428.0,18677.04,24139.05,35.14,45.74,0.66,Metal,Bearish,No,15846.05,-0.6035573534098367
2016-12-13,Tuesday,December,2016,15807.03,16151.09,15574.96,15917.4,15750.41,1.06,202.0,29595.6,18535.74,24091.49,32.91,45.07,1.36,Metal,Unknown,No,15750.41,1.0602263687104005
2016-12-14,Wednesday,December,2016,15846.03,16395.32,15690.58,16236.04,15917.4,2.0,316.3,53443.3,18391.26,24044.47,27.68,45.13,1.55,Pharma,Bearish,No,15917.4,2.001834470453725
2016-12-15,Thursday,December,2016,16276.52,16424.38,15949.75,16095.97,16236.04,-0.86,270.6,44161.5,18255.99,23998.77,32.33,42.54,1.04,Auto,Bearish,No,16236.04,-0.8627103653353989
2016-12-16,Friday,December,2016,16118.15,16215.7,15841.94,15938.4,16095.97,-0.98,227.0,38419.5,18114.65,23952.19,35.33,42.27,0.88,Realty,Bearish,No,16095.97,-0.9789406913656009
2016-12-19,Monday,December,2016,16118.15,16095.85,15570.6,15663.81,15938.4,-1.72,290.7,43126.1,17981.84,23909.52,33.6,41.58,0.56,Pharma,Bearish,No,15938.4,-1.722820358379763
2016-12-20,Tuesday,December,2016,15619.26,15670.31,15354.37,15404.72,15663.81,-1.65,276.3,45045.2,17852.61,23863.15,32.68,40.6,0.76,Pharma,Bearish,No,15663.81,-1.6540675608297097
2016-12-21,Wednesday,December,2016,15472.97,15576.55,15230.97,15333.62,15404.72,-0.46,176.6,25952.4,17726.21,23816.3,31.84,40.8,0.95,Metal,Bearish,No,15404.72,-0.46154685057565825
2016-12-22,Thursday,December,2016,15269.75,15475.93,14807.8,15010.48,15333.62,-2.11,290.6,40240.7,17594.27,23767.46,30.35,42.15,0.23,Auto,Bearish,No,15333.62,-2.107395383477621
2016-12-23,Friday,December,2016,14995.6,15235.73,14954.7,15194.29,15010.48,1.22,291.9,41113.7,17471.7,23719.15,34.69,42.62,0.92,IT,Bearish,No,15010.48,1.2245444516098174
2016-12-26,Monday,December,2016,15141.27,15550.51,15055.66,15463.08,15194.29,1.77,248.4,36267.4,17359.38,23671.41,37.73,41.86,2.15,Unknown,Bearish,No,15194.29,1.7690198094152412
2016-12-27,Tuesday,December,2016,15496.7,15678.08,15021.99,15199.9,15463.08,-1.7,266.1,41922.7,17239.04,23620.88,35.76,40.38,0.77,FMCG,Bearish,No,15463.08,-1.7019895130853642
2016-12-28,Wednesday,December,2016,15165.16,15342.5,14562.27,14734.57,15199.9,-3.06,275.7,38543.0,17106.21,23567.14,34.59,24.57,0.2,FMCG,Bearish,No,15199.9,-3.061401719748156
2016-12-29,Thursday,December,2016,14784.73,14860.4,14665.42,14740.86,14734.57,0.04,308.6,46435.3,16982.03,23515.49,31.54,42.12,1.23,Energy,Bearish,No,14734.57,0.04268872454371504
2016-12-30,Friday,December,2016,14666.21,14994.67,14480.62,14807.29,14740.86,0.45,298.0,41977.0,16886.34,23464.05,34.1,41.9,1.29,Banking,Bearish,No,14740.86,0.4506521329149065
2017-01-02,Monday,January,2017,14666.21,14961.34,14694.92,14868.25,14807.29,0.41,312.8,39537.4,16786.78,23413.31,31.65,24.57,0.85,Pharma,Bearish,No,14807.29,0.4116891071897635
2017-01-03,Tuesday,January,2017,14947.91,14961.34,14694.92,14854.03,14868.25,-0.1,246.5,39469.1,16687.88,23362.86,22.95,40.91,1.38,IT,Bearish,No,14868.25,-0.09564003833671983
2017-01-04,Wednesday,January,2017,14820.13,15027.51,14603.74,14810.99,14854.03,-0.29,252.2,37356.0,16597.07,23311.62,23.86,41.58,0.95,Realty,Bearish,No,14854.03,-0.2897530165214482
2017-01-05,Thursday,January,2017,14858.06,15279.98,14733.73,15153.18,14810.99,2.31,320.2,49493.3,16520.44,23261.11,35.14,41.88,1.43,FMCG,Bearish,No,14810.99,2.3103789820937055
2017-01-06,Friday,January,2017,15184.83,15296.11,14876.96,14986.79,15153.18,-1.1,353.5,49686.0,16450.47,23212.44,36.64,42.39,0.27,Auto,Bearish,No,15153.18,-1.0980533458983488
2017-01-09,Monday,January,2017,14928.01,15486.22,14798.15,15352.66,14986.79,2.44,340.6,48437.4,16379.68,23166.54,49.01,41.69,1.94,Pharma,Bearish,No,14986.79,2.4412832901508525
2017-01-10,Tuesday,January,2017,15362.4,15529.56,15299.1,15465.84,15352.66,0.74,139.0,21124.2,16322.33,23118.13,52.46,40.35,0.96,Banking,Bearish,No,15352.66,0.7372012406970538
2017-01-11,Wednesday,January,2017,15536.77,15626.14,15368.17,15457.09,15465.84,-0.06,106.9,17698.1,16252.51,23068.56,59.43,40.22,0.76,Metal,Bearish,No,15465.84,-0.0565762997677462
2017-01-12,Thursday,January,2017,15536.77,15650.32,14960.8,15169.34,15457.09,-1.86,336.7,48428.7,16180.43,23017.17,49.5,40.41,0.51,Banking,Bearish,No,15457.09,-1.8616052568756474
2017-01-13,Friday,January,2017,15137.94,15371.62,14960.8,15036.03,15169.34,-0.88,206.8,31851.3,16114.18,22968.54,40.86,39.92,0.51,IT,Bearish,No,15169.34,-0.8788121302574765
2017-01-16,Monday,January,2017,15050.85,15104.24,14884.72,14937.71,15036.03,-0.65,258.8,41535.8,16049.17,22919.6,43.96,38.93,0.64,Pharma,Bearish,No,15036.03,-0.6538960084543693
2017-01-17,Tuesday,January,2017,14928.09,15024.27,14786.87,14882.75,14937.71,-0.37,284.0,45939.3,15993.24,22872.2,54.21,38.9,0.64,Banking,Bearish,No,14937.71,-0.3679278818506928
2017-01-18,Wednesday,January,2017,14815.96,15387.64,14697.17,15265.25,14882.75,2.57,295.5,49563.7,15934.66,22823.42,62.26,39.25,2.06,Auto,Bearish,No,14882.75,2.5700895331843916
2017-01-19,Thursday,January,2017,15255.09,15413.15,15120.8,15278.66,15265.25,0.09,206.4,33193.6,15879.85,22772.18,61.3,39.31,1.4,FMCG,Bearish,No,15265.25,0.08784657964985738
2017-01-20,Friday,January,2017,15256.42,15944.01,15120.8,15877.35,15278.66,3.92,392.7,57050.7,15841.65,22723.15,69.24,37.2,1.79,Banking,Bearish,No,15278.66,3.9184719078767407
2017-01-23,Monday,January,2017,15870.97,16039.23,15205.09,15368.02,15877.35,-3.21,267.3,55093.0,15792.44,22673.67,58.24,39.65,0.2,Pharma,Bearish,No,15877.35,-3.207903082063442
2017-01-24,Tuesday,January,2017,15257.22,15458.85,15090.86,15292.11,15368.02,-0.49,159.1,39537.4,15752.41,22625.28,57.64,39.37,0.2,FMCG,Bearish,No,15368.02,-0.49394782151506733
2017-01-25,Wednesday,January,2017,15308.82,15562.58,15134.28,15387.15,15292.11,0.62,185.3,28839.0,15717.39,22578.15,54.03,38.09,1.24,IT,Bearish,No,15292.11,0.621496968044299
2017-01-26,Thursday,January,2017,15311.72,15837.84,15143.14,15665.37,15387.15,1.81,219.2,31367.7,15687.74,22528.91,61.25,38.61,1.66,Banking,Bearish,No,15387.15,1.8081321102348464
2017-01-27,Friday,January,2017,15700.46,15831.17,15264.67,15392.81,15665.37,-1.74,297.9,45641.2,15650.0,22476.31,50.69,36.78,0.2,Auto,Bearish,No,15665.37,-1.7398886844038877
2017-01-30,Monday,January,2017,15442.32,15627.04,15161.01,15344.57,15392.81,-0.31,224.2,32412.0,15614.24,22421.63,47.88,36.63,0.77,IT,Bearish,No,15392.81,-0.3133930711806342
2017-01-31,Tuesday,January,2017,15253.17,15408.39,14804.48,14956.68,15344.57,-2.53,318.1,47026.3,15579.7,22362.36,42.27,39.22,0.29,Realty,Bearish,No,15344.57,-2.5278649059569567
2017-02-01,Wednesday,February,2017,15014.79,15045.79,14445.67,14475.55,14956.68,-3.22,301.0,45524.5,15530.11,22300.99,39.88,42.44,0.39,Auto,Bearish,No,14956.68,-3.2168235196581128
2017-02-02,Thursday,February,2017,14470.47,14614.34,14440.19,14583.82,14475.55,0.75,323.4,48744.5,15471.92,22243.61,43.36,42.54,1.03,IT,Bearish,No,14475.55,0.747950855062505
2017-02-03,Friday,February,2017,14630.94,14766.05,13786.43,13914.92,14583.82,-4.59,423.0,62156.2,15411.25,22186.51,37.13,47.25,0.2,Auto,Bearish,No,14583.82,-4.586589796089088
2017-02-06,Monday,February,2017,13953.79,14295.06,13770.39,14109.61,13914.92,1.4,443.0,62212.1,15361.72,22131.23,40.61,47.55,1.63,Auto,Bearish,No,13914.92,1.399145665228406
2017-02-07,Tuesday,February,2017,14048.43,14185.88,13604.11,13738.53,14109.61,-2.63,407.0,56036.5,15308.0,22072.95,31.4,49.95,0.66,Pharma,Bearish,No,14109.61,-2.629980559349266
2017-02-08,Wednesday,February,2017,14048.43,13845.24,13058.37,13194.98,13738.53,-3.96,302.2,43349.9,15247.27,22011.78,27.52,53.95,0.2,Metal,Bearish,No,13738.53,-3.956391258744575
2017-02-09,Thursday,February,2017,13258.88,13527.48,13208.98,13194.98,13194.98,2.14,398.6,55127.8,15192.36,21950.11,22.19,52.73,2.29,Realty,Bearish,No,13194.98,0.0
2017-02-10,Friday,February,2017,13426.6,14085.34,13315.57,13969.82,13476.76,3.66,354.3,51945.5,15151.36,21892.34,33.74,52.33,1.79,Pharma,Bearish,No,13194.98,5.87223322809129
2017-02-13,Monday,February,2017,13984.95,14160.72,13315.57,13630.21,13969.82,-2.43,289.0,40687.4,15103.31,21831.18,52.29,54.35,0.31,Auto,Bearish,No,13969.82,-2.431026312436385
2017-02-14,Tuesday,February,2017,13599.3,13732.35,13029.3,13158.03,13630.21,-3.46,383.1,51824.7,15043.11,21766.33,27.44,57.13,0.2,IT,Bearish,No,13630.21,-3.464216618819508
2017-02-15,Wednesday,February,2017,13122.35,13738.06,13011.88,13623.37,13158.03,3.54,458.8,67673.6,14994.31,21705.39,30.09,56.43,2.17,FMCG,Bearish,No,13158.03,3.5365476442902173
2017-02-16,Thursday,February,2017,13622.61,14080.23,13481.25,13935.63,13623.37,2.29,363.4,49188.5,14959.02,21649.3,35.9,56.03,1.4,FMCG,Bearish,No,13623.37,2.2920907235140673
2017-02-17,Friday,February,2017,14027.24,14152.17,13369.45,13489.59,13935.63,-3.2,396.3,52686.1,14911.89,21593.58,33.34,58.8,0.3,Banking,Bearish,No,13935.63,-3.2007164369318004
2017-02-20,Monday,February,2017,13520.67,13692.36,13294.99,13465.98,13489.59,-0.18,179.5,23590.1,14866.2,21536.15,35.67,58.0,1.11,IT,Bearish,No,13489.59,-0.17502385172566834
2017-02-21,Tuesday,February,2017,13423.41,13580.69,13303.9,13465.98,13465.98,-0.04,278.5,39476.8,14817.07,21477.31,39.26,57.82,1.05,Realty,Bearish,No,13465.98,0.0
2017-02-22,Wednesday,February,2017,13468.74,13671.44,13362.65,13564.59,13460.85,0.77,199.2,29011.7,14763.64,21419.7,39.21,56.39,0.74,Energy,Bearish,No,13465.98,0.7322898147776886
2017-02-23,Thursday,February,2017,13488.92,13540.32,13103.32,13153.44,13564.59,-3.03,438.9,56085.2,14704.79,21360.93,41.47,58.06,0.26,FMCG,Bearish,No,13564.59,-3.031053647769668
2017-02-24,Friday,February,2017,13064.47,13232.45,12886.44,13054.29,13153.44,-0.75,278.0,33695.0,14647.1,21301.16,37.92,58.28,0.55,IT,Bearish,No,13153.44,-0.7537952049045696
2017-02-27,Monday,February,2017,13060.91,13218.72,13005.55,13162.93,13054.29,0.83,225.5,29647.4,14597.09,21241.0,42.99,57.85,1.04,Auto,Bearish,No,13054.29,0.8322168421262236
2017-02-28,Tuesday,February,2017,13191.16,13309.22,12863.44,12979.61,13162.93,-1.39,418.1,59524.4,14548.58,21182.64,47.12,56.72,0.2,IT,Bearish,No,13162.93,-1.3926990419306318
2017-03-01,Wednesday,March,2017,13040.39,13252.91,12894.29,13106.07,12979.61,0.97,267.3,39823.8,14504.03,21124.17,44.84,55.96,1.22,Banking,Bearish,No,12979.61,0.9742973787347934
2017-03-02,Thursday,March,2017,13423.41,13596.92,12894.29,13106.07,13106.07,2.2,361.0,47887.8,14471.7,21068.93,41.49,55.12,1.57,Banking,Bearish,No,13106.07,0.0
2017-03-03,Friday,March,2017,13394.16,13513.46,13122.69,13240.62,13393.9,-1.14,284.1,35896.7,14432.63,21010.77,43.91,53.92,1.02,IT,Bearish,No,13106.07,1.0266235416108802
2017-03-06,Monday,March,2017,13227.16,13736.96,13047.73,13553.11,13240.62,2.36,267.3,39201.8,14394.43,20952.54,56.5,51.23,1.49,Auto,Bearish,No,13240.62,2.3600858570066943
2017-03-07,Tuesday,March,2017,13574.57,13684.65,13333.79,13442.81,13553.11,-0.81,263.3,35755.4,14359.29,20895.11,46.64,24.57,0.51,Banking,Unknown,No,13553.11,-0.8138353484919777
2017-03-08,Wednesday,March,2017,13393.77,13632.77,13316.64,13554.72,13442.81,0.83,357.5,49221.3,14335.69,20840.79,42.33,50.19,1.1,Banking,Bearish,No,13442.81,0.8324896357234823
2017-03-09,Thursday,March,2017,13527.14,13632.77,13502.775000000001,13800.27,13554.72,1.81,226.3,28158.6,14316.88,20784.95,56.81,49.93,1.36,IT,Bearish,No,13554.72,1.8115460887425272
2017-03-10,Friday,March,2017,13751.34,14012.05,13708.33,13968.36,13800.27,1.22,314.2,45229.6,14300.1,20731.01,52.29,49.02,1.01,FMCG,Bearish,No,13800.27,1.2180196474416816
2017-03-13,Monday,March,2017,13946.39,14220.93,13481.94,13752.67,13968.36,-1.54,382.1,50513.8,14277.79,20678.61,55.53,49.06,0.68,Energy,Bearish,No,13968.36,-1.544132596811655
2017-03-14,Tuesday,March,2017,13722.77,13943.8,13523.61,13744.32,13752.67,-0.06,309.7,42680.4,14255.59,20625.45,53.53,48.72,0.93,Auto,Bearish,No,13752.67,-0.06071548288441709
2017-03-15,Wednesday,March,2017,13711.64,13821.75,13633.47,13743.4,13744.32,-0.01,166.3,22997.3,14234.24,20570.69,63.84,47.6,0.83,Auto,Bearish,No,13744.32,-0.006693674186864631
2017-03-16,Thursday,March,2017,13717.02,13903.77,13571.63,13757.94,13743.4,0.11,192.6,26986.5,14206.34,20516.16,67.18,46.68,0.84,Pharma,Bearish,No,13743.4,0.10579623673909566
2017-03-17,Friday,March,2017,13766.64,14068.99,13733.48,14035.18,13757.94,2.02,324.8,48536.1,14187.31,20462.93,69.68,44.93,1.71,FMCG,Bearish,No,13757.94,2.0151272646922416
2017-03-20,Monday,March,2017,14088.61,14234.74,13645.52,13788.54,14035.18,-1.76,336.7,44559.1,14156.02,20403.38,67.75,44.1,0.22,IT,Bearish,No,14035.18,-1.7572984457627148
2017-03-21,Tuesday,March,2017,13800.46,13928.64,13528.38,13655.22,13788.54,-0.97,345.7,44904.0,14119.81,20340.35,62.01,43.92,0.66,Energy,Bearish,No,13788.54,-0.9668898955219444
2017-03-22,Wednesday,March,2017,13631.74,13971.29,13475.44,13812.91,13655.22,1.15,265.0,38769.8,14086.93,20276.26,59.72,42.12,1.53,Energy,Bearish,No,13655.22,1.1547964807597426
2017-03-23,Thursday,March,2017,13831.06,14596.33,13742.76,14503.74,13812.91,5.0,514.9,77946.5,14073.62,20216.72,73.45,41.26,2.77,Banking,Bearish,No,13812.91,5.0013357069582005
2017-03-24,Friday,March,2017,14508.54,14871.85,14383.24,14744.51,14503.74,1.66,147.8,39537.4,14067.78,20155.95,72.72,41.2,1.98,Realty,Bearish,No,14503.74,1.6600545790258265
2017-03-27,Monday,March,2017,14752.0,14898.12,14581.4,14727.28,14744.51,-0.12,209.9,27826.5,14063.58,20095.06,75.4,40.99,1.25,Metal,Bearish,No,14744.51,-0.11685705391362321
2017-03-28,Tuesday,March,2017,14726.26,14837.43,14637.22,14748.26,14727.28,0.14,283.8,43244.6,14060.89,20035.72,74.48,40.98,1.15,Metal,Bearish,No,14727.28,0.1424567197744564
2017-03-29,Wednesday,March,2017,14824.62,15189.54,14622.64,14985.37,14748.26,1.61,349.1,48727.1,14055.29,19976.91,74.39,40.04,1.65,FMCG,Bearish,No,14748.26,1.6077150796093953
2017-03-30,Thursday,March,2017,14989.81,15446.39,14862.09,15315.89,14985.37,2.21,270.4,45199.4,14056.03,19917.02,76.0,40.98,2.32,Metal,Bearish,No,14985.37,2.2056178793049392
2017-03-31,Friday,March,2017,15290.1,15922.66,15146.72,15774.73,15315.89,3.0,427.0,68764.6,14053.98,19860.1,85.66,40.53,1.76,Auto,Bearish,No,15315.89,2.9958428795192455
2017-04-03,Monday,April,2017,15737.95,15811.43,15201.4,15272.71,15774.73,-3.18,299.1,48875.1,14052.07,19799.22,72.96,43.89,0.2,Banking,Bearish,No,15774.73,-3.1824316485924036
2017-04-04,Tuesday,April,2017,15314.01,15335.37,15201.4,14921.55,15272.71,-2.3,409.5,64838.7,14044.66,19735.76,66.01,45.62,0.2,Energy,Bearish,No,15272.71,-2.2992645051205707
2017-04-05,Wednesday,April,2017,14868.44,14953.34,14829.56,14914.34,14921.55,-0.05,210.2,31712.3,14035.21,19674.72,65.75,45.13,1.23,FMCG,Bearish,No,14921.55,-0.048319377008414856
2017-04-06,Thursday,April,2017,14975.06,15289.14,14819.54,15131.99,14914.34,1.46,264.8,39575.5,14024.54,19610.63,65.18,44.43,1.68,IT,Bearish,No,14914.34,1.4593337687085022
2017-04-07,Friday,April,2017,15044.98,15553.83,14972.18,15478.93,15131.99,2.29,314.2,48603.7,14026.26,19561.59,72.77,43.71,1.69,Metal,Bearish,No,15131.99,2.2927585862797986
2017-04-10,Monday,April,2017,15535.87,15705.45,15058.06,15224.24,15478.93,-1.65,326.4,52703.1,14023.86,19512.79,70.46,42.59,0.84,Metal,Bearish,No,15478.93,-1.6453979700147263
2017-04-11,Tuesday,April,2017,15535.87,15483.74,14833.12,15053.18,15224.24,-1.12,401.6,62151.7,14025.79,19460.87,66.12,42.48,0.64,Metal,Bearish,No,15224.24,-1.1236028859240232
2017-04-12,Wednesday,April,2017,15033.33,15222.43,14866.7,15055.56,15053.18,0.02,293.9,41644.0,14037.39,19407.04,58.74,41.91,1.11,Metal,Bearish,No,15053.18,0.01581061277417263
2017-04-13,Thursday,April,2017,15021.68,15167.47,14727.95,14872.29,15055.56,-1.22,212.8,32340.4,14043.16,19350.86,52.06,42.02,0.2,Auto,Bearish,No,15055.56,-1.217291153567178
2017-04-14,Friday,April,2017,15021.68,15167.47,14768.69,14996.08,14872.29,0.83,198.8,29243.8,14064.78,19293.86,54.19,41.74,1.95,Auto,Bearish,No,14872.29,0.8323533228574688
2017-04-17,Monday,April,2017,15077.04,15678.47,14889.84,15486.19,14996.08,3.27,263.9,37282.3,14092.31,19239.76,60.04,41.18,1.78,Realty,Bearish,No,14996.08,3.268254103739114
2017-04-18,Tuesday,April,2017,15457.68,15842.78,15314.74,15697.63,15486.19,1.37,305.9,46878.8,14131.49,19184.88,59.75,40.65,1.08,Banking,Bearish,No,15486.19,1.3653455110650115
2017-04-19,Wednesday,April,2017,15724.96,15892.51,15314.74,15706.91,15697.63,0.06,212.8,31603.4,14181.73,19131.54,55.87,40.39,1.21,Energy,Bearish,No,15697.63,0.05911720431683417
2017-04-20,Thursday,April,2017,15753.06,15843.46,15525.52,15615.12,15706.91,-0.58,287.0,47850.2,14224.5,19076.8,47.31,39.86,0.86,Auto,Bearish,No,15706.91,-0.5843924743950214
2017-04-21,Friday,April,2017,15643.36,15707.42,15578.7,15642.76,15615.12,0.18,198.8,28641.1,14257.96,19018.26,57.44,39.49,0.6,Realty,Bearish,No,15615.12,0.17700792565154425
2017-04-24,Monday,April,2017,15643.36,15878.0,15551.8,15783.66,15642.76,0.9,240.8,36947.6,14301.03,18957.77,68.92,38.85,1.04,Auto,Bearish,No,15642.76,0.9007361872201558
2017-04-25,Tuesday,April,2017,15765.2,15870.74,15619.15,15724.42,15783.66,-0.38,151.7,24786.6,14352.35,18898.39,67.38,39.26,0.75,Banking,Bearish,No,15783.66,-0.3753248612805888
2017-04-26,Wednesday,April,2017,15737.53,16307.1,15634.74,16201.28,15724.42,3.03,433.4,75797.0,14403.91,18843.14,70.65,38.6,1.79,Energy,Bearish,No,15724.42,3.032607879972683
2017-04-27,Thursday,April,2017,16099.91,16397.9,15897.27,16194.07,16201.28,-0.04,186.1,29144.5,14449.08,18782.58,65.89,38.89,1.05,Pharma,Bearish,No,16201.28,-0.04450265658022666
2017-04-28,Friday,April,2017,16259.21,16305.76,16132.65,16178.97,16194.07,-0.09,174.5,28833.3,14502.87,18722.76,73.75,39.57,1.25,Banking,Bearish,No,16194.07,-0.09324400845494904
2017-05-01,Monday,May,2017,16096.13,16211.14,15839.24,15953.23,16178.97,-1.4,348.7,54223.2,14552.61,18665.6,71.8,38.72,1.19,Banking,Bearish,No,16178.97,-1.3952680547649188
2017-05-02,Tuesday,May,2017,15913.1,16087.72,15400.13,15570.99,15953.23,-2.4,254.2,39537.4,14594.82,18606.44,60.54,41.09,0.2,Auto,Bearish,No,15953.23,-2.3960038186624266
2017-05-03,Wednesday,May,2017,15555.23,16059.63,15386.81,15887.61,15570.99,2.03,352.6,54067.1,14641.28,18548.41,69.69,40.19,1.66,IT,Bearish,No,15570.99,2.033396720439746
2017-05-04,Thursday,May,2017,15840.01,15930.97,15765.18,15887.61,15887.61,-0.2,183.9,29951.9,14695.33,18486.93,67.3,39.06,0.96,Metal,Bearish,No,15887.61,0.0
2017-05-05,Friday,May,2017,15802.39,16525.08,15566.07,16281.59,15856.06,2.68,343.7,58381.1,14759.87,18426.36,66.43,37.97,1.91,IT,Bearish,No,15887.61,2.479794002999819
2017-05-08,Monday,May,2017,16350.44,16390.74,15946.85,15986.26,16281.59,-1.81,196.3,30568.9,14816.34,18365.45,55.76,24.57,0.46,Pharma,Bearish,No,16281.59,-1.8138891840416074
2017-05-09,Tuesday,May,2017,16072.41,16390.74,15966.33,16450.54,15986.26,2.9,395.8,60586.4,14885.76,18303.35,62.56,35.89,1.99,IT,Bearish,No,15986.26,2.9042440195517942
2017-05-10,Wednesday,May,2017,16526.96,16638.69,16214.72,16325.09,16450.54,-0.76,381.4,57775.4,14950.14,18239.6,52.29,35.51,1.1,Unknown,Bearish,No,16450.54,-0.7625889484478973
2017-05-11,Thursday,May,2017,16366.01,16476.0,16187.32,16296.84,16325.09,-0.17,152.9,26475.8,15008.2,18175.7,60.92,24.57,1.06,Banking,Bearish,No,16325.09,-0.1730465191922372
2017-05-12,Friday,May,2017,16417.33,16717.73,16196.7,16496.04,16296.84,1.22,349.7,59455.0,15073.31,18112.98,61.67,35.35,0.95,FMCG,Bearish,No,16296.84,1.22232285522838
2017-05-15,Monday,May,2017,16482.86,16615.78,16220.16,16352.02,16496.04,-0.87,261.2,44659.4,15129.29,18048.33,60.0,36.73,0.31,Auto,Bearish,No,16496.04,-0.873058018772993
2017-05-16,Tuesday,May,2017,16334.25,16692.14,16182.68,16538.68,16352.02,1.14,308.5,50902.0,15191.2,17984.62,55.93,36.37,1.65,Auto,Bearish,No,16352.02,1.1415103455108289
2017-05-17,Wednesday,May,2017,16539.24,16820.29,16348.75,16628.77,16538.68,0.54,176.3,29066.3,15252.68,17920.15,57.42,35.94,1.33,Metal,Bearish,No,16538.68,0.544723037146859
2017-05-18,Thursday,May,2017,16700.06,17282.26,16609.18,17188.72,16628.77,3.37,321.0,51988.3,15320.45,17853.81,64.53,35.56,2.04,Unknown,Bearish,No,16628.77,3.3673566956545837
2017-05-19,Friday,May,2017,17218.94,17346.03,16786.3,16911.12,17188.72,-1.62,307.3,48520.7,15379.31,17785.45,63.58,34.9,0.6,Energy,Bearish,No,17188.72,-1.6150126361939816
2017-05-22,Monday,May,2017,16998.76,17585.67,16748.81,16911.12,16911.12,2.48,328.1,52926.6,15450.87,17719.85,74.69,33.95,2.01,IT,Unknown,No,16911.12,0.0
2017-05-23,Tuesday,May,2017,17334.23,17542.26,17169.33,17376.95,17330.83,0.27,242.2,46226.6,15523.52,17661.52,72.61,33.29,1.39,FMCG,Bearish,No,16911.12,2.754578052784214
2017-05-24,Wednesday,May,2017,17298.83,17361.45,17034.8,17096.69,17376.95,-1.61,214.1,38953.2,15590.59,17603.94,67.51,33.35,0.39,Banking,Bearish,No,17376.95,-1.6128261864136229
2017-05-25,Thursday,May,2017,17062.16,17809.5,16984.11,17728.4,17096.69,3.69,267.3,79027.6,15670.0,17552.73,69.3,32.55,2.47,Banking,Bearish,No,17096.69,3.6949257429362223
2017-05-26,Friday,May,2017,17782.9,18129.74,17577.19,17922.42,17728.4,1.09,297.4,50256.7,15747.74,17503.67,76.54,32.78,1.33,IT,Bearish,No,17728.4,1.0944022021163602
2017-05-29,Monday,May,2017,17895.83,17958.15,17699.36,17761.21,17922.42,-0.9,331.7,57001.1,15827.2,17459.44,69.6,31.68,0.26,Banking,Bearish,No,17922.42,-0.8994879039772483
2017-05-30,Tuesday,May,2017,17766.29,18494.46,17657.77,18382.18,17761.21,3.5,407.9,72743.3,15921.74,17418.4,76.79,31.1,2.28,Energy,Bearish,No,17761.21,3.4962145034037726
2017-05-31,Wednesday,May,2017,18395.79,18747.09,18233.66,18583.31,18382.18,1.09,409.5,75758.8,16017.14,17381.99,78.49,31.14,1.74,Pharma,Bearish,No,18382.18,1.0941574938337075
2017-06-01,Thursday,June,2017,18684.12,19012.97,18533.63,18861.05,18583.31,1.49,414.1,76885.1,16104.29,17345.53,78.9,30.63,1.73,Realty,Bearish,No,18583.31,1.4945668990077545
2017-06-02,Friday,June,2017,18910.81,19233.31,18647.33,18969.02,18861.05,0.57,267.3,51437.2,16188.78,17309.89,82.27,30.6,1.55,Metal,Bearish,No,18861.05,0.572449572001565
2017-06-05,Monday,June,2017,19007.9,19042.16,18840.16,18874.18,18969.02,-0.5,243.8,48047.4,16271.72,17271.53,79.46,31.03,0.89,Realty,Bearish,No,18969.02,-0.49997311405649925
2017-06-06,Tuesday,June,2017,18883.12,19070.59,18125.35,18307.1,18874.18,-3.0,325.1,54533.7,16342.9,17233.41,68.9,34.57,0.2,IT,Bearish,No,18874.18,-3.0045278788270626
2017-06-07,Wednesday,June,2017,18261.46,18873.97,18136.01,18745.2,18307.1,2.39,255.5,46552.5,16418.09,17199.02,68.02,34.44,1.85,FMCG,Bearish,No,18307.1,2.3930606158266587
2017-06-08,Thursday,June,2017,18758.84,19007.73,18446.13,18694.16,18745.2,-0.27,220.0,38108.1,16485.66,17163.41,71.79,33.61,0.8,IT,Bearish,No,18745.2,-0.2722830377910125
2017-06-09,Friday,June,2017,18816.18,19083.17,18683.38,18949.43,18694.16,1.37,248.7,45047.6,16549.15,17129.88,70.61,32.23,1.55,Realty,Bearish,No,18694.16,1.3655066609037285
2017-06-12,Monday,June,2017,18978.61,19126.6,18842.47,18990.37,18949.43,0.22,183.7,38087.0,16623.5,17097.16,70.57,31.77,1.09,FMCG,Bearish,No,18949.43,0.21604871492176117
2017-06-13,Tuesday,June,2017,18958.96,19358.07,18807.6,19204.75,18990.37,1.13,296.9,59359.7,16709.17,17066.22,77.33,31.5,1.69,Banking,Bearish,No,18990.37,1.1288879574226358
2017-06-14,Wednesday,June,2017,18958.96,19283.35,18794.35,18895.54,19204.75,-1.61,207.3,35314.9,16788.79,17035.01,66.51,31.17,0.2,IT,Bearish,No,19204.75,-1.6100704252854063
2017-06-15,Thursday,June,2017,18975.96,19174.41,18869.0,19066.94,18895.54,0.91,194.0,35723.8,16867.49,17003.45,66.3,29.81,0.6,FMCG,Bearish,No,18895.54,0.9070923614778822
2017-06-16,Friday,June,2017,19036.48,19177.43,18552.6,18690.99,19066.94,-1.97,202.3,37348.3,16931.73,16967.78,62.48,29.66,0.37,Auto,Bearish,No,19066.94,-1.9717374680992186
2017-06-19,Monday,June,2017,18679.73,18952.08,17981.34,18247.38,18690.99,-2.37,260.4,48490.3,16992.2,16932.46,48.1,31.77,0.2,Auto,Bearish,No,18690.99,-2.3733895315336455
2017-06-20,Tuesday,June,2017,18184.87,18457.76,18075.13,18347.04,18247.38,0.55,210.9,38691.8,17058.07,16897.75,46.57,30.99,1.03,Energy,Bearish,No,18247.38,0.5461605994942828
2017-06-21,Wednesday,June,2017,18331.74,18511.42,18235.5,18414.74,18347.04,0.37,286.9,48285.9,17125.26,16861.64,43.11,29.67,0.91,Pharma,Bearish,No,18347.04,0.36899685180825204
2017-06-22,Thursday,June,2017,18440.87,18782.62,18322.86,18663.19,18414.74,1.35,402.5,75352.9,17201.07,16830.16,45.47,28.32,1.44,FMCG,Bearish,No,18414.74,1.3491909198826433
2017-06-23,Friday,June,2017,18646.59,18796.02,18256.75,18404.23,18663.19,-1.39,186.7,31819.8,17269.24,16796.9,43.37,28.64,0.66,Banking,Bearish,No,18663.19,-1.3875441443826009
2017-06-26,Monday,June,2017,18405.59,18684.8,18043.89,18321.83,18404.23,-0.45,295.1,54275.3,17325.95,16763.34,52.29,28.12,1.01,Pharma,Bearish,No,18404.23,-0.4477231592954327
2017-06-27,Tuesday,June,2017,18258.46,18348.75,17912.53,18001.55,18321.83,-1.75,251.2,39537.4,17372.03,16728.07,37.35,27.24,0.2,Banking,Bearish,No,18321.83,-1.748078658081657
2017-06-28,Wednesday,June,2017,17971.47,18586.83,17648.05,18258.25,18001.55,1.43,300.1,50893.9,17423.06,16695.01,52.29,26.64,1.45,FMCG,Bearish,No,18001.55,1.425988317672649
2017-06-29,Thursday,June,2017,18375.04,18555.28,17749.99,17925.83,18258.25,-1.82,347.3,59615.8,17469.27,16660.2,34.12,27.14,0.2,Metal,Bearish,No,18258.25,-1.8206564155929417
2017-06-30,Friday,June,2017,18375.04,17990.28,17542.05,17612.48,17925.83,-1.75,393.3,63723.1,17508.66,16627.36,30.28,26.72,0.68,Auto,Bearish,No,17925.83,-1.7480362136648744
2017-07-03,Monday,July,2017,17631.66,17734.12,17308.3,17409.47,17612.48,-1.15,422.1,70310.6,17541.18,16592.51,24.23,25.67,0.8,Banking,Bearish,No,17612.48,-1.152648576463953
2017-07-04,Tuesday,July,2017,17367.58,17841.02,17363.17,17836.49,17409.47,2.45,402.3,77022.1,17583.42,16563.76,35.29,25.42,1.5,Energy,Bearish,No,17409.47,2.452802985961091
2017-07-05,Wednesday,July,2017,17839.26,18002.63,17688.93,17852.19,17836.49,0.09,195.9,33623.7,17616.44,16536.65,32.37,25.76,1.06,IT,Bearish,No,17836.49,0.08802180249587833
2017-07-06,Thursday,July,2017,17837.7,18055.43,17688.93,17730.18,17852.19,-0.68,162.1,28569.5,17647.16,16509.0,34.95,25.43,0.2,Auto,Bearish,No,17852.19,-0.6834455604606404
2017-07-07,Friday,July,2017,17788.7,17933.22,17484.01,17627.22,17730.18,-0.58,263.1,46560.9,17676.13,16480.29,39.12,25.62,0.94,Auto,Bearish,No,17730.18,-0.5807047644186304
2017-07-10,Monday,July,2017,17682.89,17933.22,17247.88,17443.44,17627.22,-1.04,311.4,50823.9,17705.93,16450.45,34.61,26.16,0.79,Pharma,Bearish,No,17627.22,-1.0425920820186194
2017-07-11,Tuesday,July,2017,17504.06,17674.09,17286.81,17456.38,17443.44,0.07,154.4,26638.8,17743.64,16422.81,33.36,24.59,1.25,Banking,Bearish,No,17443.44,0.07418261535570007
2017-07-12,Wednesday,July,2017,17460.58,17684.78,17077.76,17299.9,17456.38,-0.9,311.8,57749.1,17771.88,16392.01,25.55,24.11,0.89,Metal,Bearish,No,17456.38,-0.896405784017073
2017-07-13,Thursday,July,2017,17405.77,17577.52,17334.74,17506.08,17299.9,1.19,253.2,40606.7,17804.89,16365.25,33.58,23.9,1.24,Banking,Bearish,No,17299.9,1.1917987965248371
2017-07-14,Friday,July,2017,17548.29,17757.19,17345.93,17554.76,17506.08,0.28,166.0,31605.2,17830.35,16337.99,35.8,24.19,0.78,Banking,Bearish,No,17506.08,0.27807481743483775
2017-07-17,Monday,July,2017,17479.47,17751.23,17036.63,17305.68,17554.76,-1.42,300.2,55807.6,17856.74,16313.0,36.77,23.98,0.32,FMCG,Bearish,No,17554.76,-1.4188744249422842
2017-07-18,Tuesday,July,2017,17385.76,17703.24,16842.16,17155.44,17305.68,-0.87,209.6,38516.8,17870.84,16289.45,28.15,24.87,0.67,IT,Bearish,No,17305.68,-0.8681542707365535
2017-07-19,Wednesday,July,2017,17155.14,17703.24,16920.44,17499.17,17155.44,2.0,248.8,40913.0,17894.32,16268.68,41.59,25.58,1.29,Banking,Bearish,No,17155.44,2.0036210088461712
2017-07-20,Thursday,July,2017,17558.94,17711.45,17267.16,17418.45,17499.17,-0.46,260.4,45215.3,17916.75,16247.73,45.79,23.96,0.74,Banking,Neutral,No,17499.17,-0.4612790206621088
2017-07-21,Friday,July,2017,17363.44,17687.28,17291.57,17614.38,17418.45,1.12,300.5,54160.9,17939.12,16229.19,54.46,23.89,1.27,FMCG,Neutral,No,17418.45,1.1248417626137819
2017-07-24,Monday,July,2017,17610.62,17693.98,17306.41,17388.72,17614.38,-1.28,263.0,42073.3,17959.85,16210.74,39.31,24.34,0.91,Energy,Bearish,No,17614.38,-1.2811123638754236
2017-07-25,Tuesday,July,2017,17427.84,18136.19,17300.49,18004.62,17388.72,3.54,407.5,74203.0,17989.17,16194.68,52.83,23.64,2.32,Banking,Neutral,No,17388.72,3.541951333968215
2017-07-26,Wednesday,July,2017,18017.8,18295.99,17602.73,17878.77,18004.62,-0.7,323.7,61809.5,18014.17,16177.19,52.75,23.17,0.55,Banking,Neutral,No,18004.62,-0.6989872599366083
2017-07-27,Thursday,July,2017,17870.76,17975.81,17100.74,17201.86,17878.77,-3.79,466.7,87290.5,18014.43,16158.45,43.5,26.59,0.2,Energy,Bearish,No,17878.77,-3.786110565771582
2017-07-28,Friday,July,2017,17075.0,17345.64,17100.74,17195.72,17201.86,-0.04,172.2,28298.2,18020.12,16146.47,46.0,26.85,1.11,FMCG,Bearish,No,17201.86,-0.03569381450610235
2017-07-31,Monday,July,2017,17157.55,18048.1,16955.72,17838.27,17195.72,3.74,401.8,68645.8,18030.27,16136.43,55.13,26.66,1.73,IT,Bearish,No,17195.72,3.736685640380276
2017-08-01,Tuesday,August,2017,17785.98,18526.74,17694.51,18431.95,17838.27,3.33,339.1,59636.7,18051.37,16129.59,63.6,25.53,2.73,FMCG,Bearish,No,17838.27,3.3281254292036184
2017-08-02,Wednesday,August,2017,18329.02,18504.1,18260.35,18435.04,18431.95,0.02,136.8,23471.2,18078.14,16125.01,61.73,25.94,0.95,FMCG,Bearish,No,18431.95,0.016764368392927203
2017-08-03,Thursday,August,2017,18395.81,18686.7,18079.26,18369.73,18435.04,-0.35,276.3,50052.2,18090.97,16121.94,60.25,24.82,0.61,Energy,Neutral,No,18435.04,-0.35427099697099274
2017-08-04,Friday,August,2017,18472.16,18697.0,17905.91,18126.54,18369.73,-1.32,347.2,66516.0,18095.05,16120.14,60.34,24.11,0.57,Banking,Neutral,No,18369.73,-1.32386268061642
2017-08-07,Monday,August,2017,18189.49,18411.38,17534.35,17750.89,18126.54,-2.07,297.4,55030.4,18094.84,16114.43,57.1,26.72,0.2,FMCG,Bearish,No,18126.54,-2.072375643669456
2017-08-08,Tuesday,August,2017,17706.41,17951.53,17631.3,17875.7,17750.89,0.7,269.0,51935.6,18084.71,16112.15,54.74,26.15,0.71,Banking,Bearish,No,17750.89,0.7031196745628039
2017-08-09,Wednesday,August,2017,17844.15,18090.51,17192.24,17432.92,17875.7,-2.48,439.8,74457.9,18061.7,16104.57,50.17,27.14,0.34,IT,Bearish,No,17875.7,-2.476993907930892
2017-08-10,Thursday,August,2017,17402.26,17484.61,17282.62,17364.79,17432.92,-0.39,301.1,53040.6,18031.78,16097.53,47.04,26.88,0.88,Banking,Bearish,No,17432.92,-0.39081232518704495
2017-08-11,Friday,August,2017,17404.18,17736.52,17258.57,17589.36,17364.79,1.29,248.7,46076.6,18004.19,16093.73,52.38,26.65,1.51,FMCG,Bearish,No,17364.79,1.2932491553309868
2017-08-14,Monday,August,2017,17610.73,18089.17,17420.91,17896.27,17589.36,1.74,301.0,58157.5,17984.63,16092.27,48.61,27.07,1.07,Pharma,Bearish,No,17589.36,1.7448616663710326
2017-08-15,Tuesday,August,2017,17858.04,18158.46,17655.68,17955.0,17896.27,0.33,193.9,37403.3,17977.59,16093.65,50.99,26.34,1.25,Pharma,Bearish,No,17896.27,0.32816894246677975
2017-08-16,Wednesday,August,2017,17922.86,18101.63,17727.3,17905.9,17955.0,-0.27,247.5,44011.5,17960.8,16092.21,60.98,25.72,0.84,Energy,Bearish,No,17955.0,-0.2734614313561601
2017-08-17,Thursday,August,2017,17963.98,18093.25,17416.2,17542.44,17905.9,-2.03,326.0,61841.9,17937.77,16089.83,54.87,24.57,0.2,Energy,Bearish,No,17905.9,-2.029833741950992
2017-08-18,Friday,August,2017,17622.66,17633.4,17214.96,17225.46,17542.44,-1.81,242.8,41355.5,17903.29,16087.02,40.53,27.7,0.2,Auto,Bearish,No,17542.44,-1.8069322169549935
2017-08-21,Monday,August,2017,17179.13,17322.22,16874.63,17016.37,17225.46,-1.21,254.1,39537.4,17863.81,16082.96,25.18,26.92,1.07,IT,Bearish,No,17225.46,-1.2138427653020596
2017-08-22,Tuesday,August,2017,17010.4,17021.86,16997.58,17009.04,17016.37,-0.04,98.3,17646.1,17819.89,16081.53,25.04,26.5,0.86,Banking,Bearish,No,17016.37,-0.04307616724364896
2017-08-23,Wednesday,August,2017,17015.59,17190.35,15788.87,15952.71,17009.04,-6.21,488.7,73620.8,17761.04,16075.61,18.59,32.02,0.2,Banking,Bearish,No,17009.04,-6.210403409010748
2017-08-24,Thursday,August,2017,15943.66,16326.59,15878.52,16260.16,15952.71,1.93,339.3,59911.7,17704.9,16071.17,26.14,32.1,1.36,Banking,Bearish,No,15952.71,1.9272587541552546
2017-08-25,Friday,August,2017,16315.29,16508.74,16195.18,16388.09,16260.16,0.79,267.6,41595.7,17658.84,16066.71,31.4,31.29,1.09,Realty,Bearish,No,16260.16,0.7867696258831418
2017-08-28,Monday,August,2017,16380.6,16522.75,16283.07,16424.96,16388.09,0.22,288.0,51167.9,17622.39,16063.17,29.71,30.06,0.95,Unknown,Bearish,No,16388.09,0.224980458369456
2017-08-29,Tuesday,August,2017,16518.98,16751.64,16349.43,16581.45,16424.96,0.95,270.4,45868.5,17587.08,16062.66,52.29,28.82,1.55,FMCG,Bearish,No,16424.96,0.9527572669887879
2017-08-30,Wednesday,August,2017,16641.19,16872.01,16560.65,16790.75,16581.45,1.26,270.6,46956.7,17554.6,16061.84,41.63,27.98,1.49,FMCG,Bearish,No,16581.45,1.2622539042122327
2017-08-31,Thursday,August,2017,16756.18,16907.4,16504.97,16655.28,16790.75,-0.81,372.1,57132.0,17514.44,16057.65,36.02,27.08,0.78,Pharma,Bearish,No,16790.75,-0.8068132751663931
2017-09-01,Friday,September,2017,16658.62,16980.8,16513.05,16833.7,16655.28,1.07,252.6,38828.8,17483.03,16057.07,33.46,26.93,1.67,FMCG,Bearish,No,16655.28,1.0712518792839383
2017-09-04,Monday,September,2017,16784.38,17009.96,16645.69,16870.56,16833.7,0.22,207.8,38340.8,17454.01,16058.5,33.01,26.44,1.26,IT,Bearish,No,16833.7,0.2189655274835632
2017-09-05,Tuesday,September,2017,16850.75,17099.27,16689.48,16937.17,16870.56,0.39,242.6,39749.5,17432.72,16061.06,34.9,27.01,0.72,IT,Bearish,No,16870.56,0.3948298100359261
2017-09-06,Wednesday,September,2017,16981.41,17035.58,16559.6,16612.6,16937.17,-1.92,271.0,48120.9,17399.81,16062.97,35.33,27.45,0.65,Banking,Bearish,No,16937.17,-1.9163177791803456
2017-09-07,Thursday,September,2017,16624.85,16680.32,15978.44,16031.93,16612.6,-3.5,416.5,69503.7,17361.93,16062.01,32.62,30.01,0.2,Metal,Bearish,No,16612.6,-3.495358944415674
2017-09-08,Friday,September,2017,16133.53,16355.11,15159.97,15371.07,16031.93,-4.12,391.5,61431.1,17317.1,16058.77,28.83,34.31,0.2,FMCG,Bearish,No,16031.93,-4.122148736926874
2017-09-11,Monday,September,2017,15314.72,15563.9,15286.53,15535.31,15371.07,1.07,247.0,39793.6,17279.62,16056.28,31.77,34.32,1.49,Energy,Bearish,No,15371.07,1.0685007614954574
2017-09-12,Tuesday,September,2017,15533.77,15984.3,15274.89,15722.28,15535.31,1.2,234.7,33869.9,17237.33,16054.05,46.37,33.34,1.57,Auto,Bearish,No,15535.31,1.2035163765641057
2017-09-13,Wednesday,September,2017,15698.42,15815.36,14155.4,14261.63,15722.28,-9.29,625.4,87629.5,17165.52,16045.05,26.9,42.28,0.2,Energy,Bearish,No,15722.28,-9.290319215788049
2017-09-14,Thursday,September,2017,14248.11,14819.12,14182.6,14751.29,14261.63,3.43,241.0,36311.9,17105.94,16040.3,32.54,41.71,1.82,IT,Bearish,No,14261.63,3.433408383193237
2017-09-15,Friday,September,2017,14248.11,14921.98,14507.8,14675.76,14751.29,-0.51,160.3,25254.6,17046.91,16034.45,31.5,41.29,0.78,Energy,Bearish,No,14751.29,-0.5120230162921389
2017-09-18,Monday,September,2017,14645.96,14844.13,14561.73,14759.25,14675.76,0.57,316.7,48749.6,16993.23,16029.49,30.42,24.57,1.28,Energy,Bearish,No,14675.76,0.5688972836841144
2017-09-19,Tuesday,September,2017,14801.66,14940.1,14512.63,14649.64,14759.25,-0.74,261.9,36470.6,16937.1,16023.15,52.29,40.61,0.93,Banking,Bearish,No,14759.25,-0.7426529125802502
2017-09-20,Wednesday,September,2017,14726.61,14917.65,14521.48,14712.33,14649.64,0.43,212.5,34295.8,16885.34,16015.54,28.32,39.09,0.99,Banking,Bearish,No,14649.64,0.4279286043889168
2017-09-21,Thursday,September,2017,14609.25,15102.02,14450.7,14939.88,14712.33,1.55,233.8,35928.7,16834.02,16009.76,29.1,38.33,1.31,Realty,Bearish,No,14712.33,1.5466618815646418
2017-09-22,Friday,September,2017,15002.31,15533.44,14856.7,15384.12,14939.88,2.97,440.0,67708.0,16790.61,16006.98,34.95,37.06,1.89,Banking,Bearish,No,14939.88,2.973517859581212
2017-09-25,Monday,September,2017,15500.28,15664.87,14834.61,14993.82,15384.12,-2.54,311.7,49365.8,16744.37,16003.63,31.53,37.79,0.39,Pharma,Bearish,No,15384.12,-2.537031692420503
2017-09-26,Tuesday,September,2017,15002.35,15382.85,14879.93,15258.34,14993.82,1.76,256.0,39863.7,16706.43,16002.9,36.98,38.15,1.05,Energy,Bearish,No,14993.82,1.7641935143946001
2017-09-27,Wednesday,September,2017,15230.39,15401.65,14879.93,14880.92,15258.34,-2.47,233.3,39537.4,16654.06,16000.64,38.48,40.93,0.2,Banking,Bearish,No,15258.34,-2.4735325074680476
2017-09-28,Thursday,September,2017,14855.38,14951.72,14800.28,14896.47,14880.92,0.1,267.3,13934.3,16603.62,16000.07,44.55,40.29,0.83,Energy,Bearish,No,14880.92,0.1044962273837859
2017-09-29,Friday,September,2017,14882.71,15244.33,14676.79,15036.28,14896.47,0.94,294.2,41395.3,16552.06,15999.28,44.23,39.9,1.46,FMCG,Bearish,No,14896.47,0.9385445008112749
2017-10-02,Monday,October,2017,15055.7,15166.74,13437.14,13536.98,15036.28,-9.97,875.0,119475.7,16475.03,15989.65,30.63,49.73,0.2,IT,Bearish,No,15036.28,-9.97121628487898
2017-10-03,Tuesday,October,2017,15055.7,13637.36,13352.76,13470.07,13536.98,-0.49,262.6,33838.0,16384.34,15981.0,40.68,48.31,0.35,Pharma,Bearish,No,13536.98,-0.4942756803954786
2017-10-04,Wednesday,October,2017,13466.84,13557.68,12811.45,12898.46,13470.07,-4.24,458.6,39537.4,16284.73,15971.82,28.6,50.98,0.2,Energy,Bearish,No,13470.07,-4.243556269566532
2017-10-05,Thursday,October,2017,13466.84,13129.71,12727.4,12994.25,12898.46,0.74,364.6,39537.4,16200.58,15963.09,30.67,50.38,1.51,Auto,Bearish,No,12898.46,0.742646796594329
2017-10-06,Friday,October,2017,12976.44,13190.7,12817.91,13031.5,12994.25,0.29,264.3,32595.9,16117.29,15954.21,29.92,49.7,0.8,Metal,Bearish,No,12994.25,0.28666525578621316
2017-10-09,Monday,October,2017,13015.38,13118.33,12962.91,13065.65,13031.5,0.26,232.6,32267.2,16021.84,15945.19,31.26,48.02,1.38,Banking,Bearish,No,13031.5,0.26205732264128945
2017-10-10,Tuesday,October,2017,13064.25,13165.14,12598.43,12696.48,13065.65,-2.83,399.0,49699.2,15907.13,15934.41,27.77,50.66,0.2,Pharma,Bearish,No,13065.65,-2.8255004534791617
2017-10-11,Wednesday,October,2017,12641.05,12961.76,12531.33,12850.23,12696.48,1.21,334.0,44411.5,15795.44,15924.6,26.57,49.88,1.58,Banking,Bearish,No,12696.48,1.2109655589580735
2017-10-12,Thursday,October,2017,12837.51,12962.62,12668.52,12793.19,12850.23,-0.44,272.9,39537.4,15683.9,15912.8,18.19,49.59,1.21,IT,Bearish,No,12850.23,-0.4438831055942116
2017-10-13,Friday,October,2017,12784.96,13073.83,12697.59,12985.09,12793.19,1.5,264.8,33289.0,15581.08,15902.79,24.08,49.75,1.27,Auto,Bearish,No,12793.19,1.5000168058162167
2017-10-16,Monday,October,2017,12992.29,13091.91,12910.8,13010.31,12985.09,0.19,254.1,33027.3,15486.26,15891.08,52.29,48.76,0.98,Unknown,Bearish,No,12985.09,0.1942227585638555
2017-10-17,Tuesday,October,2017,13064.9,13215.73,12876.92,13027.31,13010.31,0.13,184.9,25598.7,15389.3,15878.89,21.7,48.18,1.38,Banking,Bearish,No,13010.31,0.13066560289493487
2017-10-18,Wednesday,October,2017,13023.35,13154.03,12733.53,12862.6,13027.31,-1.26,282.2,34712.8,15297.89,15865.92,20.3,48.32,0.2,Metal,Bearish,No,13027.31,-1.2643439052267824
2017-10-19,Thursday,October,2017,12815.63,12929.2,12503.45,12615.24,12862.6,-1.92,341.9,42453.9,15202.9,15853.15,15.72,48.03,0.51,Metal,Bearish,No,12862.6,-1.9230948641798746
2017-10-20,Friday,October,2017,12620.24,13091.62,12456.21,12923.64,12615.24,2.44,449.6,54648.4,15109.58,15842.58,36.9,48.32,2.35,Banking,Bearish,No,12615.24,2.444662170517562
2017-10-23,Monday,October,2017,12620.24,13155.13,12862.0,13120.37,12923.64,1.52,321.3,40901.1,15014.07,15833.5,42.92,47.55,0.61,FMCG,Bearish,No,12923.64,1.5222491496203963
2017-10-24,Tuesday,October,2017,13091.45,13237.99,12766.3,12910.82,13120.37,-1.6,302.1,42007.7,14913.18,15823.64,50.29,47.12,0.79,Banking,Bearish,No,13120.37,-1.5971348368986629
2017-10-25,Wednesday,October,2017,12899.36,13266.39,12776.89,13141.62,12910.82,1.79,283.8,39427.2,14817.9,15813.02,53.29,45.89,1.84,Metal,Bearish,No,12910.82,1.7876478798403286
2017-10-26,Thursday,October,2017,13121.14,13149.75,13045.83,13074.34,13141.62,-0.51,210.7,26851.3,14728.54,15802.0,50.94,46.01,0.81,FMCG,Bearish,No,13141.62,-0.5119612346118717
2017-10-27,Friday,October,2017,13032.57,13295.15,12867.51,13128.87,13074.34,0.42,217.6,26468.0,14646.6,15788.26,51.38,45.45,1.26,FMCG,Bearish,No,13074.34,0.4170765025232681
2017-10-30,Monday,October,2017,13109.76,13322.83,12973.95,13186.23,13128.87,0.44,244.2,31685.4,14570.0,15777.35,62.36,44.37,1.22,Auto,Bearish,No,13128.87,0.4368997484170288
2017-10-31,Tuesday,October,2017,13204.26,13348.1,12850.43,12991.96,13186.23,-1.47,349.7,47901.9,14489.66,15765.85,53.5,43.53,0.35,Banking,Bearish,No,13186.23,-1.4732793224447052
2017-11-01,Wednesday,November,2017,12993.54,13093.39,12905.37,13005.15,12991.96,0.1,148.6,17562.4,14430.71,15753.94,52.29,43.34,1.4,Banking,Bearish,No,12991.96,0.10152432735322854
2017-11-02,Thursday,November,2017,12966.42,13109.7,12553.16,12693.43,13005.15,-2.4,388.8,51773.7,14359.37,15739.08,43.05,45.0,0.2,FMCG,Bearish,No,13005.15,-2.3968966140336665
2017-11-03,Friday,November,2017,12660.66,12724.93,12450.8,12514.33,12693.43,-1.41,257.6,39537.4,14281.9,15724.68,38.99,43.39,0.65,Realty,Bearish,No,12693.43,-1.4109661454784117
2017-11-06,Monday,November,2017,12518.96,12551.74,12322.52,12354.87,12514.33,-1.27,242.5,27351.9,14200.5,15709.74,35.96,42.96,0.29,Metal,Bearish,No,12514.33,-1.27421923506891
2017-11-07,Tuesday,November,2017,12318.28,12416.18,12069.09,12165.78,12354.87,-1.53,328.4,41036.3,14112.18,15695.78,35.6,24.57,0.2,Metal,Bearish,No,12354.87,-1.5304895964101617
2017-11-08,Wednesday,November,2017,12133.05,12436.34,12003.23,12304.68,12165.78,1.14,253.9,29983.5,14022.46,15684.93,43.28,40.54,1.03,Banking,Unknown,No,12165.78,1.141727040929555
2017-11-09,Thursday,November,2017,12283.6,12527.56,12135.46,12378.28,12304.68,0.6,278.3,32225.3,13936.92,15673.9,36.86,39.74,1.75,Unknown,Bearish,No,12304.68,0.5981463963305048
2017-11-10,Friday,November,2017,12342.19,12448.37,12181.5,12287.2,12378.28,-0.74,280.3,33648.1,13845.99,15665.76,28.85,39.41,0.95,Pharma,Bearish,No,12378.28,-0.7358049745198842
2017-11-13,Monday,November,2017,12342.19,12602.41,12188.97,12287.2,12287.2,1.72,353.0,41520.9,13758.56,15657.71,39.55,39.11,1.44,IT,Bearish,No,12287.2,0.0
2017-11-14,Tuesday,November,2017,12487.2,12641.05,12336.64,12490.45,12498.74,-0.07,302.4,40222.9,13669.62,15651.47,31.39,38.52,1.15,Metal,Bearish,No,12287.2,1.6541604271111399
2017-11-15,Wednesday,November,2017,12543.07,12626.66,12436.84,12520.28,12490.45,0.24,128.7,16893.5,13587.77,15648.09,33.82,38.72,1.21,Energy,Bearish,No,12490.45,0.23882246035971422
2017-11-16,Thursday,November,2017,12476.64,13320.09,12404.88,13243.92,12520.28,5.78,505.5,73385.1,13532.01,15646.93,52.42,38.25,2.39,Pharma,Bearish,No,12520.28,5.779742945045953
2017-11-17,Friday,November,2017,13289.64,13801.0,13097.3,13604.11,13243.92,2.72,308.0,42186.2,13496.68,15645.1,57.78,37.53,2.16,Pharma,Bearish,No,13243.92,2.719663060483607
2017-11-20,Monday,November,2017,13613.8,13881.2,13520.02,13786.23,13604.11,1.34,311.1,39365.3,13461.69,15645.88,64.86,36.95,0.87,Energy,Bearish,No,13604.11,1.3387130800912295
2017-11-21,Tuesday,November,2017,13847.9,14009.46,13638.2,13799.19,13786.23,0.09,140.4,18861.7,13423.23,15649.08,64.86,24.57,0.84,Realty,Bearish,No,13786.23,0.09400684596152063
2017-11-22,Wednesday,November,2017,13855.3,14423.81,13669.11,14232.55,13799.19,3.14,375.3,57032.4,13422.65,15652.13,77.55,38.03,1.75,Banking,Bearish,No,13799.19,3.140474187253011
2017-11-23,Thursday,November,2017,14214.31,14626.9,14088.66,14498.73,14232.55,1.87,198.9,28243.1,13417.6,15654.95,84.45,37.79,1.68,Realty,Bearish,No,14232.55,1.870220023818643
2017-11-24,Friday,November,2017,14437.45,14604.84,14306.71,14473.77,14498.73,-0.17,231.2,33166.7,13413.56,15659.87,88.59,37.66,1.01,Metal,Bearish,No,14498.73,-0.17215300926356397
2017-11-27,Monday,November,2017,14467.36,14752.25,14247.58,14531.5,14473.77,0.4,240.2,34290.1,13409.0,15665.19,95.24,37.54,0.23,FMCG,Bearish,No,14473.77,0.3988594540330513
2017-11-28,Tuesday,November,2017,14445.33,14485.32,14218.37,14257.84,14531.5,-1.88,275.6,37215.0,13401.17,15669.18,85.52,36.99,0.74,Banking,Bearish,No,14531.5,-1.8832192134328862
2017-11-29,Wednesday,November,2017,14286.06,14324.64,13897.88,13935.51,14257.84,-2.26,312.0,39767.4,13385.63,15671.03,75.97,38.86,0.27,FMCG,Bearish,No,14257.84,-2.260721119047485
2017-11-30,Thursday,November,2017,13941.85,14098.87,13718.4,13874.66,13935.51,-0.44,219.7,28535.2,13364.33,15674.64,76.75,39.24,1.14,Energy,Bearish,No,13935.51,-0.4366542738658317
2017-12-01,Friday,December,2017,13849.73,14126.08,13761.58,14036.74,13874.66,1.17,184.8,25234.0,13337.38,15679.55,76.35,39.17,1.4,Auto,Bearish,No,13874.66,1.1681727696390394
2017-12-04,Monday,December,2017,14017.81,14358.65,13857.36,14196.16,14036.74,1.14,198.4,26731.2,13321.43,15684.72,77.79,39.61,1.43,IT,Bearish,No,14036.74,1.1357337957388973
2017-12-05,Tuesday,December,2017,14152.63,14262.66,13768.68,13876.56,14196.16,-2.25,346.4,48767.7,13293.79,15689.2,70.19,42.13,0.2,FMCG,Bearish,No,14196.16,-2.2513130311295475
2017-12-06,Wednesday,December,2017,13875.23,14190.4,13718.01,14031.41,13876.56,1.12,339.3,48693.2,13276.8,15693.83,64.11,41.89,1.14,Realty,Bearish,No,13876.56,1.1159105714961082
2017-12-07,Thursday,December,2017,13989.65,13989.65,13559.53,13620.47,14031.41,-2.93,418.1,57745.2,13251.28,15694.96,50.29,43.74,0.2,Unknown,Bearish,No,14031.41,-2.928714933139296
2017-12-08,Friday,December,2017,13618.95,13761.3,13324.33,13465.07,13620.47,-1.14,156.0,19261.7,13219.86,15696.09,44.29,44.33,0.83,Banking,Bearish,No,13620.47,-1.1409297917032206
2017-12-11,Monday,December,2017,13479.33,13680.75,13398.51,13465.07,13465.07,1.0,343.7,48300.3,13221.1,15696.32,46.59,44.98,1.2,Auto,Bearish,No,13465.07,0.0
2017-12-12,Tuesday,December,2017,13479.33,13786.62,13477.47,13638.22,13599.21,0.29,312.4,41622.3,13224.46,15697.29,38.31,43.94,0.88,Realty,Bearish,No,13465.07,1.2859197909851166
2017-12-13,Wednesday,December,2017,13656.45,13894.87,13396.83,13634.87,13638.22,-0.02,176.4,39537.4,13239.19,15697.69,31.04,43.24,0.72,Banking,Bearish,No,13638.22,-0.02456332277964826
2017-12-14,Thursday,December,2017,13622.67,13687.81,13223.21,13286.75,13634.87,-2.55,307.3,41039.4,13245.04,15695.13,27.19,45.0,0.26,Banking,Bearish,No,13634.87,-2.553159656087669
2017-12-15,Friday,December,2017,13304.45,13510.87,13216.86,13422.5,13286.75,1.02,239.5,29475.6,13252.86,15692.4,29.31,24.57,1.31,Pharma,Bearish,No,13286.75,1.0216945453177038
2017-12-18,Monday,December,2017,13427.94,13619.65,13327.38,13518.41,13422.5,0.71,275.4,33575.4,13261.92,15691.23,35.22,43.86,0.97,Auto,Bearish,No,13422.5,0.7145464704786728
2017-12-19,Tuesday,December,2017,13523.55,14032.18,13397.9,13903.01,13518.41,2.85,340.1,49199.3,13286.05,15692.02,49.37,42.99,1.89,Banking,Bearish,No,13518.41,2.8450091393884365
2017-12-20,Wednesday,December,2017,13523.55,14251.81,13844.05,14235.22,13903.01,2.39,360.0,50227.1,13313.75,15694.48,56.36,41.23,1.57,Realty,Bearish,No,13903.01,2.3894825652862157
2017-12-21,Thursday,December,2017,14181.91,14452.76,14066.57,14336.16,14235.22,0.71,177.1,24312.8,13344.61,15697.37,55.4,40.62,0.94,Auto,Bearish,No,14235.22,0.7090863365652271
2017-12-22,Friday,December,2017,14347.25,14449.49,13998.95,14099.42,14336.16,-1.65,239.6,33425.3,13366.89,15697.69,48.3,40.71,0.2,FMCG,Bearish,No,14336.16,-1.6513487572683325
2017-12-25,Monday,December,2017,14119.99,14221.01,13799.89,14099.42,14099.42,-1.42,239.4,30429.3,13384.67,15698.24,50.42,40.49,0.2,FMCG,Bearish,No,14099.42,0.0
2017-12-26,Tuesday,December,2017,13873.43,14000.76,13633.15,13759.44,13899.33,-1.01,267.3,29859.1,13399.32,15698.77,45.0,39.39,0.65,Pharma,Bearish,No,14099.42,-2.4113048621858173
2017-12-27,Wednesday,December,2017,13807.91,14140.39,13677.89,14008.48,13759.44,1.81,334.5,45121.8,13422.23,15699.74,57.59,39.47,1.0,FMCG,Bearish,No,13759.44,1.8099573819864694
2017-12-28,Thursday,December,2017,14101.5,14233.41,13804.33,13934.68,14008.48,-0.53,261.2,38582.6,13448.62,15696.9,59.49,38.48,0.57,Pharma,Bearish,No,14008.48,-0.5268237524699273
2017-12-29,Friday,December,2017,14007.98,14061.67,13956.27,14009.95,13934.68,0.54,286.4,37515.2,13470.35,15693.23,58.5,38.24,1.37,FMCG,Bearish,No,13934.68,0.5401631038531235
2018-01-01,Monday,January,2018,13998.74,14096.71,13646.53,13742.71,14009.95,-1.91,382.1,55202.8,13482.8,15688.3,51.98,37.82,0.66,Auto,Bearish,No,14009.95,-1.9075014543235458
2018-01-02,Tuesday,January,2018,13724.86,13818.61,13547.7,13640.87,13742.71,-0.74,281.0,38333.9,13497.4,15682.77,50.11,37.42,0.86,Energy,Bearish,No,13742.71,-0.7410474353311561
2018-01-03,Wednesday,January,2018,13673.07,13848.68,13534.85,13710.08,13640.87,0.51,138.3,17375.5,13508.77,15676.39,58.6,36.43,1.41,Energy,Bearish,No,13640.87,0.5073723303572215
2018-01-04,Thursday,January,2018,13738.0,13794.82,13582.5,13638.91,13710.08,-0.52,221.0,32973.4,13520.06,15668.0,54.51,36.24,0.83,Metal,Bearish,No,13710.08,-0.5191071095135847
2018-01-05,Friday,January,2018,13593.36,13712.62,13332.01,13450.01,13638.91,-1.39,273.2,38466.7,13526.48,15656.38,48.63,35.61,0.22,Banking,Bearish,No,13638.91,-1.385008039498755
2018-01-08,Monday,January,2018,13440.24,14107.87,13246.22,13907.11,13450.01,3.4,399.8,52932.8,13540.9,15649.55,50.08,35.46,2.34,Banking,Bearish,No,13450.01,3.398510484378825
2018-01-09,Tuesday,January,2018,13934.71,14244.09,13897.87,14206.54,13907.11,2.15,268.8,38811.6,13565.19,15645.98,52.29,34.52,1.86,Energy,Bearish,No,13907.11,2.1530713426441603
2018-01-10,Wednesday,January,2018,14168.34,14304.37,14064.62,14200.42,14206.54,-0.04,311.0,47695.8,13589.1,15642.41,47.21,33.79,0.82,Banking,Bearish,No,14206.54,-0.04307875105409762
2018-01-11,Thursday,January,2018,14168.7,14169.56,13899.15,13899.99,14200.42,-2.12,304.0,45896.8,13613.23,15636.25,46.01,36.19,0.2,Banking,Bearish,No,14200.42,-2.1156416500357054
2018-01-12,Friday,January,2018,13875.23,14013.43,13764.21,13902.2,13899.99,0.02,200.9,29220.7,13640.98,15628.36,50.06,35.74,0.99,Auto,Bearish,No,13899.99,0.015899292013885954
2018-01-15,Monday,January,2018,13885.55,14043.04,13503.46,13658.37,13902.2,-1.75,297.5,42483.9,13667.05,15620.53,47.9,34.79,0.76,Metal,Bearish,No,13902.2,-1.7538950669678175
2018-01-16,Tuesday,January,2018,13594.07,14295.29,13513.1,14210.65,13658.37,4.04,383.4,52057.6,13707.95,15616.32,53.73,33.61,2.23,Metal,Bearish,No,13658.37,4.043527888027625
2018-01-17,Wednesday,January,2018,14240.19,14509.41,14073.52,14341.55,14210.65,0.92,161.5,25430.3,13748.69,15612.75,52.29,32.03,0.39,Auto,Bearish,No,14210.65,0.9211401308173774
2018-01-18,Thursday,January,2018,14240.19,15076.5,14117.59,14876.51,14341.55,3.73,474.3,66939.3,13798.65,15612.77,63.43,30.66,2.37,Realty,Bearish,No,14341.55,3.7301407448985704
2018-01-19,Friday,January,2018,14885.54,15028.55,14403.29,14543.01,14876.51,-2.24,296.6,39592.4,13843.77,15610.51,62.16,33.03,0.2,Pharma,Bearish,No,14876.51,-2.2417892368573002
2018-01-22,Monday,January,2018,14885.54,14678.83,14460.75,14592.15,14543.01,0.34,274.6,43895.8,13885.64,15606.04,64.68,32.17,1.25,Auto,Bearish,No,14543.01,0.3378942873586652
2018-01-23,Tuesday,January,2018,14547.86,14703.51,14400.29,14555.86,14592.15,-0.25,206.9,28025.1,13926.95,15600.33,63.19,31.27,1.04,Banking,Bearish,No,14592.15,-0.2486953601765268
2018-01-24,Wednesday,January,2018,14478.73,14699.45,14265.55,14555.86,14555.86,-0.48,206.3,30014.1,13966.26,15594.22,52.29,31.28,1.3,FMCG,Bearish,No,14555.86,0.0
2018-01-25,Thursday,January,2018,14478.73,14528.8,14172.18,14210.2,14486.16,-1.9,242.4,34226.8,13985.59,15587.2,61.55,30.37,0.34,Energy,Bearish,No,14555.86,-2.374713689194591
2018-01-26,Friday,January,2018,14478.73,14612.39,14015.18,14432.95,14210.2,1.57,190.3,29378.7,14002.17,15581.15,58.6,30.04,1.67,IT,Bearish,No,14210.2,1.5675359952710026
2018-01-29,Monday,January,2018,14452.67,14493.78,14184.35,14224.81,14432.95,-1.44,266.4,37111.7,14010.94,15573.36,50.31,27.71,0.56,Auto,Bearish,No,14432.95,-1.4421168229641288
2018-01-30,Tuesday,January,2018,14259.47,14329.24,14231.95,14301.64,14224.81,0.54,217.6,31133.9,14020.99,15566.24,51.67,26.9,1.44,Realty,Bearish,No,14224.81,0.5401126623132395
2018-01-31,Wednesday,January,2018,14214.17,14729.72,14231.95,14684.7,14301.64,2.68,436.6,58262.9,14030.03,15558.66,62.58,26.56,0.83,Banking,Bearish,No,14301.64,2.678434081685746
2018-02-01,Thursday,February,2018,14674.52,14789.6,13952.82,14063.11,14684.7,-4.23,445.3,58963.8,14021.32,15548.01,52.15,30.61,0.2,Banking,Bearish,No,14684.7,-4.232909082242062
2018-02-02,Friday,February,2018,14107.06,14488.04,13922.94,14301.38,14063.11,1.69,371.8,56713.8,14017.87,15538.62,58.61,30.23,1.49,Energy,Bearish,No,14063.11,1.6942909498681202
2018-02-05,Monday,February,2018,14363.04,14363.68,14058.91,14059.53,14301.38,-1.69,215.9,30223.2,14008.43,15529.15,47.79,30.02,0.45,Banking,Bearish,No,14301.38,-1.6910955446257532
2018-02-06,Tuesday,February,2018,13982.25,14149.45,13272.61,13433.25,14059.53,-4.45,456.2,57984.7,13991.94,15518.46,38.41,33.43,0.2,Unknown,Bearish,No,14059.53,-4.454487454417045
2018-02-07,Wednesday,February,2018,13479.67,13579.25,12787.87,12883.04,13433.25,-4.1,466.6,58536.2,13970.89,15503.44,24.66,37.45,0.2,IT,Bearish,No,13433.25,-4.095881488098555
2018-02-08,Thursday,February,2018,12844.02,12925.86,12797.93,12879.64,12883.04,-0.03,228.1,28115.7,13950.99,15488.56,26.92,36.88,1.25,Pharma,Bearish,No,12883.04,-0.026391286528656705
2018-02-09,Friday,February,2018,12906.92,13040.72,12668.06,12800.76,12879.64,-0.61,259.8,33630.3,13926.27,15471.15,25.35,36.11,0.59,Banking,Bearish,No,12879.64,-0.6124394781220531
2018-02-12,Monday,February,2018,12779.68,12857.64,12487.5,12564.15,12800.76,-1.85,299.2,34219.5,13893.63,15454.04,24.02,36.17,0.2,IT,Bearish,No,12800.76,-1.848405875901123
2018-02-13,Tuesday,February,2018,12592.29,12887.88,12377.77,12672.0,12564.15,0.86,190.9,22860.2,13869.54,15435.15,26.57,35.63,1.41,Banking,Bearish,No,12564.15,0.8583947183056584
2018-02-14,Wednesday,February,2018,12658.25,12999.62,12531.75,12870.99,12672.0,1.57,215.3,26907.4,13846.33,15417.88,32.35,36.03,1.57,IT,Bearish,No,12672.0,1.5703124999999984
2018-02-15,Thursday,February,2018,12815.45,12920.84,12021.71,12121.39,12870.99,-5.82,571.6,75219.7,13816.35,15397.0,23.26,41.72,0.2,FMCG,Bearish,No,12870.99,-5.823949828257192
2018-02-16,Friday,February,2018,12100.25,12258.71,11972.07,12130.22,12121.39,0.07,184.0,22869.9,13789.65,15375.17,24.59,42.36,0.59,Banking,Bearish,No,12121.39,0.0728464309786248
2018-02-19,Monday,February,2018,12149.88,12518.16,11987.39,12352.95,12130.22,1.84,284.6,35186.4,13764.72,15355.18,27.17,41.26,2.43,Auto,Bearish,No,12130.22,1.8361579592126227
2018-02-20,Tuesday,February,2018,12337.3,12598.37,12167.5,12427.33,12352.95,0.6,210.3,24518.6,13740.51,15334.62,21.49,41.31,0.46,Banking,Bearish,No,12352.95,0.6021233794356748
2018-02-21,Wednesday,February,2018,12387.32,12930.62,12242.24,12780.93,12427.33,2.85,304.7,39394.1,13723.43,15315.38,32.63,39.72,2.21,Energy,Bearish,No,12427.33,2.845341678381441
2018-02-22,Thursday,February,2018,12732.18,13368.68,12560.2,13190.51,12780.93,3.2,287.5,41176.6,13721.5,15295.39,35.62,24.57,1.85,Metal,Bearish,No,12780.93,3.2046181302925527
2018-02-23,Friday,February,2018,13158.48,13327.08,12615.4,12779.14,13190.51,-3.12,473.1,61259.9,13708.64,15274.73,34.12,42.55,0.87,IT,Bearish,No,13190.51,-3.1186815369534675
2018-02-26,Monday,February,2018,12747.78,12951.49,12599.43,12802.51,12779.14,0.18,106.8,12756.4,13694.32,15252.09,40.8,43.09,1.19,Auto,Bearish,No,12779.14,0.18287615598546383
2018-02-27,Tuesday,February,2018,12824.56,12941.84,12742.19,12859.25,12802.51,0.44,283.3,40052.3,13673.44,15229.5,49.59,42.86,1.47,FMCG,Bearish,No,12802.51,0.4431943423594263
2018-02-28,Wednesday,February,2018,12844.0,13078.15,12676.66,12909.95,12859.25,0.39,267.3,39366.4,13646.94,15208.57,52.29,42.67,1.28,Energy,Bearish,No,12859.25,0.39426871707137456
2018-03-01,Thursday,March,2018,12898.38,12979.45,12646.83,12726.82,12909.95,-1.42,300.4,36851.6,13614.75,15183.56,48.8,42.22,0.2,Realty,Bearish,No,12909.95,-1.4185182746641234
2018-03-02,Friday,March,2018,12719.95,12835.12,12578.43,12726.82,12726.82,-0.26,222.7,28287.2,13586.63,15157.41,52.24,41.4,0.95,Pharma,Bearish,No,12726.82,0.0
2018-03-05,Monday,March,2018,12713.93,12901.81,12631.35,12818.55,12693.36,0.99,282.8,34537.6,13565.01,15132.7,52.53,40.88,1.44,Banking,Bearish,No,12726.82,0.7207613527966888
2018-03-06,Tuesday,March,2018,12843.05,12980.42,12548.23,12683.9,12818.55,-1.05,249.1,28628.0,13543.5,15104.21,46.7,40.44,0.79,Pharma,Bearish,No,12818.55,-1.0504308209586861
2018-03-07,Wednesday,March,2018,12663.85,13126.85,12497.72,12956.88,12683.9,2.15,384.3,53672.4,13522.47,15076.08,67.7,39.95,2.07,Auto,Bearish,No,12683.9,2.152177169482569
2018-03-08,Thursday,March,2018,12946.62,13029.12,12718.3,12799.87,12956.88,-1.21,348.5,43973.0,13499.78,15045.77,63.35,39.78,0.66,Banking,Bearish,No,12956.88,-1.2117886404751639
2018-03-09,Friday,March,2018,12824.54,12870.21,12794.36,12840.0,12799.87,0.31,268.2,36178.6,13476.38,15015.12,60.47,39.78,1.34,IT,Bearish,No,12799.87,0.3135188091753994
2018-03-12,Monday,March,2018,12813.2,13221.53,12658.9,13064.21,12840.0,1.75,206.8,29563.1,13462.81,14986.07,62.86,39.02,1.36,Pharma,Bearish,No,12840.0,1.7461838006230461
2018-03-13,Tuesday,March,2018,13042.75,13262.96,12884.38,13103.85,13064.21,0.3,275.6,37071.9,13452.07,14960.06,57.47,39.06,0.57,Energy,Bearish,No,13064.21,0.3034243938209906
2018-03-14,Wednesday,March,2018,13129.03,13316.22,12738.02,12922.26,13103.85,-1.39,367.3,49282.4,13436.31,14930.94,43.07,37.76,0.26,Energy,Bearish,No,13103.85,-1.3857759360798556
2018-03-15,Thursday,March,2018,12900.01,13487.25,12750.69,13332.91,12922.26,3.18,410.5,59583.5,13430.19,14904.14,64.32,37.64,1.84,Auto,Bearish,No,12922.26,3.1778496950223847
2018-03-16,Friday,March,2018,13342.81,13620.77,13187.13,13463.68,13332.91,0.98,327.7,44266.6,13430.46,14876.71,66.2,37.11,1.05,Realty,Bearish,No,13332.91,0.9808061405949672
2018-03-19,Monday,March,2018,13399.88,13561.47,13331.13,13492.25,13463.68,0.21,186.8,24295.7,13422.17,14849.22,65.73,36.47,0.7,Pharma,Bearish,No,13463.68,0.21220052764177183
2018-03-20,Tuesday,March,2018,13515.88,13663.85,13232.44,13378.91,13492.25,-0.84,233.9,33930.6,13405.61,14820.09,61.3,35.13,0.43,Auto,Unknown,No,13492.25,-0.8400377994774789
2018-03-21,Wednesday,March,2018,13370.85,13810.39,13149.06,13585.05,13378.91,1.54,374.5,46490.4,13393.31,14793.54,70.45,33.68,1.38,Energy,Bearish,No,13378.91,1.5407832177658674
2018-03-22,Thursday,March,2018,13601.63,13680.36,13218.38,13295.33,13585.05,-2.13,368.9,39537.4,13381.21,14764.68,62.78,24.57,0.2,IT,Bearish,No,13585.05,-2.132638451827556
2018-03-23,Friday,March,2018,13339.98,13381.71,12910.98,12951.49,13295.33,-2.59,337.9,42373.7,13362.2,14735.98,52.58,37.71,0.91,IT,Bearish,No,13295.33,-2.5861712345613097
2018-03-26,Monday,March,2018,12938.52,13049.3,12779.79,12890.16,12951.49,-0.47,227.5,30979.7,13346.83,14709.19,54.13,37.55,0.42,Realty,Bearish,No,12951.49,-0.47353624949716155
2018-03-27,Tuesday,March,2018,12830.85,12981.61,12521.26,12670.13,12890.16,-1.71,308.0,42176.4,13316.02,14680.81,44.14,36.73,0.56,Realty,Bearish,No,12890.16,-1.7069609686768874
2018-03-28,Wednesday,March,2018,12656.37,12768.58,12145.38,12254.02,12670.13,-3.28,371.9,45133.3,13274.27,14650.01,39.91,39.41,0.2,Metal,Bearish,No,12670.13,-3.284180983146967
2018-03-29,Thursday,March,2018,12298.67,12592.16,12112.53,12404.42,12254.02,1.23,281.0,33365.5,13224.83,14618.71,42.27,39.23,1.57,Banking,Bearish,No,12254.02,1.2273523300924891
2018-03-30,Friday,March,2018,12410.74,12467.31,12038.04,12093.17,12404.42,-2.51,537.3,63069.0,13175.83,14587.16,33.28,40.63,0.2,Auto,Bearish,No,12404.42,-2.5091862416783695
2018-04-02,Monday,April,2018,12054.55,12077.91,11810.58,11833.51,12093.17,-2.15,287.5,35086.5,13120.66,14554.72,29.66,42.13,0.54,Auto,Bearish,No,12093.17,-2.1471624065484884
2018-04-03,Tuesday,April,2018,11826.63,11988.84,11439.52,11598.61,11833.51,-1.99,213.6,23080.1,13061.52,14522.7,29.17,41.74,0.22,Banking,Bearish,No,11833.51,-1.9850407867150124
2018-04-04,Wednesday,April,2018,11615.58,11889.37,11588.07,11861.28,11598.61,2.26,291.0,34843.8,13009.02,14490.72,25.71,41.47,1.78,FMCG,Bearish,No,11598.61,2.2646679214147216
2018-04-05,Thursday,April,2018,11856.81,11966.7,11701.32,11810.79,11861.28,-0.43,274.6,33006.1,12961.03,14460.14,21.97,41.11,0.2,FMCG,Bearish,No,11861.28,-0.42567075391525855
2018-04-06,Friday,April,2018,11805.38,12066.59,11644.74,11904.6,11810.79,0.79,295.5,36640.5,12910.46,14431.6,23.66,41.44,0.85,IT,Bearish,No,11810.79,0.7942737107339939
2018-04-09,Monday,April,2018,11879.11,11984.42,11626.78,11730.78,11904.6,-1.46,229.5,27481.6,12860.58,14403.21,23.19,39.93,0.2,Realty,Bearish,No,11904.6,-1.4601078574668591
2018-04-10,Tuesday,April,2018,11708.49,11975.35,11647.51,11913.3,11730.78,1.56,274.0,30011.2,12812.82,14373.59,22.6,39.51,1.97,FMCG,Bearish,No,11730.78,1.555906768347873
2018-04-11,Wednesday,April,2018,11921.25,12077.29,11542.88,11695.97,11913.3,-1.82,364.9,44290.1,12753.04,14342.81,23.15,40.02,0.67,Auto,Bearish,No,11913.3,-1.8242636381187407
2018-04-12,Thursday,April,2018,11713.25,11816.99,11611.54,11715.26,11695.97,0.16,221.8,23499.0,12706.08,14312.74,26.71,39.69,1.11,Auto,Bearish,No,11695.97,0.16492860361304684
2018-04-13,Friday,April,2018,11709.17,11792.5,11472.42,11554.65,11715.26,-1.37,228.1,25777.9,12651.15,14282.37,25.74,38.84,0.86,Metal,Bearish,No,11715.26,-1.3709469529485523
2018-04-16,Monday,April,2018,11537.53,11705.68,11472.42,11486.43,11554.65,-0.59,200.9,22693.5,12599.69,14252.59,27.25,38.71,0.5,Auto,Bearish,No,11554.65,-0.5904116524516048
2018-04-17,Tuesday,April,2018,11512.49,11935.96,11437.71,11858.93,11486.43,3.24,461.5,50532.7,12568.2,14224.6,42.28,38.18,2.53,Auto,Bearish,No,11486.43,3.242957124189152
2018-04-18,Wednesday,April,2018,11843.86,11910.22,11538.23,11603.24,11858.93,-2.16,303.0,31711.3,12542.61,14196.12,34.96,40.28,0.31,IT,Bearish,No,11858.93,-2.1560967136158196
2018-04-19,Thursday,April,2018,11613.31,11775.29,11538.23,11723.83,11603.24,1.04,274.6,29432.5,12519.49,14167.21,42.53,39.6,1.28,Auto,Bearish,No,11603.24,1.0392786842295785
2018-04-20,Friday,April,2018,11742.58,12053.99,11591.52,11900.89,11723.83,1.51,198.5,23369.6,12501.49,14138.94,51.41,38.41,1.81,IT,Bearish,No,11723.83,1.5102573135229655
2018-04-23,Monday,April,2018,11855.76,11970.89,11456.33,11568.67,11900.89,-2.79,349.4,38321.9,12481.58,14110.25,49.4,41.46,0.36,Pharma,Bearish,No,11900.89,-2.791555925649253
2018-04-24,Tuesday,April,2018,11573.52,11643.54,11338.19,11407.2,11568.67,-1.4,460.2,47970.6,12456.29,14081.51,40.48,41.29,0.2,IT,Bearish,No,11568.67,-1.3957524935882806
2018-04-25,Wednesday,April,2018,11314.89,11643.54,11289.5,11520.26,11407.2,0.99,376.4,41249.7,12429.27,14051.62,44.07,24.57,1.59,Pharma,Bearish,No,11407.2,0.9911284101269329
2018-04-26,Thursday,April,2018,11516.72,11673.75,11190.73,11345.42,11520.26,-1.52,312.3,35636.0,12413.75,14021.25,38.95,40.23,0.44,Auto,Bearish,No,11520.26,-1.517674080272495
2018-04-27,Friday,April,2018,11365.14,11434.57,11046.37,11114.27,11345.42,-2.04,420.9,49045.4,12393.43,13988.75,38.08,40.36,0.4,FMCG,Bearish,No,11345.42,-2.037386011271505
2018-04-30,Monday,April,2018,11125.5,11133.55,11050.4,11058.4,11114.27,-0.5,281.5,30581.5,12367.54,13957.1,32.62,40.08,0.71,Banking,Bearish,No,11114.27,-0.50268708606144
2018-05-01,Tuesday,May,2018,11084.94,11490.54,10992.39,11395.4,11058.4,3.05,507.4,59128.7,12346.9,13924.05,44.17,38.97,1.69,Auto,Bearish,No,11058.4,3.0474571366562975
2018-05-02,Wednesday,May,2018,11407.38,11663.04,11269.0,11523.25,11395.4,1.12,315.5,37059.4,12321.75,13892.28,52.29,39.03,0.97,Unknown,Bearish,No,11395.4,1.1219439422925073
2018-05-03,Thursday,May,2018,11504.5,11754.3,11379.32,11627.78,11523.25,0.91,345.3,43333.2,12290.5,13864.4,51.39,38.57,1.12,Banking,Bearish,No,11523.25,0.9071225565704176
2018-05-04,Friday,May,2018,11574.09,11890.25,11477.74,11792.08,11627.78,1.41,162.9,17977.6,12270.75,13837.39,55.6,37.65,1.6,Banking,Bearish,No,11627.78,1.4129954299100884
2018-05-07,Monday,May,2018,11796.08,11895.23,11722.56,11821.55,11792.08,0.25,255.6,30073.4,12251.14,13807.3,49.22,38.03,1.16,Banking,Bearish,No,11792.08,0.24991350126525044
2018-05-08,Tuesday,May,2018,11838.53,12051.88,11770.37,11982.89,11821.55,1.36,250.5,30808.6,12233.61,13775.06,58.29,37.64,1.51,Banking,Bearish,No,11821.55,1.3647956486247588
2018-05-09,Wednesday,May,2018,11919.71,12664.5,11763.52,12500.69,11982.89,4.32,460.8,57830.4,12225.42,13745.39,64.45,36.69,2.68,Metal,Bearish,No,11982.89,4.321161255757176
2018-05-10,Thursday,May,2018,12515.84,12518.2,12513.17,12515.53,12500.69,0.12,257.3,31882.6,12221.2,13716.12,62.17,36.74,1.02,Unknown,Bearish,No,12500.69,0.11871344701772579
2018-05-11,Friday,May,2018,12518.82,12571.44,12347.13,12399.25,12515.53,-0.93,349.9,47493.2,12215.32,13687.48,67.98,36.44,1.26,Banking,Bearish,No,12515.53,-0.9290857039214532
2018-05-14,Monday,May,2018,12385.68,12580.09,12291.34,12485.0,12399.25,0.69,317.0,43076.2,12208.64,13661.15,74.12,36.63,1.34,Metal,Bearish,No,12399.25,0.6915740871423675
2018-05-15,Tuesday,May,2018,12501.47,12611.85,12501.19,12611.56,12485.0,1.01,185.6,23928.8,12207.2,13634.83,74.28,35.09,1.04,Banking,Bearish,No,12485.0,1.0136964357228635
2018-05-16,Wednesday,May,2018,12601.14,12742.56,12501.19,12652.37,12611.56,0.32,125.1,15636.8,12201.11,13610.93,80.92,35.76,0.71,IT,Bearish,No,12611.56,0.32359200606428795
2018-05-17,Thursday,May,2018,12639.48,12713.28,12600.4,12674.09,12652.37,0.17,216.3,39537.4,12198.59,13587.47,90.96,35.03,1.16,FMCG,Bearish,No,12652.37,0.17166744254238014
2018-05-18,Friday,May,2018,12625.75,12750.73,12370.02,12493.7,12674.09,-1.42,337.2,42237.7,12191.67,13561.99,85.38,34.29,0.46,Banking,Bearish,No,12674.09,-1.4232974517302577
2018-05-21,Monday,May,2018,12508.87,13098.1,12437.48,13023.77,12493.7,4.24,461.6,66076.2,12190.86,13537.63,86.65,33.89,2.07,IT,Bearish,No,12493.7,4.242698319953254
2018-05-22,Tuesday,May,2018,12972.74,13274.75,12889.7,13190.32,13023.77,1.28,287.2,39291.4,12192.59,13513.81,86.88,33.42,1.38,Banking,Bearish,No,13023.77,1.2788155810491069
2018-05-23,Wednesday,May,2018,13163.25,13234.7,13036.45,13107.6,13190.32,-0.63,288.4,34537.4,12196.29,13489.82,83.05,33.52,0.62,Energy,Bearish,No,13190.32,-0.6271265594769448
2018-05-24,Thursday,May,2018,13125.52,13266.03,12655.4,12792.34,13107.6,-2.41,392.6,49237.5,12185.48,13466.07,70.93,36.66,0.2,Banking,Unknown,No,13107.6,-2.405169519973147
2018-05-25,Friday,May,2018,12785.91,12884.67,12480.53,12577.68,12792.34,-1.68,309.4,40707.5,12167.76,13442.83,64.68,36.26,0.85,Banking,Bearish,No,12792.34,-1.6780354493392127
2018-05-28,Monday,May,2018,12642.17,12791.15,12389.35,12537.09,12577.68,-0.32,273.5,36636.8,12148.66,13420.43,61.29,35.89,1.11,Pharma,Bearish,No,12577.68,-0.32271452286908353
2018-05-29,Tuesday,May,2018,12559.39,12840.85,12398.23,12678.17,12537.09,1.13,318.2,42870.3,12134.64,13398.78,54.27,35.42,1.69,Energy,Bearish,No,12537.09,1.1253010068524667
2018-05-30,Wednesday,May,2018,12706.75,12850.79,12619.69,12763.34,12678.17,0.67,251.3,35135.7,12118.21,13382.83,55.77,34.45,1.74,Unknown,Bearish,No,12678.17,0.6717846503083652
2018-05-31,Thursday,May,2018,12796.04,12862.73,12628.13,12694.29,12763.34,-0.54,336.0,42560.0,12106.19,13365.0,57.02,34.81,0.86,IT,Bearish,No,12763.34,-0.541002590231078
2018-06-01,Friday,June,2018,12685.1,12765.32,12291.68,12369.91,12694.29,-2.56,279.2,32050.6,12094.56,13344.91,47.54,35.79,0.22,IT,Bearish,No,12694.29,-2.555322117266905
2018-06-04,Monday,June,2018,12350.17,12618.93,12119.87,12387.93,12369.91,0.15,326.3,41652.6,12084.51,13324.72,44.99,35.46,1.15,Banking,Bearish,No,12369.91,0.14567608010082883
2018-06-05,Tuesday,June,2018,12350.17,12707.73,12274.56,12637.84,12387.93,2.02,381.6,39537.4,12083.87,13305.01,49.7,34.16,2.01,FMCG,Bearish,No,12387.93,2.0173669047209652
2018-06-06,Wednesday,June,2018,12582.73,12820.07,12490.86,12727.15,12637.84,0.71,384.6,53584.3,12093.33,13284.69,51.06,34.9,1.55,FMCG,Bearish,No,12637.84,0.7066872187019261
2018-06-07,Thursday,June,2018,12770.96,12884.08,12457.67,12569.0,12727.15,-1.24,191.8,25353.9,12096.62,13264.26,51.52,34.18,0.41,FMCG,Bearish,No,12727.15,-1.2426191252558478
2018-06-08,Friday,June,2018,12545.54,12673.33,12409.45,12537.16,12569.0,-0.25,267.3,29086.8,12105.5,13242.77,37.75,34.3,0.57,Energy,Bearish,No,12569.0,-0.25332166441244447
2018-06-11,Monday,June,2018,12570.78,12717.99,12465.02,12611.88,12537.16,0.6,278.6,34274.1,12121.07,13221.48,34.74,34.27,0.88,Banking,Bearish,No,12537.16,0.5959882461418643
2018-06-12,Tuesday,June,2018,12556.19,12745.74,12316.4,12505.18,12611.88,-0.85,278.2,31420.4,12139.2,13199.32,34.3,34.16,0.73,Pharma,Bearish,No,12611.88,-0.8460277135526101
2018-06-13,Wednesday,June,2018,12498.33,12610.11,11954.16,12062.04,12505.18,-3.54,377.8,45764.4,12143.21,13176.57,32.16,37.23,0.2,FMCG,Bearish,No,12505.18,-3.543651510813914
2018-06-14,Thursday,June,2018,12107.91,12301.89,12018.28,12211.49,12062.04,1.24,299.6,33813.8,12151.23,13157.47,40.76,35.9,1.52,Unknown,Bearish,No,12062.04,1.2390109799005715
2018-06-15,Friday,June,2018,12221.24,12414.44,12076.74,12269.37,12211.49,0.47,318.3,40456.4,12158.52,13141.96,43.3,35.55,0.52,Pharma,Bearish,No,12211.49,0.4739798337467502
2018-06-18,Monday,June,2018,12280.14,12871.05,12225.45,12813.98,12269.37,4.44,441.0,56482.0,12180.19,13128.35,52.83,35.88,3.04,Banking,Bearish,No,12269.37,4.438777215130025
2018-06-19,Tuesday,June,2018,12791.44,12921.36,12445.53,12573.23,12813.98,-1.88,233.9,30899.5,12193.39,13112.61,46.28,35.72,0.2,IT,Bearish,No,12813.98,-1.8788073650809505
2018-06-20,Wednesday,June,2018,12539.18,12806.49,12457.47,12723.57,12573.23,1.2,402.4,49060.2,12213.94,13104.91,50.55,35.82,1.2,Realty,Bearish,No,12573.23,1.1957150231086215
2018-06-21,Thursday,June,2018,12721.85,12929.89,12554.65,12762.16,12723.57,0.3,177.6,24157.7,12234.88,13094.97,58.33,35.83,0.93,Metal,Bearish,No,12723.57,0.3032953801488116
2018-06-22,Friday,June,2018,12719.06,13019.25,12547.98,12846.46,12762.16,0.66,179.7,23781.4,12260.71,13085.82,59.47,35.54,1.66,Pharma,Bearish,No,12762.16,0.6605464905627203
2018-06-25,Monday,June,2018,12842.32,13163.18,12748.52,13067.74,12846.46,1.72,261.1,37448.0,12292.34,13077.37,58.99,35.52,1.57,IT,Bearish,No,12846.46,1.722497871008828
2018-06-26,Tuesday,June,2018,13106.21,13165.43,12583.21,12640.32,13067.74,-3.27,352.2,41657.1,12307.97,13067.32,48.41,39.4,0.2,Auto,Bearish,No,13067.74,-3.2708027554879426
2018-06-27,Wednesday,June,2018,12592.27,12643.83,12585.33,12636.87,12640.32,-0.03,237.9,27364.5,12328.64,13056.94,51.32,38.85,0.97,Banking,Bearish,No,12640.32,-0.027293612819919977
2018-06-28,Thursday,June,2018,12661.22,12920.22,12548.52,12806.23,12636.87,1.34,442.7,60673.6,12350.29,13046.27,54.96,37.78,1.46,IT,Bearish,No,12636.87,1.3402052881765718
2018-06-29,Friday,June,2018,12844.49,12851.3,12820.65,12827.46,12806.23,0.17,174.6,21673.1,12368.82,13033.49,54.05,37.01,1.17,Unknown,Bearish,No,12806.23,0.16577868740448642
2018-07-02,Monday,July,2018,12817.45,13016.77,12719.27,12917.82,12827.46,0.7,320.6,39537.4,12395.8,13023.11,57.81,36.79,0.9,Unknown,Bearish,No,12827.46,0.7044262854844263
2018-07-03,Tuesday,July,2018,12919.11,12993.47,12679.44,12752.85,12917.82,-1.28,401.7,55589.4,12422.71,13010.58,64.61,36.74,0.84,Metal,Bearish,No,12917.82,-1.277073066508121
2018-07-04,Wednesday,July,2018,12734.51,12864.81,12550.33,12680.08,12752.85,-0.57,223.3,27978.8,12445.91,12999.58,60.24,37.32,0.85,Energy,Bearish,No,12752.85,-0.5706175482343196
2018-07-05,Thursday,July,2018,12668.29,12769.79,12567.63,12669.13,12680.08,-0.09,218.3,26539.5,12472.39,12988.44,58.92,36.51,1.41,Metal,Bearish,No,12680.08,-0.08635592204466161
2018-07-06,Friday,July,2018,12700.22,12788.14,12627.39,12715.22,12669.13,0.36,256.4,29729.6,12504.4,12976.84,47.17,36.0,1.07,Banking,Bearish,No,12669.13,0.36379767197905577
2018-07-09,Monday,July,2018,12742.88,12955.76,12597.66,12809.78,12715.22,0.74,229.5,29062.9,12539.43,12973.2,57.41,35.12,1.22,Pharma,Bearish,No,12715.22,0.7436756894493474
2018-07-10,Tuesday,July,2018,12824.9,12871.52,12507.17,12552.8,12809.78,-2.01,213.4,27617.8,12562.58,12968.61,44.98,36.62,0.28,Realty,Bearish,No,12809.78,-2.006123446304319
2018-07-11,Wednesday,July,2018,12575.69,12704.62,12507.17,12405.79,12552.8,-1.17,360.4,42646.4,12580.23,12966.15,40.16,36.61,0.99,Energy,Bearish,No,12552.8,-1.1711331336434772
2018-07-12,Thursday,July,2018,12413.23,12644.6,12211.53,12442.43,12405.79,0.3,244.2,31707.8,12596.52,12963.39,38.54,35.6,1.31,Banking,Bearish,No,12405.79,0.2953459634573809
2018-07-13,Friday,July,2018,12396.63,12543.68,12179.85,12326.07,12442.43,-0.94,233.3,28631.7,12607.2,12959.86,27.64,34.54,0.47,Metal,Bearish,No,12442.43,-0.9351870976971587
2018-07-16,Monday,July,2018,12365.41,12472.69,12286.54,12393.64,12326.07,0.55,244.6,32486.0,12618.65,12956.5,40.5,34.58,1.99,Pharma,Bearish,No,12326.07,0.5481877029742628
2018-07-17,Tuesday,July,2018,12360.42,12408.96,11943.12,11990.2,12393.64,-3.26,369.3,41284.2,12618.79,12952.97,30.96,37.74,0.2,Banking,Bearish,No,12393.64,-3.2552179989091075
2018-07-18,Wednesday,July,2018,11986.6,12219.36,11845.89,12077.59,11990.2,0.73,291.7,37041.7,12610.33,12949.11,27.46,37.66,1.09,IT,Bearish,No,11990.2,0.7288452235992678
2018-07-19,Thursday,July,2018,12108.51,12146.08,11934.64,11971.79,12077.59,-0.88,210.2,27341.7,12599.45,12945.0,24.85,37.18,1.0,Banking,Bearish,No,12077.59,-0.8760025799849083
2018-07-20,Friday,July,2018,12108.51,12017.12,11787.18,11882.53,11971.79,-0.75,234.9,29259.6,12589.12,12939.49,19.55,36.5,0.7,Pharma,Bearish,No,11971.79,-0.745586081947647
2018-07-23,Monday,July,2018,11904.79,12034.53,11502.85,11629.59,11882.53,-2.13,337.4,38500.1,12572.01,12932.59,18.58,39.55,0.2,Banking,Bearish,No,11882.53,-2.128671250987799
2018-07-24,Tuesday,July,2018,11588.0,11652.33,11542.06,11606.32,11629.59,-0.2,112.0,12298.3,12551.91,12925.48,19.11,39.73,1.3,FMCG,Bearish,No,11629.59,-0.2000930385336064
2018-07-25,Wednesday,July,2018,11627.03,11670.56,11542.06,11342.41,11606.32,-2.27,321.6,33547.1,12525.71,12917.88,16.69,42.72,0.84,Realty,Bearish,No,11606.32,-2.2738473521322855
2018-07-26,Thursday,July,2018,11383.33,11414.39,11129.9,11160.35,11342.41,-1.61,260.3,29877.6,12495.43,12910.61,13.45,42.49,0.2,Metal,Bearish,No,11342.41,-1.6051262474200765
2018-07-27,Friday,July,2018,11135.66,11295.77,10831.8,10989.81,11160.35,-1.53,334.1,34094.3,12465.36,12900.94,8.7,41.89,0.86,Auto,Bearish,No,11160.35,-1.5280882768013626
2018-07-30,Monday,July,2018,11135.66,11268.22,10799.05,11103.95,10989.81,1.04,286.2,33929.7,12426.96,12890.85,14.84,40.99,1.2,Pharma,Bearish,No,10989.81,1.0385984835042756
2018-07-31,Tuesday,July,2018,11106.48,11476.35,10942.83,11309.71,11103.95,1.85,387.1,39537.4,12389.35,12882.85,24.14,41.99,0.99,Auto,Bearish,No,11103.95,1.8530342805938282
2018-08-01,Wednesday,August,2018,11279.21,11451.44,11045.9,11217.18,11309.71,-0.82,140.3,14591.3,12351.54,12873.23,21.83,42.54,0.92,Energy,Bearish,No,11309.71,-0.8181465307244734
2018-08-02,Thursday,August,2018,11143.91,11204.84,11014.06,11074.61,11217.18,-1.27,247.4,26719.4,12317.18,12863.23,21.57,41.65,0.2,Metal,Bearish,No,11217.18,-1.270996810249989
2018-08-03,Friday,August,2018,11073.77,11225.18,11065.47,11216.77,11074.61,1.28,295.1,35995.5,12289.97,12853.67,24.14,41.14,1.21,Energy,Bearish,No,11074.61,1.2836569414182517
2018-08-06,Monday,August,2018,11228.05,11424.65,11061.73,11257.89,11216.77,0.37,315.8,35344.1,12264.38,12844.03,30.86,40.08,1.04,Banking,Bearish,No,11216.77,0.36659394816867047
2018-08-07,Tuesday,August,2018,11246.8,11582.18,11115.02,11448.05,11257.89,1.69,236.7,27289.5,12239.78,12836.31,34.39,39.28,1.55,IT,Bearish,No,11257.89,1.6891264704131932
2018-08-08,Wednesday,August,2018,11451.93,11582.43,11156.02,11284.61,11448.05,-1.43,244.2,28921.2,12210.2,12827.7,33.43,37.77,0.85,Energy,Bearish,No,11448.05,-1.42766672053318
2018-08-09,Thursday,August,2018,11320.12,11363.59,11198.22,11241.39,11284.61,-0.38,318.1,33688.7,12181.15,12820.44,34.19,36.9,0.69,Energy,Bearish,No,11284.61,-0.38299950109043346
2018-08-10,Friday,August,2018,11229.32,11323.51,10907.67,10999.94,11241.39,-2.15,468.0,39537.4,12153.75,12812.87,34.39,38.91,0.7,Unknown,Bearish,No,11241.39,-2.1478660557101827
2018-08-13,Monday,August,2018,10992.46,11087.4,10825.39,10919.7,10999.94,-0.73,359.1,41415.5,12124.38,12805.7,33.44,38.65,0.73,Pharma,Bearish,No,10999.94,-0.7294585243192215
2018-08-14,Tuesday,August,2018,10919.05,11087.4,10834.46,11194.24,10919.7,2.51,445.6,46503.3,12095.51,12800.84,46.44,38.39,1.51,Banking,Bearish,No,10919.7,2.5141716347518615
2018-08-15,Wednesday,August,2018,11183.7,11235.13,11108.18,11159.5,11194.24,-0.31,261.4,26901.8,12064.16,12795.11,49.98,36.27,1.07,IT,Bearish,No,11194.24,-0.31033817391801305
2018-08-16,Thursday,August,2018,11149.0,11456.18,11144.58,11451.64,11159.5,2.62,355.5,44252.0,12041.81,12790.48,61.22,35.92,2.41,Auto,Bearish,No,11159.5,2.617859223083466
2018-08-17,Friday,August,2018,11510.34,11567.77,11342.11,11398.98,11451.64,-0.46,357.2,42223.9,12019.05,12786.04,57.39,34.99,0.71,Realty,Bearish,No,11451.64,-0.45984679923574145
2018-08-20,Monday,August,2018,11510.34,11443.95,11363.53,11404.2,11398.98,0.05,202.7,20983.0,11994.89,12780.57,52.63,35.18,0.7,Energy,Bearish,No,11398.98,0.045793571003731603
2018-08-21,Tuesday,August,2018,11394.05,11662.36,11321.72,11588.79,11404.2,1.62,239.0,25714.0,11976.57,12776.06,59.84,34.74,1.37,Banking,Bearish,No,11404.2,1.618614194770349
2018-08-22,Wednesday,August,2018,11636.92,11772.91,11572.45,11708.05,11588.79,1.03,287.9,30659.2,11969.49,12772.0,52.29,34.93,0.82,IT,Bearish,No,11588.79,1.0290979472403796
2018-08-23,Thursday,August,2018,11746.17,11785.27,11673.39,11712.38,11708.05,0.04,200.2,25671.5,11959.5,12764.34,64.35,34.14,1.11,Banking,Bearish,No,11708.05,0.036983101370424
2018-08-24,Friday,August,2018,11734.32,11926.47,11621.63,11813.02,11712.38,0.86,216.5,25564.2,11950.38,12755.38,52.29,34.05,0.82,Banking,Bearish,No,11712.38,0.8592617384340436
2018-08-27,Monday,August,2018,11791.41,11944.76,11713.27,11866.13,11813.02,0.45,293.4,34551.7,11931.42,12745.78,62.67,33.51,1.34,Banking,Bearish,No,11813.02,0.44958867419168647
2018-08-28,Tuesday,August,2018,11963.4,12046.13,11852.35,11934.88,11866.13,0.58,233.8,30447.3,11918.65,12736.46,70.91,33.17,1.11,Realty,Bearish,No,11866.13,0.5793801348881228
2018-08-29,Wednesday,August,2018,11878.82,12130.53,11852.35,11968.19,11934.88,0.28,245.0,29349.3,11903.54,12725.14,73.52,33.81,1.3,Metal,Bearish,No,11934.88,0.2790979046291317
2018-08-30,Thursday,August,2018,11904.24,11984.19,11793.25,11872.99,11968.19,-0.8,292.6,39537.4,11885.76,12712.01,81.21,32.48,0.65,FMCG,Bearish,No,11968.19,-0.7954419172824021
2018-08-31,Friday,August,2018,11886.63,12003.3,11680.91,11796.7,11872.99,-0.64,146.4,18942.5,11864.77,12698.62,81.44,31.05,0.93,Auto,Bearish,No,11872.99,-0.6425508654517442
2018-09-03,Monday,September,2018,11784.07,11827.29,11722.01,11765.16,11796.7,-0.27,307.8,33398.9,11838.71,12684.79,74.78,31.62,0.61,Energy,Bearish,No,11796.7,-0.26736290657557515
2018-09-04,Tuesday,September,2018,11677.73,11814.06,11572.38,11708.43,11765.16,-0.48,382.3,49109.9,11820.08,12672.05,73.38,31.39,0.92,Pharma,Bearish,No,11765.16,-0.4821863876054347
2018-09-05,Wednesday,September,2018,11703.48,11973.0,11614.65,11882.81,11708.43,1.49,370.2,41048.8,11805.0,12661.78,70.42,30.44,1.3,Pharma,Bearish,No,11708.43,1.4893542515947842
2018-09-06,Thursday,September,2018,11885.62,11985.11,11721.78,11820.72,11882.81,-0.52,30.7,3609.3,11785.29,12651.51,69.79,29.97,1.01,Energy,Unknown,No,11882.81,-0.5225195050665637
2018-09-07,Friday,September,2018,11814.75,11951.62,11778.12,11914.68,11820.72,0.79,273.0,31470.7,11767.03,12640.9,72.11,30.05,1.22,FMCG,Bearish,No,11820.72,0.7948754390595577
2018-09-10,Monday,September,2018,11925.48,11966.99,11743.56,11784.58,11914.68,-1.09,163.7,21048.5,11744.36,12628.84,58.9,28.28,0.97,Realty,Bearish,No,11914.68,-1.0919302910359352
2018-09-11,Tuesday,September,2018,11767.97,11962.19,11690.12,11883.58,11784.58,0.84,333.3,39493.1,11726.98,12618.88,58.13,28.16,1.2,Auto,Bearish,No,11784.58,0.8400808514177001
2018-09-12,Wednesday,September,2018,11878.64,12438.71,11720.39,12275.17,11883.58,3.3,451.3,50113.0,11718.88,12610.1,69.19,27.85,1.88,Auto,Bearish,No,11883.58,3.2952191174713352
2018-09-13,Thursday,September,2018,12323.34,12585.07,12295.75,12556.96,12275.17,2.3,354.6,42048.5,11716.64,12604.78,72.57,27.14,1.81,Banking,Bearish,No,12275.17,2.2956097553027703
2018-09-14,Friday,September,2018,12593.08,13055.97,12407.68,12866.55,12556.96,2.47,181.7,23055.0,11719.66,12601.79,76.27,25.86,2.53,Realty,Bearish,No,12556.96,2.465485276691175
2018-09-17,Monday,September,2018,12858.5,13105.64,12791.97,12866.55,12866.55,1.33,286.4,38658.7,11724.23,12598.98,77.48,26.05,1.77,Banking,Bearish,No,12866.55,0.0
2018-09-18,Tuesday,September,2018,13059.62,13168.44,12943.09,13051.84,13038.18,0.1,158.0,20877.2,11734.21,12596.05,77.26,25.73,0.79,Realty,Bearish,No,12866.55,1.4400907780251964
2018-09-19,Wednesday,September,2018,13086.05,13243.22,12673.4,12827.46,13051.84,-1.72,315.8,43344.0,11742.65,12592.01,72.55,26.3,0.43,Metal,Bearish,No,13051.84,-1.7191445803810115
2018-09-20,Thursday,September,2018,12791.38,12875.51,12609.46,12692.95,12827.46,-1.05,272.1,36806.2,11747.66,12589.05,70.6,26.52,0.45,Metal,Bearish,No,12827.46,-1.0486097793327627
2018-09-21,Friday,September,2018,12705.53,12794.79,12452.93,12541.04,12692.95,-1.2,343.1,43807.2,11751.96,12584.64,66.9,27.0,0.34,Pharma,Bearish,No,12692.95,-1.1968061010245832
2018-09-24,Monday,September,2018,12705.53,12719.89,12082.89,12251.79,12541.04,-2.31,328.6,40833.6,11749.12,12578.3,60.75,30.82,0.23,Auto,Bearish,No,12541.04,-2.3064275371101597
2018-09-25,Tuesday,September,2018,12275.96,12428.02,12082.89,12074.01,12251.79,-1.45,394.0,45461.0,11750.8,12569.16,53.78,29.87,0.44,Realty,Bearish,No,12251.79,-1.4510532746643605
2018-09-26,Wednesday,September,2018,12039.82,12410.38,11909.76,12277.75,12074.01,1.69,326.8,43798.3,11754.8,12559.37,58.55,30.1,1.25,Realty,Bearish,No,12074.01,1.68742613266015
2018-09-27,Thursday,September,2018,12276.49,12393.14,12185.45,12301.91,12277.75,0.2,198.3,22330.2,11761.4,12549.2,57.44,31.2,0.87,Energy,Bearish,No,12277.75,0.1967787257437222
2018-09-28,Friday,September,2018,12274.07,12586.65,12179.63,12490.54,12301.91,1.53,290.3,35513.3,11773.56,12541.16,63.26,31.04,1.53,Banking,Bearish,No,12301.91,1.5333391318909098
2018-10-01,Monday,October,2018,12502.98,12549.38,12323.83,12369.73,12490.54,-0.97,346.1,44188.8,11788.36,12533.51,59.06,30.97,0.5,IT,Bearish,No,12490.54,-0.9672119860310388
2018-10-02,Tuesday,October,2018,12339.11,12645.49,12254.42,12559.29,12369.73,1.53,380.7,52074.9,11807.42,12527.51,52.29,30.87,1.51,Metal,Bearish,No,12369.73,1.5324505870378846
2018-10-03,Wednesday,October,2018,12538.74,12819.2,12435.05,12714.06,12559.29,1.23,120.4,15312.4,11834.86,12521.04,53.34,30.7,1.2,Pharma,Bearish,No,12559.29,1.2323148840420008
2018-10-04,Thursday,October,2018,12718.74,13038.44,12618.7,12936.68,12714.06,1.75,234.3,32710.8,11870.38,12516.05,51.55,31.89,1.72,Banking,Unknown,No,12714.06,1.7509749049477572
2018-10-05,Friday,October,2018,12900.19,13232.83,12781.71,13112.4,12936.68,1.36,249.4,30117.5,11912.84,12511.56,51.63,32.1,1.25,IT,Bearish,No,12936.68,1.3583083140341983
2018-10-08,Monday,October,2018,13048.84,13314.78,12886.44,13151.1,13112.4,0.3,319.1,42230.2,11953.78,12508.6,52.16,30.44,1.29,Banking,Bearish,No,13112.4,0.2951404777157555
2018-10-09,Tuesday,October,2018,13192.1,13217.88,13165.8,13191.58,13151.1,0.31,310.8,39491.1,11991.42,12506.35,58.62,30.47,1.02,Metal,Bearish,No,13151.1,0.30780695150975634
2018-10-10,Wednesday,October,2018,13166.12,13238.1,12636.28,12705.74,13191.58,-3.68,471.5,63450.5,12021.19,12501.33,50.26,33.18,0.2,Energy,Bearish,No,13191.58,-3.682955339693957
2018-10-11,Thursday,October,2018,12652.38,12811.52,12362.71,12520.19,12705.74,-1.46,362.2,44849.3,12050.1,12495.74,49.58,33.79,0.43,FMCG,Bearish,No,12705.74,-1.460363583703108
2018-10-12,Friday,October,2018,12478.55,12772.59,12255.62,12548.41,12520.19,0.23,334.0,41704.2,12076.73,12491.23,56.63,33.78,1.23,Energy,Bearish,No,12520.19,0.22539594047693642
2018-10-15,Monday,October,2018,12544.65,12732.26,12498.17,12685.26,12548.41,1.09,307.5,35611.9,12105.28,12485.12,63.92,33.54,1.2,Realty,Bearish,No,12548.41,1.090576415657445
2018-10-16,Tuesday,October,2018,12745.28,12815.36,12385.35,12453.83,12685.26,-1.82,378.3,46528.7,12125.39,12476.36,53.96,32.17,0.33,IT,Bearish,No,12685.26,-1.8244009188617363
2018-10-17,Wednesday,October,2018,12448.61,12595.89,12414.18,12561.15,12453.83,0.86,288.6,39537.4,12150.92,12468.16,55.62,32.23,1.47,IT,Bearish,No,12453.83,0.8617429336999117
2018-10-18,Thursday,October,2018,12583.11,12720.2,12581.27,12718.34,12561.15,1.25,345.2,42143.7,12180.46,12462.25,55.01,32.4,1.87,FMCG,Unknown,No,12561.15,1.2513981602003041
2018-10-19,Friday,October,2018,12703.68,12891.5,12588.1,12775.27,12718.34,0.45,213.2,25204.4,12215.97,12456.62,59.17,24.57,1.5,Pharma,Bearish,No,12718.34,0.44762130907021114
2018-10-22,Monday,October,2018,12782.39,12915.03,12362.45,12492.08,12775.27,-2.22,281.3,33976.9,12247.42,12450.79,48.54,24.57,0.29,Realty,Bearish,No,12775.27,-2.2167046175932135
2018-10-23,Tuesday,October,2018,12484.33,12569.24,12390.05,12474.9,12492.08,-0.14,187.3,22091.5,12273.03,12442.11,44.48,33.85,1.12,Banking,Bearish,No,12492.08,-0.1375271371941285
2018-10-24,Wednesday,October,2018,12496.24,12581.69,12265.01,12349.45,12474.9,-1.01,254.3,30055.4,12296.83,12432.15,35.82,33.25,0.69,IT,Bearish,No,12474.9,-1.005619283521302
2018-10-25,Thursday,October,2018,12307.49,12400.48,11984.21,12075.45,12349.45,-2.22,382.4,42929.3,12309.31,12418.14,26.09,34.67,0.2,IT,Bearish,No,12349.45,-2.2187222912761295
2018-10-26,Friday,October,2018,12078.17,12147.32,11691.97,12075.45,12075.45,-2.62,453.4,52672.7,12316.51,12404.22,21.55,38.18,0.51,Pharma,Bearish,No,12075.45,0.0
2018-10-29,Monday,October,2018,11764.72,11856.79,11631.93,11723.68,11759.3,-0.3,198.9,23307.1,12322.9,12389.88,19.93,36.56,1.29,Metal,Bearish,No,12075.45,-2.9131005469775486
2018-10-30,Tuesday,October,2018,11737.6,11969.82,11578.58,11809.83,11723.68,0.73,408.2,51453.5,12327.32,12376.15,28.05,36.61,0.74,Banking,Bearish,No,11723.68,0.7348375254186368
2018-10-31,Wednesday,October,2018,11762.15,11817.32,11699.41,11754.54,11809.83,-0.47,230.2,27269.1,12328.25,12362.49,29.97,35.81,0.73,Pharma,Bearish,No,11809.83,-0.4681693131907831
2018-11-01,Thursday,November,2018,11737.76,11867.98,11657.15,11787.03,11754.54,0.28,235.0,26196.9,12329.75,12350.38,30.12,35.28,1.55,Metal,Bearish,No,11754.54,0.2764038405586249
2018-11-02,Friday,November,2018,11808.28,11896.72,11489.78,11576.48,11787.03,-1.79,328.1,39774.4,12325.02,12336.09,22.13,34.18,0.47,Banking,Bearish,No,11787.03,-1.786285434074581
2018-11-05,Monday,November,2018,11584.32,11933.54,11517.94,11865.55,11576.48,2.5,304.0,34608.6,12325.0,12324.3,35.63,32.75,1.53,Auto,Bearish,No,11576.48,2.497045734109157
2018-11-06,Tuesday,November,2018,11927.27,12081.52,11828.61,11982.41,11865.55,0.98,238.8,30081.3,12325.95,12312.7,35.93,24.57,1.69,Banking,Bearish,No,11865.55,0.9848679580803299
2018-11-07,Wednesday,November,2018,11963.38,11987.3,11866.21,11889.99,11982.41,-0.77,240.6,27961.7,12324.39,12298.73,29.2,31.14,0.78,FMCG,Bearish,No,11982.41,-0.7712972599001375
2018-11-08,Thursday,November,2018,11819.11,12191.07,11697.47,12066.88,11889.99,1.49,222.8,26958.5,12328.27,12288.75,33.22,31.53,1.89,Banking,Bearish,No,11889.99,1.487722024997493
2018-11-09,Friday,November,2018,12050.0,12099.54,11874.96,11923.98,12066.88,-1.18,267.3,27529.3,12330.81,12276.86,35.59,30.51,0.63,Pharma,Bearish,No,12066.88,-1.1842332069267254
2018-11-12,Monday,November,2018,11828.76,12022.32,11773.91,11966.82,11923.98,0.36,233.3,30462.7,12334.85,12266.4,37.28,30.59,0.47,FMCG,Bearish,No,11923.98,0.35927601354581395
2018-11-13,Tuesday,November,2018,11992.03,12079.93,11828.88,11916.23,11966.82,-0.42,216.8,39537.4,12339.0,12258.81,38.73,31.52,1.4,Auto,Bearish,No,11966.82,-0.42275224328602046
2018-11-14,Wednesday,November,2018,11916.12,11945.21,11851.72,11880.72,11916.23,-0.3,196.0,25328.7,12338.96,12253.8,44.22,24.57,0.57,Auto,Bearish,No,11916.23,-0.29799693359393215
2018-11-15,Thursday,November,2018,11894.92,12108.9,11736.42,11949.67,11880.72,0.58,310.4,37551.6,12341.54,12249.15,56.63,30.13,1.06,Pharma,Bearish,No,11880.72,0.5803520325367547
2018-11-16,Friday,November,2018,11969.66,12215.63,11913.35,12158.43,11949.67,1.75,200.8,26824.7,12346.42,12245.94,63.51,29.36,1.94,Metal,Bearish,No,11949.67,1.7469938500393751
2018-11-19,Monday,November,2018,12196.36,12422.37,11810.47,12033.46,12158.43,-1.03,307.0,37483.1,12351.39,12243.29,56.78,29.78,1.34,IT,Bearish,No,12158.43,-1.0278465229474625
2018-11-20,Tuesday,November,2018,11939.92,12159.41,11814.3,12032.82,12033.46,-0.01,229.3,28454.2,12354.38,12240.09,58.73,29.8,0.98,Auto,Bearish,No,12033.46,-0.005318503572533734
2018-11-21,Wednesday,November,2018,11959.11,12164.26,11890.62,12032.82,12032.82,0.52,262.7,33359.5,12350.77,12236.21,59.49,29.62,1.28,Auto,Bearish,No,12032.82,0.0
2018-11-22,Thursday,November,2018,12067.58,12191.14,11985.83,12109.11,12094.99,0.12,152.2,19616.2,12341.82,12236.15,68.67,29.18,0.68,IT,Bearish,No,12032.82,0.634015966332089
2018-11-23,Friday,November,2018,12098.07,12474.98,11994.09,12368.68,12109.11,2.14,291.6,39537.4,12331.86,12237.34,68.01,29.44,1.63,FMCG,Bearish,No,12109.11,2.143592716558027
2018-11-26,Monday,November,2018,12376.09,12559.19,12092.66,12274.26,12368.68,-0.76,267.3,35849.8,12316.58,12236.95,60.61,29.7,1.08,Banking,Bearish,No,12368.68,-0.7633797624322084
2018-11-27,Tuesday,November,2018,12278.86,12423.76,12063.13,12207.19,12274.26,-0.55,215.0,26848.5,12299.69,12235.85,61.75,29.14,0.91,FMCG,Bearish,No,12274.26,-0.546428053503834
2018-11-28,Wednesday,November,2018,12213.62,12354.09,11979.64,12119.02,12207.19,-0.72,164.2,19529.6,12285.52,12232.54,52.07,28.58,1.28,IT,Bearish,No,12207.19,-0.7222792469028505
2018-11-29,Thursday,November,2018,12062.19,12455.78,11980.44,12371.93,12119.02,2.09,306.1,40300.2,12279.1,12228.44,66.34,27.39,1.28,Metal,Bearish,No,12119.02,2.0868849131365397
2018-11-30,Friday,November,2018,12342.43,12564.48,12271.68,12492.87,12371.93,0.98,256.9,30120.1,12278.14,12227.01,68.15,27.12,0.9,IT,Bearish,No,12371.93,0.9775354370740903
2018-12-03,Monday,December,2018,12480.79,12778.77,12349.12,12645.37,12492.87,1.22,324.1,38255.2,12286.01,12226.23,73.51,27.66,1.2,Unknown,Bearish,No,12492.87,1.2206962851610559
2018-12-04,Tuesday,December,2018,12639.65,12926.84,12471.11,12756.74,12645.37,0.88,331.8,44328.4,12299.66,12225.71,76.93,28.55,1.1,Auto,Bearish,No,12645.37,0.88071760652317
2018-12-05,Wednesday,December,2018,12737.59,12832.46,12546.62,12640.77,12756.74,-0.91,274.2,35614.1,12306.92,12224.37,70.65,28.24,0.98,Energy,Bearish,No,12756.74,-0.9090880585478683
2018-12-06,Thursday,December,2018,12650.42,12731.97,12583.86,12665.33,12640.77,0.19,255.9,31228.6,12314.19,12224.06,67.02,27.03,0.94,IT,Bearish,No,12640.77,0.19429196164473753
2018-12-07,Friday,December,2018,12621.97,12987.88,12573.16,12937.85,12665.33,2.15,388.7,51648.5,12323.14,12225.28,52.29,26.64,1.36,Metal,Bearish,No,12665.33,2.151700745262859
2018-12-10,Monday,December,2018,12919.12,12935.99,12792.87,12809.6,12937.85,-0.99,258.8,34945.7,12331.93,12225.24,72.01,26.46,0.79,IT,Bearish,No,12937.85,-0.9912775306561754
2018-12-11,Tuesday,December,2018,12828.93,12908.63,12715.43,12794.92,12809.6,-0.11,258.2,31166.4,12336.65,12225.79,70.38,26.88,0.73,Pharma,Bearish,No,12809.6,-0.1146015488383735
2018-12-12,Wednesday,December,2018,12802.77,12892.16,12657.4,12746.4,12794.92,-0.38,153.9,19936.0,12337.29,12224.74,68.19,26.5,0.55,Banking,Bearish,No,12794.92,-0.3792130001594417
2018-12-13,Thursday,December,2018,12732.12,12832.96,12624.4,12725.18,12746.4,-0.17,194.6,26371.2,12333.06,12224.37,61.78,27.21,1.26,Banking,Bearish,No,12746.4,-0.166478378208744
2018-12-14,Friday,December,2018,12711.79,12841.03,12534.78,12663.52,12725.18,-0.48,347.2,43187.2,12324.09,12223.49,63.15,28.03,1.23,Pharma,Bearish,No,12725.18,-0.4845511026170149
2018-12-17,Monday,December,2018,12711.79,12722.88,12545.68,12622.99,12663.52,-0.32,297.5,38092.2,12313.52,12221.28,64.3,28.19,1.19,IT,Bearish,No,12663.52,-0.3200531921614263
2018-12-18,Tuesday,December,2018,12610.3,12801.74,12397.86,12588.97,12622.99,-0.27,283.7,32704.4,12301.47,12218.7,66.79,27.77,0.66,IT,Bearish,No,12622.99,-0.2695082543834736
2018-12-19,Wednesday,December,2018,12569.94,12775.1,12526.63,12731.24,12588.97,1.13,222.7,39537.4,12301.98,12217.75,63.94,26.61,1.2,Auto,Bearish,No,12588.97,1.1301162843346235
2018-12-20,Thursday,December,2018,12569.94,12921.1,12580.85,12783.91,12731.24,0.41,149.2,39537.4,12307.26,12215.0,61.92,25.76,1.3,Realty,Bearish,No,12731.24,0.41370675597977946
2018-12-21,Friday,December,2018,12795.25,12835.19,12638.66,12678.24,12783.91,-0.83,204.2,25662.5,12309.85,12211.08,51.4,25.29,0.95,Banking,Bearish,No,12783.91,-0.8265859193314101
2018-12-24,Monday,December,2018,12688.69,12768.11,12630.35,12709.67,12678.24,0.25,238.6,28016.0,12310.34,12207.16,47.85,24.85,1.01,IT,Neutral,No,12678.24,0.24790507199737732
2018-12-25,Tuesday,December,2018,12659.61,13029.29,12544.1,12911.49,12709.67,1.59,330.0,43974.8,12319.49,12204.83,61.47,24.91,1.89,Unknown,Neutral,No,12709.67,1.5879247848291866
2018-12-26,Wednesday,December,2018,12980.89,13138.93,12622.23,12777.8,12911.49,-1.04,367.4,47630.9,12323.83,12200.79,54.36,24.6,0.2,Pharma,Neutral,No,12911.49,-1.0354343301973707
2018-12-27,Thursday,December,2018,12756.98,12844.77,12583.53,12670.73,12777.8,-0.84,190.0,26094.1,12322.87,12197.67,38.11,23.26,0.55,Pharma,Bearish,No,12777.8,-0.8379376731518706
2018-12-28,Friday,December,2018,12688.55,12935.72,12582.75,12828.75,12670.73,1.25,247.6,30365.2,12323.94,12197.05,50.83,24.12,2.08,Auto,Neutral,No,12670.73,1.2471262508158603
2018-12-31,Monday,December,2018,12787.51,12997.06,12620.62,12829.62,12828.75,0.01,318.3,37017.0,12330.7,12196.75,51.52,23.79,1.0,Unknown,Neutral,No,12828.75,0.00678164279451077
2019-01-01,Tuesday,January,2019,12885.92,12985.23,12845.83,12944.95,12829.62,0.9,169.2,20828.5,12340.1,12198.13,58.23,22.83,1.16,Banking,Neutral,No,12829.62,0.8989354322263631
2019-01-02,Wednesday,January,2019,12965.85,13160.39,12822.19,13016.18,12944.95,0.55,260.5,33418.3,12353.43,12201.94,61.58,22.24,1.33,Energy,Neutral,No,12944.95,0.550253187536449
2019-01-03,Thursday,January,2019,13031.11,13099.44,12809.35,12876.87,13016.18,-1.07,158.6,19015.4,12369.46,12204.3,58.0,22.49,0.36,Banking,Neutral,No,13016.18,-1.070283293562316
2019-01-04,Friday,January,2019,12869.96,13069.06,12754.49,12952.84,12876.87,0.59,228.5,32437.0,12393.33,12208.6,62.04,23.17,0.5,FMCG,Neutral,No,12876.87,0.5899725632082901
2019-01-07,Monday,January,2019,12881.34,13064.81,12750.48,12933.42,12952.84,-0.15,345.5,42204.0,12417.52,12214.1,62.71,23.88,1.85,Banking,Neutral,No,12952.84,-0.14992850988663545
2019-01-08,Tuesday,January,2019,12997.94,13040.79,12786.38,12828.68,12933.42,-0.81,293.8,39031.4,12437.9,12220.25,53.7,22.61,0.47,Banking,Neutral,No,12933.42,-0.8098399340622958
2019-01-09,Wednesday,January,2019,12861.54,12926.02,12795.88,12860.36,12828.68,0.25,311.8,39730.6,12460.02,12225.24,52.95,22.68,1.15,IT,Neutral,No,12828.68,0.2469466850837365
2019-01-10,Thursday,January,2019,12847.96,12984.96,12446.95,12581.11,12860.36,-2.17,363.7,46262.2,12475.9,12229.09,46.7,25.1,0.33,Pharma,Bearish,No,12860.36,-2.1714011116329557
2019-01-11,Friday,January,2019,12599.17,12827.4,12511.49,12738.74,12581.11,1.25,313.6,43405.7,12499.14,12233.27,50.91,24.22,1.57,FMCG,Neutral,No,12581.11,1.2529101168338819
2019-01-14,Monday,January,2019,12688.65,12758.68,12623.36,12693.37,12738.74,-0.36,140.0,17882.9,12515.7,12238.08,42.42,24.6,0.64,Metal,Neutral,No,12738.74,-0.3561576733648617
2019-01-15,Tuesday,January,2019,12620.77,12775.66,12509.97,12664.48,12693.37,-0.23,355.3,43244.1,12529.34,12241.83,45.76,24.82,0.2,Auto,Neutral,No,12693.37,-0.22759913246049893
2019-01-16,Wednesday,January,2019,12665.1,12775.66,12618.46,12693.21,12664.48,0.23,329.1,39440.8,12545.41,12246.82,50.89,24.79,0.88,IT,Neutral,No,12664.48,0.22685495180220241
2019-01-17,Thursday,January,2019,12662.84,12959.99,12621.44,12917.76,12693.21,1.77,262.1,36511.8,12562.42,12252.83,53.36,24.22,1.6,FMCG,Unknown,No,12693.21,1.7690560543786884
2019-01-18,Friday,January,2019,12899.06,12919.1,12803.68,12823.6,12917.76,-0.73,348.6,49054.7,12580.42,12259.18,49.79,25.01,0.79,IT,Bearish,No,12917.76,-0.7289189456995628
2019-01-21,Monday,January,2019,12821.57,12942.59,12672.55,12793.31,12823.6,-0.24,295.7,35952.2,12596.95,12265.71,44.3,24.65,1.39,Banking,Neutral,No,12823.6,-0.23620512180667574
2019-01-22,Tuesday,January,2019,12821.57,13188.73,12644.13,13082.4,12793.31,2.26,267.3,50512.4,12620.27,12271.83,52.14,24.28,1.67,Realty,Neutral,No,12793.31,2.2596966695874654
2019-01-23,Wednesday,January,2019,13079.25,13212.17,12856.9,12988.9,13082.4,-0.71,268.8,34954.3,12642.43,12278.76,53.73,25.02,0.83,FMCG,Bearish,No,13082.4,-0.714700666544365
2019-01-24,Thursday,January,2019,12945.87,13112.71,12657.35,12822.6,12988.9,-1.28,278.8,37169.3,12659.89,12284.25,45.91,25.43,0.34,Pharma,Bearish,No,12988.9,-1.2803239689273094
2019-01-25,Friday,January,2019,12861.55,12952.03,12750.89,12841.22,12822.6,0.15,331.7,46548.9,12673.55,12288.95,47.11,25.94,0.87,Metal,Bearish,No,12822.6,0.1452123594278772
2019-01-28,Monday,January,2019,12837.35,13095.87,12738.22,12995.52,12841.22,1.2,287.5,35688.9,12692.79,12296.09,55.08,25.27,2.0,IT,Bearish,No,12841.22,1.2015992249957645
2019-01-29,Tuesday,January,2019,13016.09,13138.09,12584.14,12703.21,12995.52,-2.25,363.4,48378.8,12706.2,12302.57,45.87,27.24,0.2,Energy,Bearish,No,12995.52,-2.249313609613169
2019-01-30,Wednesday,January,2019,12635.66,12975.44,12563.39,12901.65,12703.21,1.56,396.3,50494.7,12722.33,12309.47,58.8,26.86,1.41,Energy,Bearish,No,12703.21,1.5621248487587038
2019-01-31,Thursday,January,2019,12635.66,12952.52,12687.6,12715.18,12901.65,-1.45,363.1,47577.3,12734.45,12316.32,49.36,25.13,0.84,Energy,Bearish,No,12901.65,-1.4453190095840405
2019-02-01,Friday,February,2019,12772.29,12815.63,12574.64,12617.46,12715.18,-0.77,184.6,39537.4,12739.43,12323.84,48.01,24.86,1.32,Banking,Neutral,No,12715.18,-0.7685302134928579
2019-02-04,Monday,February,2019,12621.91,12720.88,12393.45,12617.46,12617.46,-1.0,235.4,30629.9,12743.77,12331.0,45.67,24.56,0.91,Realty,Neutral,No,12617.46,0.0
2019-02-05,Tuesday,February,2019,12510.96,12927.69,12360.84,12774.41,12491.39,2.27,281.4,34778.9,12755.11,12337.9,51.8,24.56,2.0,IT,Neutral,No,12617.46,1.2439112150940104
2019-02-06,Wednesday,February,2019,12765.29,13057.75,12583.14,12874.05,12774.41,0.78,285.4,36657.0,12770.22,12344.65,48.97,24.13,0.88,Energy,Neutral,No,12774.41,0.779996884396222
2019-02-07,Thursday,February,2019,12888.54,12976.97,12564.09,12650.89,12874.05,-1.73,279.3,36809.4,12775.79,12349.77,46.18,23.9,0.58,Banking,Neutral,No,12874.05,-1.7334094554549646
2019-02-08,Friday,February,2019,12711.66,12821.89,12598.36,12708.56,12650.89,0.46,219.8,25378.7,12780.11,12354.35,48.15,23.76,1.06,Metal,Neutral,No,12650.89,0.455857255892669
2019-02-11,Monday,February,2019,12794.2,12992.3,12401.6,12596.64,12708.56,-0.88,250.4,30457.5,12779.13,12358.23,38.48,24.18,0.85,FMCG,Bearish,No,12708.56,-0.8806662595919607
2019-02-12,Tuesday,February,2019,12608.63,12735.56,12267.87,12392.63,12596.64,-1.62,324.6,40598.0,12771.85,12360.28,36.57,24.79,0.38,Pharma,Bearish,No,12596.64,-1.6195588664913836
2019-02-13,Wednesday,February,2019,12354.72,12735.56,12249.1,12359.67,12392.63,-0.27,217.7,24615.3,12766.23,12359.57,38.91,24.58,0.74,Metal,Bearish,No,12392.63,-0.26596452891758354
2019-02-14,Thursday,February,2019,12382.78,12492.25,12097.85,12205.76,12359.67,-1.25,341.1,43325.5,12757.04,12358.02,35.7,24.37,0.2,IT,Bearish,No,12359.67,-1.2452597844440818
2019-02-15,Friday,February,2019,12160.44,12312.65,12034.85,12186.79,12205.76,-0.16,162.3,21018.5,12742.02,12356.96,30.62,23.66,0.92,IT,Bearish,No,12205.76,-0.15541842539915043
2019-02-18,Monday,February,2019,12163.96,12213.87,12126.02,12175.9,12186.79,-0.09,135.7,15410.1,12729.34,12355.41,35.39,22.62,1.02,IT,Bearish,No,12186.79,-0.08935905189144341
2019-02-19,Tuesday,February,2019,12157.26,12291.5,11887.47,12020.2,12175.9,-1.28,245.6,30900.1,12713.85,12352.46,24.99,22.89,0.2,IT,Bearish,No,12175.9,-1.2787555745365755
2019-02-20,Wednesday,February,2019,12093.81,12226.67,11975.82,12108.53,12020.2,0.73,195.5,24364.4,12701.09,12349.74,31.77,23.65,1.06,FMCG,Bearish,No,12020.2,0.7348463419909812
2019-02-21,Thursday,February,2019,12160.43,12315.48,12010.21,12165.2,12108.53,0.47,246.6,29464.7,12689.89,12347.19,36.07,24.57,1.08,Auto,Bearish,No,12108.53,0.46801717466942777
2019-02-22,Friday,February,2019,12209.78,12565.29,12087.97,12441.17,12165.2,2.27,306.9,39537.4,12685.44,12346.93,48.58,23.83,1.93,Banking,Neutral,No,12165.2,2.268520040772033
2019-02-25,Monday,February,2019,12471.8,12823.31,12321.08,12670.19,12441.17,1.84,232.5,32138.2,12686.39,12345.16,46.97,23.35,1.44,Pharma,Neutral,No,12441.17,1.840823652437837
2019-02-26,Tuesday,February,2019,12635.66,12770.04,12581.22,12715.26,12670.19,0.36,158.7,20033.9,12688.91,12342.79,45.23,24.02,1.31,FMCG,Neutral,No,12670.19,0.3557168440252254
2019-02-27,Wednesday,February,2019,12724.27,12795.71,12556.77,12627.67,12715.26,-0.69,265.7,31428.9,12686.84,12340.39,49.24,23.9,0.85,Metal,Neutral,No,12715.26,-0.6888573257644762
2019-02-28,Thursday,February,2019,12724.27,12806.63,12472.52,12580.85,12627.67,-0.37,292.7,38430.9,12682.78,12339.33,45.79,23.05,1.14,Metal,Neutral,No,12627.67,-0.3707730721502835
2019-03-01,Friday,March,2019,12597.74,12660.67,12472.52,12511.55,12580.85,-0.55,205.4,26253.3,12679.45,12339.0,47.12,22.33,0.66,Pharma,Neutral,No,12580.85,-0.5508371850868669
2019-03-04,Monday,March,2019,12550.22,12693.57,12308.36,12450.57,12511.55,-0.49,239.2,31665.2,12674.27,12338.57,52.17,22.0,0.75,Unknown,Neutral,No,12511.55,-0.487389651961584
2019-03-05,Tuesday,March,2019,12390.44,12419.41,12210.03,12238.64,12450.57,-1.7,268.1,36067.4,12660.81,12336.37,46.0,22.75,0.6,Metal,Neutral,No,12450.57,-1.7021710652604685
2019-03-06,Wednesday,March,2019,12265.14,12397.74,12174.85,12307.14,12238.64,0.56,238.7,26703.0,12651.4,12334.09,53.56,23.54,0.88,Auto,Neutral,No,12238.64,0.5597027120660466
2019-03-07,Thursday,March,2019,12268.21,12409.15,12197.86,12338.4,12307.14,0.25,338.4,39537.4,12644.75,12332.31,55.27,24.11,1.06,Realty,Neutral,No,12307.14,0.25399889820055854
2019-03-08,Friday,March,2019,12330.22,12392.24,12231.89,12293.73,12338.4,-0.36,388.1,52379.4,12634.05,12331.93,54.0,23.96,1.18,Realty,Neutral,No,12338.4,-0.36204045905465926
2019-03-11,Monday,March,2019,12346.18,12451.84,12315.12,12420.59,12293.73,1.03,244.3,30575.5,12625.87,12332.09,63.87,24.11,1.14,Banking,Neutral,No,12293.73,1.0319081352852275
2019-03-12,Tuesday,March,2019,12433.53,12703.59,12331.98,12600.68,12420.59,1.45,260.8,34280.3,12618.98,12331.91,66.03,22.64,1.58,Auto,Neutral,No,12420.59,1.4499311224346036
2019-03-13,Wednesday,March,2019,12631.49,12728.34,12520.01,12616.75,12600.68,0.13,252.3,31457.1,12610.99,12331.35,65.11,22.9,1.04,Banking,Neutral,No,12600.68,0.1275327998171504
2019-03-14,Thursday,March,2019,12609.75,12806.68,12310.73,12506.04,12616.75,-0.88,271.5,32981.3,12603.58,12331.04,52.44,23.1,1.15,Pharma,Neutral,No,12616.75,-0.8774842966691035
2019-03-15,Friday,March,2019,12433.78,12902.87,12210.57,12675.33,12506.04,1.35,327.7,43169.1,12598.03,12331.73,50.2,23.08,1.47,Energy,Neutral,No,12506.04,1.3536659086329408
2019-03-18,Monday,March,2019,12639.76,12686.88,12544.81,12591.75,12675.33,-0.66,245.7,33958.0,12591.19,12331.63,45.28,22.82,0.94,Unknown,Neutral,No,12675.33,-0.659391116444305
2019-03-19,Tuesday,March,2019,12617.45,12622.34,12447.25,12452.08,12591.75,-1.11,265.2,30326.0,12583.66,12331.36,43.54,22.68,0.58,Pharma,Neutral,No,12591.75,-1.1092183374034592
2019-03-20,Wednesday,March,2019,12464.58,12622.34,12187.35,12226.44,12452.08,-1.81,338.8,40778.0,12570.98,12332.19,38.48,22.4,0.24,FMCG,Bearish,No,12452.08,-1.8120667390508205
2019-03-21,Thursday,March,2019,12287.42,12382.68,12190.35,12285.59,12226.44,0.48,258.6,34570.3,12565.07,12332.56,42.61,21.69,1.23,Banking,Neutral,No,12226.44,0.48378759475366206
2019-03-22,Friday,March,2019,12290.26,12528.89,12136.62,12374.2,12285.59,0.72,226.9,25902.8,12557.78,12333.08,47.55,21.4,1.07,Banking,Neutral,No,12285.59,0.7212514824277921
2019-03-25,Monday,March,2019,12341.06,12573.74,12266.1,12497.83,12374.2,1.0,276.9,35651.1,12553.87,12331.5,58.83,22.11,1.64,FMCG,Neutral,No,12374.2,0.9990948909828448
2019-03-26,Tuesday,March,2019,12496.86,12625.74,12359.42,12497.83,12497.83,-0.08,231.4,28494.1,12550.35,12331.07,56.43,22.39,1.33,Energy,Neutral,No,12497.83,0.0
2019-03-27,Wednesday,March,2019,12525.59,12585.76,12389.32,12449.12,12488.21,-0.31,70.1,8512.0,12545.46,12329.7,53.91,22.69,0.92,Energy,Neutral,No,12497.83,-0.3897476601938027
2019-03-28,Thursday,March,2019,12383.5,12573.38,12308.56,12497.75,12449.12,0.39,267.3,27780.7,12537.06,12328.38,57.18,21.89,1.0,Unknown,Neutral,No,12449.12,0.39063002043517286
2019-03-29,Friday,March,2019,12510.71,12619.14,12252.08,12359.2,12497.75,-1.11,330.2,38168.3,12527.78,12325.94,47.86,22.72,0.7,Energy,Neutral,No,12497.75,-1.1085995479186195
2019-04-01,Monday,April,2019,12312.46,12410.41,12184.6,12282.31,12359.2,-0.62,225.0,27725.2,12517.56,12322.02,38.02,21.97,0.41,Banking,Bearish,No,12359.2,-0.6221276458023273
2019-04-02,Tuesday,April,2019,12288.31,12489.95,12191.78,12392.6,12282.31,0.9,219.9,26583.3,12503.76,12320.78,42.13,21.71,1.07,Banking,Neutral,No,12282.31,0.8979581202558873
2019-04-03,Wednesday,April,2019,12419.61,12465.22,12343.16,12388.66,12392.6,-0.03,177.2,21915.6,12491.76,12319.54,45.54,20.57,0.66,FMCG,Neutral,No,12392.6,-0.031793166889922286
2019-04-04,Thursday,April,2019,12409.17,12569.29,11957.83,12114.15,12388.66,-2.22,353.0,40162.4,12477.59,12316.08,30.27,22.58,0.2,Banking,Bearish,No,12388.66,-2.215816722712547
2019-04-05,Friday,April,2019,12162.86,12320.97,12006.28,12164.37,12114.15,0.41,181.4,21405.1,12464.05,12312.76,34.61,21.84,0.95,Banking,Bearish,No,12114.15,0.41455653099888284
2019-04-08,Monday,April,2019,12173.52,12331.05,11958.35,12115.12,12164.37,-0.4,254.6,39537.4,12446.44,12308.75,37.02,23.12,0.48,IT,Bearish,No,12164.37,-0.40487094687188896
2019-04-09,Tuesday,April,2019,12133.79,12197.99,11980.63,12044.36,12115.12,-0.58,258.9,30360.1,12433.26,12305.2,42.04,22.68,0.73,Banking,Neutral,No,12115.12,-0.5840635503404029
2019-04-10,Wednesday,April,2019,12064.18,12166.45,11918.23,12020.13,12044.36,-0.2,150.0,17715.4,12415.63,12301.9,38.02,22.52,0.88,Auto,Bearish,No,12044.36,-0.20117299715386605
2019-04-11,Thursday,April,2019,11985.16,12055.88,11694.89,11764.31,12020.13,-2.13,385.5,40996.6,12396.62,12297.38,26.09,24.67,0.46,IT,Bearish,No,12020.13,-2.1282631718625313
2019-04-12,Friday,April,2019,11759.81,11920.55,11711.58,11871.86,11764.31,0.91,340.4,39448.6,12381.7,12293.16,25.15,24.24,1.34,IT,Bearish,No,11764.31,0.9142057630239351
2019-04-15,Monday,April,2019,11784.28,12061.27,11676.57,11952.03,11871.86,0.68,268.6,33794.3,12370.92,12288.88,29.84,23.7,1.65,Banking,Bearish,No,11871.86,0.675294351516949
2019-04-16,Tuesday,April,2019,11965.54,12034.96,11959.68,12029.07,11952.03,0.64,254.3,30685.3,12356.01,12286.26,34.65,24.09,1.39,FMCG,Bearish,No,11952.03,0.6445766953396121
2019-04-17,Wednesday,April,2019,11929.77,12113.22,11793.92,11976.84,12029.07,-0.43,211.8,26163.7,12338.07,12284.11,31.01,24.1,1.56,Auto,Bearish,No,12029.07,-0.43419815496958253
2019-04-18,Thursday,April,2019,12007.35,12047.57,11793.92,11897.84,11976.84,-0.66,225.5,27133.1,12323.01,12281.39,32.42,23.32,0.44,Realty,Bearish,No,11976.84,-0.6596063736344477
2019-04-19,Friday,April,2019,11956.85,12037.53,11848.39,11928.89,11897.84,0.26,207.0,22744.5,12307.41,12279.4,36.04,22.87,1.39,IT,Bearish,No,11897.84,0.2609717394081554
2019-04-22,Monday,April,2019,11946.74,11959.6,11831.22,11843.97,11928.89,-0.71,300.4,34384.8,12292.36,12276.65,27.89,22.7,0.29,Banking,Bearish,No,11928.89,-0.7118851795934079
2019-04-23,Tuesday,April,2019,11867.18,12047.93,11486.76,11664.42,11843.97,-1.52,331.3,40145.4,12277.79,12275.03,24.43,22.89,0.81,Pharma,Bearish,No,11843.97,-1.5159612866293926
2019-04-24,Wednesday,April,2019,11706.58,12047.93,11524.15,11648.0,11664.42,-0.14,108.8,12794.5,12263.56,12272.88,29.88,22.9,1.07,IT,Bearish,No,11664.42,-0.1407699654161979
2019-04-25,Thursday,April,2019,11632.81,11740.86,11535.75,11648.0,11648.0,-0.04,132.9,16016.0,12252.32,12271.24,26.59,22.75,0.92,FMCG,Bearish,No,11648.0,0.0
2019-04-26,Friday,April,2019,11599.26,11660.13,11460.14,11520.59,11643.71,-1.06,223.7,25050.9,12239.0,12269.43,24.94,22.37,0.71,Energy,Bearish,No,11648.0,-1.0938358516483504
2019-04-29,Monday,April,2019,11517.62,11560.66,11250.03,11292.23,11520.59,-1.98,293.2,31080.5,12221.32,12267.74,22.01,21.76,0.2,Banking,Bearish,No,11520.59,-1.9821901482476207
2019-04-30,Tuesday,April,2019,11266.38,11347.48,11111.23,11292.23,11292.23,-0.89,290.7,34680.6,12204.75,12265.67,20.83,21.55,0.53,Banking,Bearish,No,11292.23,0.0
2019-05-01,Wednesday,May,2019,11194.38,11297.47,10958.84,11060.7,11191.8,-1.17,246.9,26633.3,12183.8,12264.26,22.84,23.1,0.74,Banking,Bearish,No,11292.23,-2.050347894082912
2019-05-02,Thursday,May,2019,11069.15,11147.53,10848.0,10925.36,11060.7,-1.22,307.1,34592.0,12159.0,12263.08,14.23,22.73,0.2,IT,Bearish,No,11060.7,-1.2236115254911546
2019-05-03,Friday,May,2019,10909.69,11122.78,10799.24,11011.31,10925.36,0.79,354.8,38140.2,12130.4,12263.19,14.6,22.45,1.36,Banking,Bearish,No,10925.36,0.7867017654338063
2019-05-06,Monday,May,2019,10987.73,11312.26,10818.27,11140.44,11011.31,1.17,243.0,29384.5,12099.81,12263.37,17.82,23.2,1.35,IT,Bearish,No,11011.31,1.1727033386581707
2019-05-07,Tuesday,May,2019,11068.45,11315.69,11027.41,11273.89,11140.44,1.2,224.3,27775.3,12070.98,12263.2,25.96,22.66,1.3,Energy,Bearish,No,11140.44,1.1978880546908282
2019-05-08,Wednesday,May,2019,11268.18,11391.57,11167.38,11290.57,11273.89,0.15,159.8,18579.7,12044.24,12263.56,28.31,24.57,0.9,Banking,Bearish,No,11273.89,0.147952481352934
2019-05-09,Thursday,May,2019,11275.77,11551.21,11107.03,11380.9,11290.57,0.8,197.6,22948.1,12020.24,12265.09,31.22,21.92,1.34,Banking,Bearish,No,11290.57,0.8000481818012726
2019-05-10,Friday,May,2019,11368.41,11778.4,11291.59,11699.35,11380.9,2.8,389.4,48662.7,12004.0,12267.51,45.73,21.86,2.24,Auto,Neutral,No,11380.9,2.7981091126360895
2019-05-13,Monday,May,2019,11725.03,11849.59,11637.75,11762.04,11699.35,0.54,292.2,34480.3,11990.23,12270.03,53.1,22.92,1.85,Auto,Neutral,No,11699.35,0.5358417347972367
2019-05-14,Tuesday,May,2019,11831.39,11947.87,11613.67,11729.14,11762.04,-0.28,271.6,34210.6,11980.04,12271.43,52.55,22.52,1.24,FMCG,Unknown,No,11762.04,-0.27971338305261206
2019-05-15,Wednesday,May,2019,11716.58,11947.87,11491.84,11616.18,11729.14,-0.96,205.7,23478.4,11966.22,12273.09,49.19,22.65,0.93,FMCG,Neutral,No,11729.14,-0.9630714613347537
2019-05-16,Thursday,May,2019,11629.63,11981.09,11487.76,11836.69,11616.18,1.9,290.1,39537.4,11956.18,12276.07,58.79,22.81,1.4,Energy,Neutral,No,11616.18,1.8983004739940343
2019-05-17,Friday,May,2019,11845.71,11988.56,11745.77,11888.26,11836.69,0.44,218.9,28243.7,11948.07,12280.51,68.38,22.81,0.97,Auto,Unknown,No,11836.69,0.4356792312715777
2019-05-20,Monday,May,2019,11928.73,12095.86,11871.23,12037.83,11888.26,1.26,385.1,48411.6,11940.42,12286.1,75.32,22.96,1.42,FMCG,Neutral,No,11888.26,1.2581319722146025
2019-05-21,Tuesday,May,2019,12004.9,12153.65,11881.93,12030.42,12037.83,-0.06,240.8,29031.6,11929.01,12290.28,81.34,22.75,1.11,Banking,Neutral,No,12037.83,-0.06155594488375276
2019-05-22,Wednesday,May,2019,11996.45,12046.02,11813.35,11862.37,12030.42,-1.4,297.5,38430.7,11913.92,12293.8,79.66,22.38,0.4,Realty,Neutral,No,12030.42,-1.39687558705348
2019-05-23,Thursday,May,2019,11833.02,11943.4,11708.57,11818.81,11862.37,-0.37,255.1,32482.0,11900.18,12295.63,76.26,22.31,1.23,IT,Neutral,No,11862.37,-0.3672116111704601
2019-05-24,Friday,May,2019,11738.41,12025.21,11640.88,11926.12,11818.81,0.91,239.2,26293.2,11885.2,12298.27,75.92,21.72,1.1,Metal,Neutral,No,11818.81,0.9079594307718063
2019-05-27,Monday,May,2019,11924.47,12096.94,11826.56,11998.42,11926.12,0.61,274.3,33730.5,11873.33,12301.24,74.91,22.45,0.83,IT,Neutral,No,11926.12,0.6062323706284967
2019-05-28,Tuesday,May,2019,11924.47,12052.28,11799.92,11891.13,11998.42,-0.89,236.4,28324.9,11862.11,12302.75,69.44,21.56,1.01,Pharma,Neutral,No,11998.42,-0.894201069807532
2019-05-29,Wednesday,May,2019,11900.09,12042.98,11723.27,11865.75,11891.13,-0.21,316.4,39619.2,11854.9,12303.54,66.38,24.57,1.0,FMCG,Neutral,No,11891.13,-0.2134364017549148
2019-05-30,Thursday,May,2019,11780.59,12014.94,11657.22,11890.42,11865.75,0.21,178.1,20333.0,11846.99,12304.43,58.05,20.84,0.98,IT,Neutral,No,11865.75,0.20790931883783217
2019-05-31,Friday,May,2019,11888.39,12016.53,11749.35,11877.37,11890.42,-0.11,236.8,25358.7,11837.06,12304.75,55.07,20.94,0.55,Auto,Neutral,No,11890.42,-0.10975222069530995
2019-06-03,Monday,June,2019,11868.24,11941.18,11738.62,11811.2,11877.37,-0.56,288.2,31898.1,11823.32,12304.48,53.51,21.42,1.11,Auto,Neutral,No,11877.37,-0.5571098652311081
2019-06-04,Tuesday,June,2019,11791.89,11941.18,11759.04,11775.9,11811.2,-0.3,230.2,25541.0,11809.08,12303.68,57.31,21.51,1.61,IT,Neutral,No,11811.2,-0.2988688702248805
2019-06-05,Wednesday,June,2019,11811.16,11886.89,11714.49,11790.08,11775.9,0.12,233.6,26392.7,11795.9,12302.79,47.37,20.77,1.19,Unknown,Neutral,No,11775.9,0.12041542472337818
2019-06-06,Thursday,June,2019,11761.62,11999.2,11647.03,11883.42,11790.08,0.79,247.2,39537.4,11783.61,12302.84,49.74,20.44,1.07,Banking,Neutral,No,11790.08,0.7916824991857575
2019-06-07,Friday,June,2019,11894.25,11990.95,11795.99,11892.67,11883.42,0.08,169.1,20941.3,11774.28,12303.32,40.78,24.57,1.1,Banking,Neutral,No,11883.42,0.07783954450823079
2019-06-10,Monday,June,2019,11870.13,11986.12,11795.72,11911.45,11892.67,0.16,331.9,36167.7,11766.86,12304.05,42.55,20.83,1.22,IT,Neutral,No,11892.67,0.15791239477762903
2019-06-11,Tuesday,June,2019,11970.73,12290.93,11864.36,12182.68,11911.45,2.28,309.8,37640.4,11762.66,12306.42,67.76,20.11,1.91,Realty,Neutral,No,11911.45,2.277052751764055
2019-06-12,Wednesday,June,2019,12177.67,12264.23,12093.26,12179.81,12182.68,-0.02,142.8,17388.1,11758.49,12307.91,70.96,19.68,0.75,Auto,Bullish,No,12182.68,-0.023558034849481397
2019-06-13,Thursday,June,2019,12204.5,12345.07,12104.48,12244.72,12179.81,0.53,203.1,25445.3,11761.1,12310.03,69.46,18.53,1.03,Pharma,Bullish,No,12179.81,0.5329311376778444
2019-06-14,Friday,June,2019,12267.12,12267.79,12266.57,12267.24,12244.72,0.18,308.9,36457.7,11763.16,12311.79,67.48,18.48,0.84,Pharma,Bullish,No,12244.72,0.18391600624596102
2019-06-17,Monday,June,2019,12309.4,12445.65,12086.28,12221.56,12267.24,-0.37,375.3,43663.9,11765.28,12313.98,73.36,18.33,0.99,Realty,Bullish,No,12267.24,-0.3723738999155498
2019-06-18,Tuesday,June,2019,12226.92,12399.28,12099.13,12271.03,12221.56,0.4,262.5,32107.6,11769.82,12315.91,77.71,17.8,1.11,Auto,Bullish,No,12221.56,0.404776476980035
2019-06-19,Wednesday,June,2019,12222.53,12594.24,12021.48,12390.43,12271.03,0.97,315.6,40352.5,11777.22,12316.49,80.26,18.19,1.67,Auto,Bullish,No,12271.03,0.9730234544288427
2019-06-20,Thursday,June,2019,12406.9,12470.82,12327.43,12391.27,12390.43,0.01,331.1,37290.6,11789.76,12315.66,52.29,18.25,1.08,IT,Bullish,No,12390.43,0.0067794257342170166
2019-06-21,Friday,June,2019,12401.57,12511.87,12327.43,12437.4,12391.27,0.37,267.3,21570.4,11801.07,12313.52,52.29,18.42,1.34,Auto,Bullish,No,12391.27,0.37227822491156437
2019-06-24,Monday,June,2019,12324.11,12500.65,12216.93,12392.87,12437.4,-0.36,261.5,34269.5,11809.89,12310.29,88.41,17.42,0.8,Energy,Bullish,No,12437.4,-0.3580330294112824
2019-06-25,Tuesday,June,2019,12330.71,12427.67,12213.62,12310.42,12392.87,-0.67,363.1,44557.8,11815.52,12306.58,79.86,17.46,0.23,Banking,Bullish,No,12392.87,-0.6653019034331895
2019-06-26,Wednesday,June,2019,12336.49,12513.14,12081.87,12257.39,12310.42,-0.43,292.0,39025.9,11821.13,12303.73,72.5,17.2,1.26,FMCG,Bullish,No,12310.42,-0.43077327987185376
2019-06-27,Thursday,June,2019,12309.62,12387.99,12061.62,12138.9,12257.39,-0.97,252.5,32903.8,11825.95,12300.96,63.09,17.16,0.71,FMCG,Bullish,No,12257.39,-0.9666821403251409
2019-06-28,Friday,June,2019,12135.89,12225.51,12006.66,12095.99,12138.9,-0.35,259.4,30397.7,11829.29,12298.74,59.57,16.4,1.01,Banking,Neutral,No,12138.9,-0.35349166728451387
2019-07-01,Monday,July,2019,12135.89,12279.91,12055.63,12209.69,12095.99,0.94,378.3,48279.5,11836.61,12298.53,51.67,16.7,1.56,IT,Neutral,No,12095.99,0.9399809358308062
2019-07-02,Tuesday,July,2019,12213.69,12398.95,12041.54,12226.62,12209.69,0.14,236.0,27552.4,11847.85,12299.29,52.85,17.21,1.12,Auto,Neutral,No,12209.69,0.1386603591082189
2019-07-03,Wednesday,July,2019,12227.96,12398.95,12061.6,12182.8,12226.62,-0.36,182.6,20801.1,11858.55,12298.81,46.13,17.69,0.32,Pharma,Neutral,No,12226.62,-0.35839831449739606
2019-07-04,Thursday,July,2019,12177.57,12670.79,12003.63,12492.35,12182.8,2.54,380.6,51169.1,11875.52,12299.77,60.36,18.18,1.74,IT,Unknown,No,12182.8,2.540877302426381
2019-07-05,Friday,July,2019,12177.57,12741.04,12129.53,12372.78,12492.35,-0.96,214.1,25696.7,11892.56,12299.18,56.51,17.19,0.54,FMCG,Neutral,No,12492.35,-0.957145773213204
2019-07-08,Monday,July,2019,12387.2,12448.5,12304.37,12365.56,12372.78,-0.06,178.9,20809.8,11914.03,12299.16,54.23,17.66,0.85,Pharma,Neutral,No,12372.78,-0.05835390267992451
2019-07-09,Tuesday,July,2019,12350.66,12502.73,12145.18,12296.59,12365.56,-0.56,220.1,29581.7,11936.13,12297.84,45.61,17.37,0.75,FMCG,Neutral,No,12365.56,-0.557758807526706
2019-07-10,Wednesday,July,2019,12342.58,12847.13,12256.51,12758.17,12296.59,3.75,399.8,46223.0,11970.08,12298.06,62.0,17.16,2.27,Realty,Bullish,No,12296.59,3.7537235932888704
2019-07-11,Thursday,July,2019,12719.89,12926.46,12653.12,12858.96,12758.17,0.79,208.5,26097.2,12008.75,12297.68,63.31,24.57,1.84,Banking,Bullish,No,12758.17,0.7900035820184168
2019-07-12,Friday,July,2019,12924.58,12952.17,12826.28,12853.72,12858.96,-0.04,246.7,28782.8,12045.6,12296.38,64.92,16.95,1.14,IT,Bullish,No,12858.96,-0.04074979625101705
2019-07-15,Monday,July,2019,12845.41,13105.84,12633.29,12892.93,12853.72,0.31,214.4,27665.1,12080.65,12295.09,69.4,17.35,1.32,Banking,Bullish,No,12853.72,0.30504787719042387
2019-07-16,Tuesday,July,2019,12890.92,13071.15,12736.12,12916.05,12892.93,0.18,278.1,35209.6,12113.49,12293.71,72.39,17.0,0.92,Auto,Bullish,No,12892.93,0.17932308637368682
2019-07-17,Wednesday,July,2019,12891.73,12983.24,12728.56,12819.56,12916.05,-0.75,260.1,34815.3,12144.07,12294.28,73.49,16.59,1.2,Banking,Unknown,No,12916.05,-0.7470550206913088
2019-07-18,Thursday,July,2019,12835.31,12969.92,12552.79,12685.84,12819.56,-1.04,263.5,36462.6,12170.17,12295.11,69.15,17.19,0.69,Energy,Bullish,No,12819.56,-1.0430935227106026
2019-07-19,Friday,July,2019,12671.51,12947.92,12661.83,12938.03,12685.84,1.99,267.3,40343.8,12194.94,12297.06,71.7,17.24,1.66,Metal,Unknown,No,12685.84,1.9879645336848055
2019-07-22,Monday,July,2019,12919.58,13018.06,12710.11,12807.74,12938.03,-1.01,358.5,43945.0,12215.85,12297.67,66.22,17.79,0.2,Banking,Bullish,No,12938.03,-1.0070312095427267
2019-07-23,Tuesday,July,2019,12831.29,12894.83,12675.72,12738.81,12807.74,-0.54,300.0,41061.1,12236.05,12299.1,65.3,17.41,1.03,Unknown,Bullish,No,12807.74,-0.5381901881206231
2019-07-24,Wednesday,July,2019,12783.19,12959.37,12539.14,12714.37,12738.81,-0.19,143.9,18678.5,12258.01,12299.86,57.25,17.42,1.22,Auto,Neutral,No,12738.81,-0.1918546551836372
2019-07-25,Thursday,July,2019,12674.62,12855.36,12496.53,12677.23,12714.37,-0.29,204.7,26227.9,12274.82,12299.66,60.5,17.24,1.17,Banking,Bullish,No,12714.37,-0.2921104230882162
2019-07-26,Friday,July,2019,12708.63,12855.56,12541.91,12688.61,12677.23,0.09,230.3,27401.8,12290.83,12299.22,61.11,24.57,0.61,Pharma,Bullish,No,12677.23,0.08976724410617319
2019-07-29,Monday,July,2019,12736.11,12886.26,12340.05,12487.27,12688.61,-1.59,170.0,19277.9,12299.82,12299.2,56.01,16.94,0.75,Banking,Neutral,No,12688.61,-1.5867774326738717
2019-07-30,Tuesday,July,2019,12421.15,12608.66,12354.07,12540.93,12487.27,0.43,267.1,33238.3,12310.03,12299.53,40.78,16.71,1.05,Pharma,Neutral,No,12487.27,0.429717624428717
2019-07-31,Wednesday,July,2019,12509.1,12683.87,12373.15,12547.51,12540.93,0.05,171.7,21664.9,12323.73,12300.52,35.63,16.66,0.64,Metal,Unknown,No,12540.93,0.052468198132035876
2019-08-01,Thursday,August,2019,12593.58,12719.07,12562.32,12687.57,12547.51,1.12,231.1,27134.2,12341.11,12303.58,43.18,15.74,2.02,Realty,Neutral,No,12547.51,1.11623740487156
2019-08-02,Friday,August,2019,12593.58,12740.28,12677.09,12715.57,12687.57,0.22,188.9,21903.1,12356.9,12308.36,42.65,15.98,1.53,Banking,Neutral,No,12687.57,0.22068843758103404
2019-08-05,Monday,August,2019,12780.77,12877.62,12526.08,12621.73,12715.57,-0.74,332.7,39608.0,12369.36,12312.85,38.49,16.03,0.95,Banking,Bearish,No,12715.57,-0.7379928701583975
2019-08-06,Tuesday,August,2019,12615.02,12742.69,12374.11,12500.63,12621.73,-0.96,267.3,34795.4,12381.55,12316.31,37.76,15.68,0.84,Realty,Bearish,No,12621.73,-0.9594564295068931
2019-08-07,Wednesday,August,2019,12480.9,12610.61,12374.11,12451.47,12500.63,-0.39,212.7,24133.2,12393.27,12319.79,40.38,24.57,1.34,Energy,Neutral,No,12500.63,-0.39326017968694266
2019-08-08,Thursday,August,2019,12502.32,12647.06,12465.16,12609.59,12451.47,1.27,249.0,39537.4,12407.65,12323.9,35.39,15.61,1.28,Energy,Bearish,No,12451.47,1.2698902217971118
2019-08-09,Friday,August,2019,12577.98,12600.54,12426.11,12448.44,12609.59,-1.28,294.6,38948.6,12419.07,12328.26,52.29,15.12,1.32,Energy,Bearish,No,12609.59,-1.2779955573496018
2019-08-12,Monday,August,2019,12439.33,12516.38,12357.53,12434.55,12448.44,-0.11,321.3,41262.5,12431.54,12331.11,36.17,14.56,0.98,Pharma,Bearish,No,12448.44,-0.11158024619953373
2019-08-13,Tuesday,August,2019,12455.42,12511.4,12328.79,12384.45,12434.55,-0.4,224.8,28839.2,12443.71,12333.12,35.34,14.87,1.17,Auto,Bearish,No,12434.55,-0.40290963484805276
2019-08-14,Wednesday,August,2019,12408.91,12577.79,12279.26,12447.74,12384.45,0.51,133.6,15840.0,12456.86,12335.91,40.04,15.08,1.33,Energy,Neutral,No,12384.45,0.5110440915825818
2019-08-15,Thursday,August,2019,12417.95,12466.98,12306.51,12355.3,12447.74,-0.74,267.5,29818.8,12466.3,12337.35,36.48,15.81,0.45,Banking,Bearish,No,12447.74,-0.7426247656201086
2019-08-16,Friday,August,2019,12364.96,12647.86,12169.88,12451.41,12355.3,0.78,275.0,33903.4,12477.47,12339.99,48.41,15.49,1.27,Energy,Neutral,No,12355.3,0.7778847943797447
2019-08-19,Monday,August,2019,12440.54,12558.1,12125.82,12241.5,12451.41,-1.69,327.9,39153.4,12484.08,12341.36,38.34,15.75,0.88,Auto,Bearish,No,12451.41,-1.6858331707011485
2019-08-20,Tuesday,August,2019,12179.7,12416.56,12089.42,12325.2,12241.5,0.68,251.7,39537.4,12486.93,12343.41,41.83,15.39,0.99,Metal,Neutral,No,12241.5,0.6837397377772391
2019-08-21,Wednesday,August,2019,12308.15,12350.13,12196.86,12238.6,12325.2,-0.7,263.6,39537.4,12488.1,12345.19,32.83,24.57,1.17,Realty,Bearish,No,12325.2,-0.7026255152046244
2019-08-22,Thursday,August,2019,12178.6,12211.67,12057.74,12090.57,12238.6,-1.21,222.4,28376.0,12485.02,12345.9,28.11,17.03,0.8,IT,Bearish,No,12238.6,-1.2095337702024795
2019-08-23,Friday,August,2019,12178.6,12147.69,11872.18,11952.46,12090.57,-1.14,343.2,40080.8,12478.72,12344.87,27.26,17.44,0.23,Energy,Bearish,No,12090.57,-1.142295193692279
2019-08-26,Monday,August,2019,11909.37,12111.08,11841.67,12042.62,11952.46,0.75,226.0,29010.5,12475.14,12344.92,34.11,17.33,1.25,Realty,Bearish,No,11952.46,0.7543217044859526
2019-08-27,Tuesday,August,2019,12070.58,12126.66,12057.63,12113.67,12042.62,0.59,233.9,28305.0,12472.0,12345.32,38.45,17.44,1.18,IT,Bearish,No,12042.62,0.5899878930000222
2019-08-28,Wednesday,August,2019,12124.59,12322.86,11961.07,12158.88,12113.67,0.37,262.2,33924.1,12467.37,12345.64,33.3,24.57,0.82,Metal,Bearish,No,12113.67,0.3732147235313421
2019-08-29,Thursday,August,2019,12215.0,12336.47,12171.28,12292.47,12158.88,1.1,287.1,35057.7,12465.39,12346.56,44.1,17.03,1.46,Auto,Neutral,No,12158.88,1.0987031700288197
2019-08-30,Friday,August,2019,12258.48,12389.79,12143.12,12274.28,12292.47,-0.15,267.3,38747.4,12462.13,12346.08,43.96,16.65,0.54,IT,Neutral,No,12292.47,-0.14797676951823913
2019-09-02,Monday,September,2019,12278.82,12440.81,12158.87,12320.45,12274.28,0.38,317.3,42718.3,12460.68,12346.31,47.58,15.5,1.39,Energy,Neutral,No,12274.28,0.3761524097543813
2019-09-03,Tuesday,September,2019,12279.68,12373.02,12260.96,12354.18,12320.45,0.27,204.1,24553.5,12461.55,12347.05,46.38,16.32,0.82,Metal,Neutral,No,12320.45,0.2737724677264188
2019-09-04,Wednesday,September,2019,12330.77,12506.59,12251.1,12426.3,12354.18,0.58,367.7,48481.4,12464.93,12348.59,52.79,17.07,1.1,IT,Neutral,No,12354.18,0.5837700276343633
2019-09-05,Thursday,September,2019,12411.41,12570.31,12382.1,12540.7,12426.3,0.92,322.6,36953.0,12472.97,12349.43,53.46,17.34,1.31,Energy,Neutral,No,12426.3,0.9206280228225736
2019-09-06,Friday,September,2019,12614.95,12736.44,12419.84,12540.61,12540.7,0.0,227.8,26068.7,12481.86,12349.67,63.83,17.31,1.45,Banking,Bullish,No,12540.7,-0.0007176632883343474
2019-09-09,Monday,September,2019,12554.3,12727.86,12450.73,12623.71,12540.61,0.66,213.1,26568.1,12490.14,12349.56,63.81,17.84,0.84,FMCG,Bullish,No,12540.61,0.6626471918032579
2019-09-10,Tuesday,September,2019,12618.87,12972.91,12521.82,12873.9,12623.71,1.98,267.3,41024.2,12503.09,12350.15,75.53,17.79,1.51,Banking,Bullish,No,12623.71,1.9819054778666536
2019-09-11,Wednesday,September,2019,12915.57,12976.52,12572.1,12631.71,12873.9,-1.88,200.9,25928.0,12512.07,12350.1,70.22,18.1,0.42,IT,Bullish,No,12873.9,-1.8812481066343572
2019-09-12,Thursday,September,2019,12657.21,12818.26,12466.25,12626.92,12631.71,-0.04,254.5,29155.8,12514.76,12349.91,77.99,17.39,0.97,Realty,Bullish,No,12631.71,-0.037920439908761795
2019-09-13,Friday,September,2019,12624.8,12706.72,12328.5,12409.02,12626.92,-1.73,228.7,29496.1,12515.48,12347.26,63.75,17.22,0.46,Pharma,Bullish,No,12626.92,-1.725678154292572
2019-09-16,Monday,September,2019,12434.16,12460.15,12306.39,12332.17,12409.02,-0.62,267.3,32020.0,12514.81,12344.88,58.16,16.88,0.73,Energy,Neutral,No,12409.02,-0.619307568204422
2019-09-17,Tuesday,September,2019,12320.86,12399.2,12268.83,12347.06,12332.17,0.12,197.3,26579.3,12515.82,12342.64,57.19,16.62,1.12,Banking,Neutral,No,12332.17,0.1207411185541508
2019-09-18,Wednesday,September,2019,12457.65,12458.0,12374.49,12374.84,12347.06,0.22,238.9,28579.3,12508.16,12340.78,53.43,16.77,0.49,Unknown,Neutral,No,12347.06,0.22499283230178405
2019-09-19,Thursday,September,2019,12457.65,12486.98,12315.71,12382.36,12374.84,0.06,186.1,21944.1,12498.62,12339.07,54.53,17.39,1.44,IT,Neutral,No,12374.84,0.060768462460932315
2019-09-20,Friday,September,2019,12367.26,12570.09,12313.29,12515.48,12382.36,1.08,229.9,39537.4,12491.86,12338.33,57.63,17.03,1.34,Pharma,Neutral,No,12382.36,1.0750777719271525
2019-09-23,Monday,September,2019,12543.99,12679.19,12252.31,12385.81,12515.48,-1.04,316.4,42616.6,12481.72,12337.14,51.15,17.72,1.46,Banking,Neutral,No,12515.48,-1.0360769223393755
2019-09-24,Tuesday,September,2019,12406.21,12533.86,12270.81,12398.38,12385.81,0.1,187.5,23167.2,12471.36,12336.19,48.94,17.46,0.93,IT,Neutral,No,12385.81,0.10148710500160836
2019-09-25,Wednesday,September,2019,12408.91,12518.74,12197.82,12306.74,12398.38,-0.74,203.1,24668.5,12461.11,12334.06,40.95,17.38,1.06,Unknown,Neutral,No,12398.38,-0.7391288216686327
2019-09-26,Thursday,September,2019,12408.91,12579.28,12180.45,12432.72,12306.74,1.02,207.7,26163.1,12456.05,12332.31,46.2,16.62,1.12,Banking,Neutral,No,12306.74,1.0236667062113896
2019-09-27,Friday,September,2019,12402.42,12520.88,12361.66,12479.87,12432.72,0.38,290.2,39336.7,12446.88,12331.32,44.8,17.31,1.14,Auto,Neutral,No,12432.72,0.3792412279855209
2019-09-30,Monday,September,2019,12463.58,12674.73,12348.0,12558.27,12479.87,0.63,184.1,22233.5,12441.89,12330.56,36.96,17.79,0.91,IT,Bearish,No,12479.87,0.6282116720767094
2019-10-01,Tuesday,October,2019,12620.76,12649.13,12591.47,12619.84,12558.27,0.49,244.7,28909.4,12439.51,12329.1,49.42,16.95,1.07,Banking,Neutral,No,12558.27,0.4902745362219454
2019-10-02,Wednesday,October,2019,12620.76,12704.49,12364.19,12439.98,12619.84,-1.43,425.0,53879.6,12434.03,12327.41,42.24,16.79,0.3,IT,Neutral,No,12619.84,-1.4252161675583888
2019-10-03,Thursday,October,2019,12413.85,12537.48,12297.6,12421.16,12439.98,-0.15,186.3,23102.1,12428.9,12326.16,50.6,16.94,1.1,Metal,Neutral,No,12439.98,-0.15128641685918875
2019-10-04,Friday,October,2019,12415.94,12672.19,12343.02,12598.2,12421.16,1.43,243.4,27977.7,12427.1,12325.01,62.03,17.27,1.97,Metal,Bullish,No,12421.16,1.4253097134245183
2019-10-07,Monday,October,2019,12578.01,12760.81,12316.31,12497.94,12598.2,-0.8,325.3,40834.2,12427.31,12323.35,56.33,16.58,0.87,FMCG,Neutral,No,12598.2,-0.7958279754250625
2019-10-08,Tuesday,October,2019,12531.6,12614.41,12417.96,12500.56,12497.94,0.02,149.8,39537.4,12426.5,12321.13,55.39,16.37,1.87,Auto,Neutral,No,12497.94,0.020963454777339154
2019-10-09,Wednesday,October,2019,12479.53,12658.57,12339.72,12518.33,12500.56,0.14,292.2,37998.9,12425.92,12318.64,55.78,16.43,1.26,Auto,Neutral,No,12500.56,0.14215363151731153
2019-10-10,Thursday,October,2019,12519.99,12606.9,12201.1,12286.39,12518.33,-1.85,291.5,39364.4,12417.89,12315.69,41.02,16.41,0.2,IT,Neutral,No,12518.33,-1.8528030496080587
2019-10-11,Friday,October,2019,12261.97,12382.15,12157.42,12286.39,12286.39,-0.07,277.8,33571.9,12409.13,12312.31,45.31,16.23,1.7,IT,Neutral,No,12286.39,0.0
2019-10-14,Monday,October,2019,12358.78,12509.77,12277.96,12428.49,12277.46,1.23,307.1,38245.8,12405.27,12309.79,51.16,16.56,1.68,Auto,Neutral,No,12286.39,1.1565642959404705
2019-10-15,Tuesday,October,2019,12451.95,12729.18,12343.51,12619.28,12428.49,1.54,330.1,38115.5,12407.64,12308.74,61.23,16.07,1.1,Pharma,Bullish,No,12428.49,1.535102011587899
2019-10-16,Wednesday,October,2019,12641.6,12729.18,12449.87,12638.26,12619.28,0.15,200.9,27074.1,12411.38,12307.63,58.0,15.57,1.04,IT,Neutral,No,12619.28,0.15040477745164194
2019-10-17,Thursday,October,2019,12664.72,12844.21,12449.79,12628.77,12638.26,-0.08,200.2,23250.8,12411.76,12307.87,55.97,15.7,1.21,Pharma,Neutral,No,12638.26,-0.07508945060474924
2019-10-18,Friday,October,2019,12613.82,12764.88,12537.49,12688.1,12628.77,0.47,212.1,29246.5,12416.55,12307.62,55.28,15.48,1.33,Realty,Neutral,No,12628.77,0.4698003051761963
2019-10-21,Monday,October,2019,12746.01,13011.32,12655.72,12919.8,12688.1,1.83,389.4,48785.3,12426.26,12308.75,60.72,15.42,1.85,Banking,Bullish,No,12688.1,1.82612053814203
2019-10-22,Tuesday,October,2019,12917.18,13023.14,12689.36,12794.32,12919.8,-0.97,269.4,33348.3,12434.46,12309.4,63.18,15.43,0.98,Banking,Bullish,No,12919.8,-0.9712224647440328
2019-10-23,Wednesday,October,2019,12862.37,12998.3,12627.5,12762.38,12794.32,-0.25,349.4,43063.2,12440.75,12309.74,62.57,16.21,0.74,Metal,Bullish,No,12794.32,-0.24964202865021753
2019-10-24,Thursday,October,2019,12749.94,13019.25,12553.36,12821.57,12762.38,0.46,257.0,35920.3,12450.07,12309.26,59.01,16.78,1.31,Banking,Neutral,No,12762.38,0.4637849680075387
2019-10-25,Friday,October,2019,12849.09,13017.98,12611.68,12779.65,12821.57,-0.33,225.3,31557.3,12456.64,12309.04,61.93,16.9,0.95,Energy,Bullish,No,12821.57,-0.32694903978218015
2019-10-28,Monday,October,2019,12786.05,13156.76,12697.4,13066.17,12779.65,2.24,316.7,45297.2,12473.13,12310.41,69.3,17.09,1.67,Auto,Bullish,No,12779.65,2.2420019327602905
2019-10-29,Tuesday,October,2019,13076.66,13202.35,12879.84,13004.84,13066.17,-0.47,201.8,27318.6,12486.72,12310.02,66.12,17.3,1.09,Banking,Bullish,No,13066.17,-0.4693800861308243
2019-10-30,Wednesday,October,2019,12939.69,13199.38,12824.49,13082.9,13004.84,0.6,263.3,31767.7,12503.61,12310.49,79.4,18.46,1.26,Banking,Bullish,No,13004.84,0.60023806521264
2019-10-31,Thursday,October,2019,13044.31,13219.17,12971.56,13145.86,13082.9,0.48,238.6,30653.1,12524.72,12312.11,80.82,17.29,1.5,FMCG,Bullish,No,13082.9,0.48123886905809066
2019-11-01,Friday,November,2019,13205.41,13364.59,12865.71,13022.69,13145.86,-0.94,230.4,28740.0,12546.12,12313.01,71.52,16.82,0.78,Banking,Bullish,No,13145.86,-0.9369489710068423
2019-11-04,Monday,November,2019,12972.34,12999.01,12836.6,12863.05,13022.69,-1.23,278.5,37316.6,12562.53,12312.35,59.03,17.08,0.49,Metal,Neutral,No,13022.69,-1.2258604021135513
2019-11-05,Tuesday,November,2019,12897.47,13052.56,12668.93,12823.12,12863.05,-0.31,205.5,26312.8,12576.72,12312.95,52.29,17.66,0.94,FMCG,Neutral,No,12863.05,-0.31042404406418755
2019-11-06,Wednesday,November,2019,12923.14,13047.82,12746.5,12870.67,12823.12,0.37,255.7,33677.1,12590.95,12312.79,58.59,17.72,1.33,IT,Neutral,No,12823.12,0.3708145911447391
2019-11-07,Thursday,November,2019,12892.02,12902.0,12702.33,12712.17,12870.67,-1.23,325.2,37278.2,12599.35,12312.78,50.8,18.82,0.6,Banking,Neutral,No,12870.67,-1.2314821217543455
2019-11-08,Friday,November,2019,12793.28,12842.32,12720.68,12769.63,12712.17,0.45,204.9,27645.2,12609.26,12313.54,44.37,19.32,1.02,Energy,Neutral,No,12712.17,0.45200780039913824
2019-11-11,Monday,November,2019,12796.14,12799.51,12709.12,12712.47,12769.63,-0.45,215.1,29816.8,12617.1,12314.65,46.77,18.42,0.9,Pharma,Neutral,No,12769.63,-0.4476245592080574
2019-11-12,Tuesday,November,2019,12722.49,12910.62,12397.47,12583.54,12712.47,-1.01,217.0,28231.3,12621.68,12313.69,43.44,17.84,1.09,Pharma,Neutral,No,12712.47,-1.0142010167968811
2019-11-13,Wednesday,November,2019,12597.68,12648.49,12541.62,12592.41,12583.54,0.07,291.6,39304.1,12625.01,12312.28,41.27,17.16,1.22,Banking,Neutral,No,12583.54,0.07048890852652735
2019-11-14,Thursday,November,2019,12585.71,12732.22,12342.99,12488.36,12592.41,-0.83,155.2,19297.6,12623.96,12311.47,52.29,15.72,0.83,Auto,Bearish,No,12592.41,-0.8262913929898984
2019-11-15,Friday,November,2019,12480.56,12627.63,12173.86,12319.02,12488.36,-1.36,249.2,27753.2,12619.53,12309.52,20.28,15.9,0.49,Metal,Bearish,No,12488.36,-1.3559826910819366
2019-11-18,Monday,November,2019,12480.56,12442.83,12207.15,12349.99,12319.02,0.25,275.1,37307.5,12614.05,12308.29,23.31,15.66,1.15,Energy,Bearish,No,12319.02,0.2513998678466253
2019-11-19,Tuesday,November,2019,12365.67,12533.67,12299.62,12467.07,12349.99,0.95,229.1,26041.9,12605.92,12308.66,25.67,15.45,1.03,Banking,Bearish,No,12349.99,0.9480169619570535
2019-11-20,Wednesday,November,2019,12549.37,12675.5,12188.65,12312.4,12467.07,-1.24,242.7,28046.1,12599.53,12308.43,19.3,14.77,0.53,Realty,Bearish,No,12467.07,-1.2406283112230867
2019-11-21,Thursday,November,2019,12365.02,12474.6,12188.65,12289.2,12312.4,-0.19,269.8,30188.4,12592.78,12308.84,20.83,15.04,1.1,Banking,Bearish,No,12312.4,-0.18842792631817443
2019-11-22,Friday,November,2019,12296.75,12441.17,11948.68,12090.68,12289.2,-1.62,166.0,20572.1,12586.41,12308.36,20.21,15.68,0.49,Auto,Bearish,No,12289.2,-1.6154021417179347
2019-11-25,Monday,November,2019,12112.96,12153.01,11998.91,12038.72,12090.68,-0.43,243.3,29777.8,12580.54,12307.68,20.02,15.4,0.75,Realty,Bearish,No,12090.68,-0.4297525035812787
2019-11-26,Tuesday,November,2019,12035.64,12185.26,11890.13,12039.7,12038.72,0.01,187.4,21252.3,12574.39,12307.77,17.07,15.21,0.64,Energy,Bearish,No,12038.72,0.008140400308349912
2019-11-27,Wednesday,November,2019,12091.04,12449.95,11929.13,12285.44,12039.7,2.04,288.2,38640.3,12572.6,12308.66,34.18,15.39,1.64,Pharma,Bearish,No,12039.7,2.04108075782619
2019-11-28,Thursday,November,2019,12225.28,12587.18,12140.03,12500.02,12285.44,1.75,369.9,50061.3,12574.96,12310.33,41.05,15.5,1.36,Metal,Neutral,No,12285.44,1.746620389664513
2019-11-29,Friday,November,2019,12572.42,12624.92,12473.34,12525.65,12500.02,0.21,229.0,27420.6,12575.16,12310.75,43.67,16.06,1.06,Pharma,Neutral,No,12500.02,0.2050396719365185
2019-12-02,Monday,December,2019,12505.16,12824.77,12429.29,12747.43,12525.65,1.77,237.7,31263.4,12582.39,12311.14,55.23,16.12,1.67,Banking,Neutral,No,12525.65,1.7706067150207827
2019-12-03,Tuesday,December,2019,12732.74,12824.77,12545.29,12613.9,12747.43,-1.05,184.2,24885.6,12586.7,12310.63,50.64,16.32,1.08,IT,Neutral,No,12747.43,-1.0475052618449416
2019-12-04,Wednesday,December,2019,12567.63,12659.08,12384.03,12474.8,12613.9,-1.1,272.1,32992.1,12590.06,12309.87,49.61,16.19,0.91,Unknown,Neutral,No,12613.9,-1.1027517262702287
2019-12-05,Thursday,December,2019,12480.59,12543.59,12254.45,12316.62,12474.8,-1.27,201.6,23606.6,12587.74,12308.55,49.93,15.63,0.65,Auto,Neutral,No,12474.8,-1.2679962805014788
2019-12-06,Friday,December,2019,12291.46,12531.41,12170.68,12409.47,12316.62,0.75,329.8,38930.8,12586.33,12308.04,51.67,15.8,1.88,IT,Neutral,No,12316.62,0.7538594192237686
2019-12-09,Monday,December,2019,12452.78,12584.12,12274.02,12404.85,12409.47,-0.04,155.6,20539.0,12583.27,12307.81,48.13,16.05,1.11,Metal,Neutral,No,12409.47,-0.03722963188596275
2019-12-10,Tuesday,December,2019,12429.97,12511.56,12264.3,12345.33,12404.85,-0.48,243.4,29826.6,12577.78,12308.34,51.05,15.36,0.63,IT,Neutral,No,12404.85,-0.4798123314671313
2019-12-11,Wednesday,December,2019,12319.64,12321.88,12160.85,12163.06,12345.33,-1.48,178.2,22608.0,12572.24,12307.62,46.35,14.39,0.44,Pharma,Neutral,No,12345.33,-1.4764287386404449
2019-12-12,Thursday,December,2019,12131.06,12425.2,12012.51,12304.95,12163.06,1.17,163.9,20774.1,12569.91,12307.46,56.41,14.49,2.16,Metal,Neutral,No,12163.06,1.1665649926909942
2019-12-13,Friday,December,2019,12281.25,12401.48,12255.47,12375.5,12304.95,0.57,235.9,28062.4,12565.46,12307.86,59.96,15.43,0.97,Pharma,Neutral,No,12304.95,0.5733464987667505
2019-12-16,Monday,December,2019,12340.39,12645.3,12229.35,12532.53,12375.5,1.27,474.6,56006.7,12566.15,12308.42,63.34,15.22,1.33,Banking,Bullish,No,12375.5,1.2688780251303031
2019-12-17,Tuesday,December,2019,12522.02,12638.58,12418.24,12534.7,12532.53,0.02,187.1,21697.2,12566.83,12308.09,57.77,14.9,1.31,Realty,Neutral,No,12532.53,0.017314939601182463
2019-12-18,Wednesday,December,2019,12503.09,12740.67,12419.52,12656.08,12534.7,0.97,309.4,35429.2,12569.59,12308.29,55.17,14.07,1.06,Unknown,Neutral,No,12534.7,0.96835185524982
2019-12-19,Thursday,December,2019,12700.44,12890.91,12566.08,12755.96,12656.08,0.79,267.3,26823.2,12578.98,12309.54,57.27,13.73,1.57,Banking,Neutral,No,12656.08,0.7891859090650438
2019-12-20,Friday,December,2019,12736.89,13010.35,12566.08,12888.5,12755.96,1.04,332.4,40752.8,12591.2,12310.61,52.29,14.17,1.7,Banking,Neutral,No,12755.96,1.0390437097639134
2019-12-23,Monday,December,2019,12910.76,13066.2,12787.45,12942.59,12888.5,0.42,235.4,31768.4,12601.48,12312.36,61.61,14.57,1.23,Pharma,Bullish,No,12888.5,0.41967645575513174
2019-12-24,Tuesday,December,2019,12965.26,13111.56,12806.22,12952.38,12942.59,0.08,149.0,17967.1,12608.15,12314.86,68.56,13.42,1.53,Energy,Bullish,No,12942.59,0.07564173785926197
2019-12-25,Wednesday,December,2019,12880.37,13012.66,12798.6,12930.57,12952.38,-0.17,213.5,27735.9,12613.99,12318.38,76.68,12.94,0.89,IT,Bullish,No,12952.38,-0.1683860417930874
2019-12-26,Thursday,December,2019,12958.25,13039.79,12835.44,12916.72,12930.57,-0.11,118.5,14526.1,12619.75,12321.54,73.67,12.56,1.25,Realty,Bullish,No,12930.57,-0.1071105140763351
2019-12-27,Friday,December,2019,12850.58,13206.52,12692.4,13045.94,12916.72,1.0,216.2,28271.9,12626.91,12324.9,76.8,13.85,0.62,Banking,Bullish,No,12916.72,1.0004087725057227
2019-12-30,Monday,December,2019,13013.31,13150.83,12684.73,12820.21,13045.94,-1.73,330.9,44543.3,12624.92,12326.51,67.43,13.75,0.63,IT,Bullish,No,13045.94,-1.730270107021812
2019-12-31,Tuesday,December,2019,12845.88,13101.37,12767.25,13021.66,12820.21,1.57,258.1,32035.9,12629.46,12329.18,81.08,13.67,1.93,FMCG,Bullish,No,12820.21,1.5713471152188672
2020-01-01,Wednesday,January,2020,13026.54,13098.34,13026.35,13098.14,13021.66,0.59,223.1,28333.0,12636.18,12332.42,80.14,14.4,1.44,Energy,Bullish,No,13021.66,0.5873291116493562
2020-01-02,Thursday,January,2020,13084.76,13395.5,12959.56,13268.54,13098.14,1.3,340.5,47194.4,12645.12,12336.28,81.54,14.25,1.32,IT,Bullish,No,13098.14,1.3009480735432777
2020-01-03,Friday,January,2020,13197.57,13477.25,13066.34,13344.56,13268.54,0.57,218.4,29414.6,12656.42,12341.2,80.42,14.38,0.74,Banking,Bullish,No,13268.54,0.5729341736166799
2020-01-06,Monday,January,2020,13383.18,13425.34,13277.86,13319.82,13344.56,-0.19,260.0,31823.4,12661.49,12346.39,78.92,14.58,1.28,FMCG,Bullish,No,13344.56,-0.18539389833759812
2020-01-07,Tuesday,January,2020,13337.17,13398.6,13264.53,13325.91,13319.82,0.05,186.5,26136.0,12667.91,12351.06,52.29,14.8,0.77,FMCG,Bullish,No,13319.82,0.04572133857664853
2020-01-08,Wednesday,January,2020,13291.67,13438.7,13207.02,13353.65,13325.91,0.21,285.4,36414.9,12673.32,12355.88,75.54,24.57,0.86,Banking,Bullish,No,13325.91,0.20816589636279836
2020-01-09,Thursday,January,2020,13315.13,13445.74,13157.78,13288.13,13353.65,-0.49,323.2,41959.9,12676.17,12361.75,68.12,16.33,0.76,Banking,Bullish,No,13353.65,-0.4906523684535722
2020-01-10,Friday,January,2020,13329.07,13568.12,13007.09,13244.62,13288.13,-0.33,118.3,14869.9,12680.61,12367.15,63.82,15.88,1.09,IT,Bullish,No,13288.13,-0.3274350868030219
2020-01-13,Monday,January,2020,13256.56,13472.7,13091.24,13306.75,13244.62,0.47,184.2,24723.6,12689.48,12373.11,65.48,14.77,1.52,Energy,Bullish,No,13244.62,0.46909613110832316
2020-01-14,Tuesday,January,2020,13252.45,13472.7,13226.39,13281.47,13306.75,-0.19,215.4,29797.1,12698.65,12379.3,65.28,15.39,1.55,IT,Bullish,No,13306.75,-0.1899787701730374
2020-01-15,Wednesday,January,2020,13252.37,13455.05,13169.47,13371.41,13281.47,0.68,212.6,30151.6,12708.66,12386.05,68.57,14.74,1.28,Banking,Bullish,No,13281.47,0.6771840767625911
2020-01-16,Thursday,January,2020,13449.93,13552.44,13232.2,13333.83,13371.41,-0.28,285.6,41296.4,12721.1,12393.9,62.71,24.57,1.01,Banking,Bullish,No,13371.41,-0.2810473988906176
2020-01-17,Friday,January,2020,13373.92,13507.79,13220.9,13354.58,13333.83,0.16,240.9,31265.3,12732.8,12401.31,78.8,14.49,1.2,IT,Bullish,No,13333.83,0.15561920318468137
2020-01-20,Monday,January,2020,13354.6,13427.09,13291.16,13363.61,13354.58,0.07,166.6,24190.1,12745.82,12408.37,73.26,15.46,0.89,FMCG,Bullish,No,13354.58,0.06761725190908778
2020-01-21,Tuesday,January,2020,13364.51,13642.31,13226.35,13502.72,13363.61,1.04,356.6,49277.0,12764.2,12415.74,75.35,14.01,1.57,Banking,Bullish,No,13363.61,1.0409612372704589
2020-01-22,Wednesday,January,2020,13414.6,13494.39,13322.64,13402.35,13502.72,-0.74,341.4,44745.3,12780.4,12422.87,59.19,14.34,0.59,Banking,Neutral,No,13502.72,-0.743331713906524
2020-01-23,Thursday,January,2020,13454.89,13663.4,13315.88,13523.68,13402.35,0.91,185.0,26956.7,12801.11,12431.0,61.58,14.18,1.65,Unknown,Bullish,No,13402.35,0.9052889978250078
2020-01-24,Friday,January,2020,13505.37,13689.29,13393.23,13576.56,13523.68,0.39,203.1,28013.1,12826.26,12439.23,66.02,13.96,0.85,Pharma,Bullish,No,13523.68,0.39101782946652985
2020-01-27,Monday,January,2020,13543.62,13771.9,13324.46,13552.6,13576.56,-0.18,278.9,37452.6,12850.31,12447.78,63.84,14.29,1.22,FMCG,Bullish,No,13576.56,-0.17648064016215542
2020-01-28,Tuesday,January,2020,13583.09,13818.59,13324.46,13655.88,13552.6,0.76,313.5,38628.5,12874.09,12457.74,66.89,13.85,1.54,FMCG,Bullish,No,13552.6,0.7620677951094169
2020-01-29,Wednesday,January,2020,13630.07,14029.56,13449.4,13846.02,13655.88,1.39,372.9,53877.9,12904.76,12468.73,77.37,14.23,1.02,Banking,Bullish,No,13655.88,1.3923672440003958
2020-01-30,Thursday,January,2020,13770.3,13861.01,13718.39,13808.96,13846.02,-0.27,381.7,48253.3,12935.16,12479.55,52.29,13.35,1.03,Pharma,Bullish,No,13846.02,-0.2676581429176132
2020-01-31,Friday,January,2020,13825.94,13925.72,13744.76,13844.43,13808.96,0.26,257.9,34200.8,12970.23,12491.17,77.26,13.14,1.57,Banking,Bullish,No,13808.96,0.25686221120201064
2020-02-03,Monday,February,2020,13781.49,13916.25,13653.2,13787.9,13844.43,-0.41,317.1,47758.6,13005.21,12503.65,74.89,13.09,0.95,Banking,Bullish,No,13844.43,-0.40832305844300304
2020-02-04,Tuesday,February,2020,13785.47,13827.74,13653.2,13604.4,13787.9,-1.33,447.7,56706.9,13036.51,12515.71,60.49,14.17,0.6,Unknown,Bullish,No,13787.9,-1.3308770733759312
2020-02-05,Wednesday,February,2020,13617.36,13989.19,13451.48,13820.83,13604.4,1.59,297.4,39555.9,13067.22,12529.51,68.88,13.7,1.4,FMCG,Bullish,No,13604.4,1.5908823615888998
2020-02-06,Thursday,February,2020,13809.31,13926.99,13611.0,13727.99,13820.83,-0.67,206.8,30844.3,13091.77,12543.53,63.71,13.98,0.95,Energy,Bullish,No,13820.83,-0.6717396856773447
2020-02-07,Friday,February,2020,13716.73,13886.81,13520.47,13690.22,13727.99,-0.28,249.1,32995.3,13115.07,12556.92,61.74,13.68,0.82,Energy,Bullish,No,13727.99,-0.2751313192972929
2020-02-10,Monday,February,2020,13753.92,13890.49,13458.48,13593.45,13690.22,-0.71,351.2,46104.4,13131.99,12569.19,53.36,13.32,0.93,Realty,Neutral,No,13690.22,-0.7068549665381464
2020-02-11,Tuesday,February,2020,13657.28,13789.09,13545.57,13677.22,13593.45,0.62,359.4,50610.5,13153.25,12581.2,60.32,14.35,1.46,Auto,Bullish,No,13593.45,0.6162526805189161
2020-02-12,Wednesday,February,2020,13639.57,13790.65,13537.15,13687.86,13677.22,0.08,232.7,29503.3,13177.51,12593.19,56.72,14.11,1.13,Banking,Neutral,No,13677.22,0.07779358670841909
2020-02-13,Thursday,February,2020,13639.57,13730.73,13407.97,13474.33,13687.86,-1.56,289.3,42666.9,13200.67,12603.66,46.3,13.6,0.84,Auto,Neutral,No,13687.86,-1.5599954996617487
2020-02-14,Friday,February,2020,13452.51,13579.56,13389.46,13516.22,13474.33,0.31,159.0,20523.8,13222.8,12612.74,48.7,13.9,1.25,FMCG,Neutral,No,13474.33,0.31088744301200444
2020-02-17,Monday,February,2020,13514.95,13747.93,13358.79,13590.89,13516.22,0.55,252.3,36249.1,13246.52,12621.88,47.63,14.67,1.1,Banking,Neutral,No,13516.22,0.5524473558435722
2020-02-18,Tuesday,February,2020,13587.55,13732.56,13194.55,13590.89,13590.89,-1.87,244.5,31223.5,13266.36,12629.92,32.26,14.83,0.2,IT,Bearish,No,13590.89,0.0
2020-02-19,Wednesday,February,2020,13405.58,13579.0,13004.7,13175.14,13336.88,-1.21,223.1,28073.2,13286.6,12637.72,29.68,13.85,0.48,FMCG,Bearish,No,13590.89,-3.0590343973058425
2020-02-20,Thursday,February,2020,13167.81,13244.41,13024.07,13100.28,13175.14,-0.57,262.7,31368.8,13302.5,12644.04,26.73,13.24,0.78,Banking,Bearish,No,13175.14,-0.5681913057470264
2020-02-21,Friday,February,2020,13059.79,13376.22,12896.67,13211.21,13100.28,0.85,185.3,22616.5,13319.22,12650.65,32.56,14.0,1.48,Banking,Bearish,No,13100.28,0.8467757941051525
2020-02-24,Monday,February,2020,13187.9,13284.09,13070.91,13166.95,13211.21,-0.34,258.1,34133.2,13331.91,12656.3,35.55,13.7,0.35,Energy,Bearish,No,13211.21,-0.3350185183643164
2020-02-25,Tuesday,February,2020,13181.7,13363.05,13045.67,13226.56,13166.95,0.45,299.5,40222.4,13345.74,12662.28,28.11,13.72,0.64,Metal,Bearish,No,13166.95,0.45272443504379345
2020-02-26,Wednesday,February,2020,13216.36,13390.37,13004.39,13177.89,13226.56,-0.37,175.3,39537.4,13356.18,12668.85,29.05,14.83,0.33,IT,Bearish,No,13226.56,-0.3679717175138515
2020-02-27,Thursday,February,2020,13190.29,13405.08,12969.51,13184.2,13177.89,0.05,187.1,22497.9,13364.74,12675.68,30.26,15.05,1.01,Banking,Bearish,No,13177.89,0.04788323472119824
2020-02-28,Friday,February,2020,13174.54,13418.22,13012.63,13255.32,13184.2,0.54,160.0,20598.3,13372.08,12682.33,36.54,14.62,0.81,Metal,Bearish,No,13184.2,0.5394335644180077
2020-03-02,Monday,March,2020,13284.14,13401.19,12976.96,13092.32,13255.32,-1.23,317.9,39124.6,13375.08,12687.8,28.1,14.4,0.75,Banking,Bearish,No,13255.32,-1.22969494512392
2020-03-03,Tuesday,March,2020,13088.85,13331.07,12954.77,13195.89,13092.32,0.79,170.0,21795.4,13379.95,12694.32,32.78,14.9,1.17,FMCG,Bearish,No,13092.32,0.7910744619746517
2020-03-04,Wednesday,March,2020,13147.74,13393.27,12976.87,13195.89,13195.89,0.19,271.6,34863.1,13385.76,12701.1,39.8,14.88,0.62,IT,Bearish,No,13195.89,0.0
2020-03-05,Thursday,March,2020,13147.74,13350.85,12997.07,13139.5,13221.44,-0.62,268.6,34264.1,13390.22,12707.34,35.29,15.04,1.13,Banking,Bearish,No,13195.89,-0.42733002472739184
2020-03-06,Friday,March,2020,13226.67,13311.36,13060.16,13144.32,13139.5,0.04,351.4,44430.6,13392.19,12713.68,31.55,14.33,1.03,Auto,Bearish,No,13139.5,0.03668328322995326
2020-03-09,Monday,March,2020,13193.07,13331.06,12895.77,13032.07,13144.32,-0.85,363.4,49858.9,13396.42,12719.78,35.74,14.67,1.06,Metal,Bearish,No,13144.32,-0.853981035154348
2020-03-10,Tuesday,March,2020,12986.65,13164.26,12815.04,12992.57,13032.07,-0.3,164.0,22116.3,13395.84,12725.87,40.35,14.97,0.93,FMCG,Neutral,No,13032.07,-0.3030984333264017
2020-03-11,Wednesday,March,2020,13061.89,13261.08,12674.3,12870.57,12992.57,-0.94,376.9,46971.1,13391.29,12731.27,38.44,16.12,1.17,Realty,Bearish,No,12992.57,-0.9389982120550437
2020-03-12,Thursday,March,2020,12875.86,12982.07,12674.52,12779.94,12870.57,-0.7,223.4,26531.8,13381.52,12735.75,27.84,16.09,0.98,Banking,Bearish,No,12870.57,-0.7041646174178704
2020-03-13,Friday,March,2020,12761.22,12866.39,12716.14,12821.09,12779.94,0.32,187.6,24140.3,13371.05,12740.39,32.17,15.92,0.72,Metal,Bearish,No,12779.94,0.32198899212359083
2020-03-16,Monday,March,2020,12810.26,12954.61,12798.97,12943.2,12821.09,0.95,236.7,33203.0,13363.52,12745.55,36.28,17.55,1.18,IT,Bearish,No,12821.09,0.9524151222711998
2020-03-17,Tuesday,March,2020,12810.26,13161.88,12800.65,13016.32,12943.2,0.56,230.8,27779.9,13357.32,12749.72,42.36,18.16,1.02,IT,Neutral,No,12943.2,0.5649298473329546
2020-03-18,Wednesday,March,2020,13058.65,13083.02,12860.54,12884.59,13016.32,-1.01,400.7,54241.3,13347.94,12753.25,37.33,17.07,0.2,Banking,Bearish,No,13016.32,-1.0120371963811552
2020-03-19,Thursday,March,2020,12891.94,13093.58,12772.3,12973.19,12884.59,0.69,85.2,11272.8,13341.64,12756.89,38.24,17.3,1.52,Metal,Bearish,No,12884.59,0.6876431458044094
2020-03-20,Friday,March,2020,12986.17,13146.04,12742.75,12901.58,12973.19,-0.55,358.9,47124.2,13334.78,12760.06,41.4,18.04,0.97,Pharma,Unknown,No,12973.19,-0.551984515759043
2020-03-23,Monday,March,2020,12948.46,13043.6,12818.26,12913.14,12901.58,0.09,274.2,38485.9,13326.91,12763.52,36.09,17.58,1.49,IT,Bearish,No,12901.58,0.08960142866222193
2020-03-24,Tuesday,March,2020,12897.68,12983.66,12871.68,12957.53,12913.14,0.34,247.2,34951.9,13320.43,12766.95,37.26,18.08,0.65,IT,Bearish,No,12913.14,0.34375837325391995
2020-03-25,Wednesday,March,2020,12969.29,13007.68,12839.59,12877.71,12957.53,-0.62,215.1,26280.8,13310.56,12769.39,37.33,17.41,0.48,Metal,Bearish,No,12957.53,-0.616012465338699
2020-03-26,Thursday,March,2020,12894.67,12969.75,12838.96,12913.95,12877.71,0.28,228.5,31328.9,13302.16,12772.0,39.18,17.17,0.83,Metal,Bearish,No,12877.71,0.28141649408164654
2020-03-27,Friday,March,2020,12919.17,13016.11,12660.9,12756.62,12913.95,-1.22,332.7,43466.6,13290.2,12773.6,37.59,17.99,1.07,Auto,Bearish,No,12913.95,-1.218294944614157
2020-03-30,Monday,March,2020,12775.72,12939.46,12531.28,12693.97,12756.62,-0.49,302.4,37686.7,13276.81,12775.1,36.82,18.57,1.29,FMCG,Bearish,No,12756.62,-0.49111755308225413
2020-03-31,Tuesday,March,2020,12667.65,12769.59,12501.45,12602.87,12693.97,-0.72,206.3,26860.9,13258.81,12776.56,37.85,17.76,0.39,Banking,Bearish,No,12693.97,-0.7176635835754973
2020-04-01,Wednesday,April,2020,12639.92,12856.44,12429.93,12646.34,12602.87,0.34,283.6,39135.7,13243.69,12778.51,43.67,17.81,1.25,Banking,Neutral,No,12602.87,0.3449214345621223
2020-04-02,Thursday,April,2020,12625.33,12778.9,12404.13,12556.87,12646.34,-0.71,220.3,27756.1,13224.36,12780.6,38.02,18.48,0.98,Banking,Bearish,No,12646.34,-0.7074774203445372
2020-04-03,Friday,April,2020,12574.0,12689.45,12302.04,12416.04,12556.87,-1.12,266.1,35947.0,13201.15,12782.2,26.51,17.97,0.61,IT,Bearish,No,12556.87,-1.1215374532029074
2020-04-06,Monday,April,2020,12423.88,12569.82,12328.05,12473.6,12416.04,0.46,321.8,41287.1,13179.57,12783.52,25.47,16.57,1.78,IT,Bearish,No,12416.04,0.4635938672877945
2020-04-07,Tuesday,April,2020,12447.91,12688.51,12373.11,12612.72,12473.6,1.12,322.8,40574.7,13158.7,12785.45,37.79,16.84,0.66,Auto,Bearish,No,12473.6,1.1153155464340605
2020-04-08,Wednesday,April,2020,12674.11,12783.07,12396.92,12504.42,12612.72,-0.86,166.2,21381.6,13131.87,12787.06,29.32,17.81,0.2,Realty,Bearish,No,12612.72,-0.8586569748634655
2020-04-09,Thursday,April,2020,12568.81,12696.63,12318.55,12445.11,12504.42,-0.47,251.9,31992.1,13104.59,12786.82,29.64,18.37,0.9,Metal,Bearish,No,12504.42,-0.4743122831766647
2020-04-10,Friday,April,2020,12410.73,12525.96,12276.17,12391.22,12445.11,-0.43,266.9,32554.2,13075.53,12786.91,27.57,18.38,0.52,FMCG,Bearish,No,12445.11,-0.43302148394028844
2020-04-13,Monday,April,2020,12420.93,12495.52,12166.43,12239.94,12391.22,-1.22,290.7,36026.0,13044.57,12786.28,21.76,18.36,0.89,Banking,Bearish,No,12391.22,-1.220864450796603
2020-04-14,Tuesday,April,2020,12235.44,12374.3,12188.06,12326.57,12239.94,0.71,104.1,13353.6,13019.01,12786.43,28.42,18.7,0.78,Banking,Bearish,No,12239.94,0.7077649073443105
2020-04-15,Wednesday,April,2020,12301.65,12506.64,12188.06,12316.35,12326.57,-0.08,142.9,18792.9,12988.92,12784.22,26.12,18.97,1.18,Metal,Bearish,No,12326.57,-0.08291033109777776
2020-04-16,Thursday,April,2020,12329.97,12506.64,12200.05,12358.39,12316.35,0.34,130.6,15508.4,12961.53,12781.72,32.47,18.17,1.13,Unknown,Bearish,No,12316.35,0.3413348922367345
2020-04-17,Friday,April,2020,12389.3,12506.03,12189.68,12305.62,12358.39,-0.43,203.4,22600.0,12933.84,12778.98,32.76,17.51,1.43,IT,Bearish,No,12358.39,-0.4269973677800961
2020-04-20,Monday,April,2020,12311.57,12471.26,12188.14,12347.47,12305.62,0.34,245.2,30586.1,12908.92,12776.25,38.14,18.47,0.89,Banking,Bearish,No,12305.62,0.34008851240326404
2020-04-21,Tuesday,April,2020,12334.01,12501.67,12181.0,12348.48,12347.47,0.01,189.1,23300.9,12882.34,12773.42,35.6,17.88,1.51,IT,Bearish,No,12347.47,0.008179813354478434
2020-04-22,Wednesday,April,2020,12397.73,12473.71,12311.7,12348.48,12348.48,0.32,198.5,22397.0,12856.34,12771.26,41.4,17.88,1.36,IT,Neutral,No,12348.48,0.0
2020-04-23,Thursday,April,2020,12438.36,12573.6,12345.3,12480.23,12387.62,0.75,152.6,19549.5,12836.46,12770.23,53.43,18.09,0.98,FMCG,Neutral,No,12348.48,1.066932934255876
2020-04-24,Friday,April,2020,12454.66,12590.92,12392.51,12528.4,12480.23,0.39,164.3,22401.3,12816.7,12768.18,52.96,17.91,0.87,Auto,Neutral,No,12480.23,0.3859704508650888
2020-04-27,Monday,April,2020,12531.82,12631.71,12380.73,12480.21,12528.4,-0.38,182.0,22269.8,12794.49,12766.54,42.07,18.33,1.22,IT,Neutral,No,12528.4,-0.38464608409693585
2020-04-28,Tuesday,April,2020,12421.09,12631.47,12355.31,12564.92,12480.21,0.68,306.6,41562.5,12779.05,12765.67,53.73,17.86,1.29,FMCG,Neutral,No,12480.21,0.6787546042895187
2020-04-29,Wednesday,April,2020,12596.41,12646.47,12539.3,12589.34,12564.92,0.19,255.6,34193.4,12767.33,12765.05,59.28,18.98,1.04,Banking,Neutral,No,12564.92,0.19435062061676533
2020-04-30,Thursday,April,2020,12639.48,12658.71,12522.67,12541.75,12589.34,-0.38,286.0,33442.6,12756.16,12764.37,59.77,19.24,1.42,Banking,Neutral,No,12589.34,-0.37801822811998204
2020-05-01,Friday,May,2020,12556.41,12742.26,12372.68,12558.5,12541.75,0.13,254.4,33784.5,12743.11,12763.72,75.04,18.66,1.3,IT,Bullish,No,12541.75,0.1335539298742201
2020-05-04,Monday,May,2020,12519.49,12604.33,12436.09,12520.92,12558.5,-0.3,284.3,35715.9,12730.19,12763.89,66.55,18.55,0.66,Banking,Bullish,No,12558.5,-0.2992395588645135
2020-05-05,Tuesday,May,2020,12581.6,12706.75,12323.82,12447.64,12520.92,-0.59,167.5,22595.5,12714.61,12763.42,60.1,19.29,0.65,IT,Bullish,No,12520.92,-0.5852605080137934
2020-05-06,Wednesday,May,2020,12523.46,12712.97,12418.45,12607.25,12447.64,1.28,363.5,42980.8,12703.2,12763.72,66.21,19.78,1.57,Energy,Unknown,No,12447.64,1.2822510933799547
2020-05-07,Thursday,May,2020,12590.92,12716.69,12437.7,12563.19,12607.25,-0.35,300.4,34909.7,12690.78,12763.1,66.97,19.02,0.96,IT,Bullish,No,12607.25,-0.3494814491661503
2020-05-08,Friday,May,2020,12574.95,12580.16,12471.17,12471.35,12563.19,-0.73,234.4,27720.2,12675.1,12761.88,57.66,18.25,0.98,Unknown,Neutral,No,12563.19,-0.7310245248221204
2020-05-11,Monday,May,2020,12501.91,12667.97,12425.39,12590.91,12471.35,0.96,325.7,37396.8,12665.07,12761.72,63.07,18.0,1.58,Metal,Bullish,No,12471.35,0.9586772883448823
2020-05-12,Tuesday,May,2020,12620.65,12803.46,12461.15,12643.67,12590.91,0.42,313.8,38248.1,12654.02,12762.44,63.6,17.99,1.62,Auto,Bullish,No,12590.91,0.4190324607196797
2020-05-13,Wednesday,May,2020,12645.5,12844.95,12419.58,12618.6,12643.67,-0.2,226.8,27377.0,12641.97,12763.27,57.92,18.2,0.82,Realty,Neutral,No,12643.67,-0.19828103707230346
2020-05-14,Thursday,May,2020,12686.66,12769.66,12551.63,12634.28,12618.6,0.12,258.4,32099.9,12631.86,12763.4,56.29,18.62,1.76,Unknown,Neutral,No,12618.6,0.12426101152267519
2020-05-15,Friday,May,2020,12574.95,12663.01,12473.19,12561.16,12634.28,-0.58,218.0,27180.6,12620.2,12763.96,54.67,18.06,1.09,Banking,Neutral,No,12634.28,-0.5787429121406269
2020-05-18,Monday,May,2020,12502.66,12656.01,12221.69,12373.46,12561.16,-1.49,375.0,43103.4,12607.03,12763.66,40.12,19.02,0.59,IT,Neutral,No,12561.16,-1.4942887440332002
2020-05-19,Tuesday,May,2020,12372.88,12493.68,12193.37,12313.59,12373.46,-0.48,217.2,27383.7,12593.45,12763.3,36.27,18.86,0.8,Energy,Bearish,No,12373.46,-0.48385819326202195
2020-05-20,Wednesday,May,2020,12372.88,12478.49,12093.52,12192.51,12313.59,-0.98,288.5,33230.7,12579.89,12762.03,33.8,18.83,0.79,Banking,Bearish,No,12313.59,-0.9833038131040577
2020-05-21,Thursday,May,2020,12234.93,12329.65,12065.09,12159.22,12192.51,-0.27,231.1,25975.2,12567.47,12761.05,31.76,18.13,0.38,Unknown,Unknown,No,12192.51,-0.2730364789530693
2020-05-22,Friday,May,2020,12104.75,12329.65,12035.53,12195.8,12159.22,0.3,200.0,25410.2,12554.97,12759.77,35.13,17.9,1.07,Pharma,Bearish,No,12159.22,0.3008416658305379
2020-05-25,Monday,May,2020,12299.83,12368.44,12083.05,12150.83,12195.8,-0.37,136.2,14969.7,12539.12,12759.31,36.07,17.4,1.28,Pharma,Bearish,No,12195.8,-0.36873349841748265
2020-05-26,Tuesday,May,2020,12171.04,12274.84,11937.48,12040.16,12150.83,-0.91,319.1,37408.7,12519.6,12757.89,22.1,17.77,0.58,Realty,Bearish,No,12150.83,-0.9108019781364736
2020-05-27,Wednesday,May,2020,11998.54,12173.07,11887.35,12061.3,12040.16,0.18,226.6,25387.1,12503.13,12757.0,24.74,24.57,0.49,Realty,Bearish,No,12040.16,0.17557906207225998
2020-05-28,Thursday,May,2020,12057.97,12172.22,11938.67,12052.87,12061.3,-0.07,333.4,43260.7,12484.72,12756.81,27.0,16.97,0.58,Pharma,Bearish,No,12061.3,-0.06989296344505544
2020-05-29,Friday,May,2020,12087.84,12172.38,12024.28,12108.71,12052.87,0.46,316.1,40759.4,12468.87,12757.59,21.51,17.58,1.06,IT,Bearish,No,12052.87,0.4632921453562373
2020-06-01,Monday,June,2020,12154.21,12316.23,11936.69,12097.96,12108.71,-0.09,296.6,32728.7,12452.56,12757.87,16.07,17.32,1.07,FMCG,Bearish,No,12108.71,-0.08877906895119299
2020-06-02,Tuesday,June,2020,12095.57,12113.89,12066.44,12084.75,12097.96,-0.11,269.5,32897.0,12435.11,12757.73,16.31,16.49,0.71,FMCG,Bearish,No,12097.96,-0.10919196294250542
2020-06-03,Wednesday,June,2020,12103.68,12245.38,11981.21,12122.72,12084.75,0.31,280.9,32659.0,12420.01,12757.55,18.6,16.59,0.7,IT,Bearish,No,12084.75,0.3141976457932464
2020-06-04,Thursday,June,2020,12118.18,12219.13,12047.41,12148.18,12122.72,0.21,239.9,27351.4,12404.69,12756.82,23.08,15.22,0.85,IT,Bearish,No,12122.72,0.2100188736521255
2020-06-05,Friday,June,2020,12145.78,12200.88,12077.85,12132.89,12148.18,-0.13,275.8,32201.2,12392.22,12756.12,29.77,15.84,1.54,Banking,Bearish,No,12148.18,-0.12586247487278648
2020-06-08,Monday,June,2020,12154.21,12298.05,12077.79,12216.19,12132.89,0.69,227.2,29508.7,12382.66,12755.6,42.12,15.59,2.02,IT,Neutral,No,12132.89,0.6865635475142452
2020-06-09,Tuesday,June,2020,12268.99,12309.53,12248.95,12289.45,12216.19,0.6,103.3,11572.4,12376.39,12755.27,58.5,16.31,1.36,Realty,Neutral,No,12216.19,0.5996959772236697
2020-06-10,Wednesday,June,2020,12247.51,12467.2,12132.17,12350.89,12289.45,0.5,287.3,36536.1,12370.48,12754.9,52.29,15.24,1.25,Metal,Bullish,No,12289.45,0.4999410063102798
2020-06-11,Thursday,June,2020,12342.26,12543.93,12163.82,12365.16,12350.89,0.12,269.6,36092.5,12366.65,12754.02,64.7,15.36,1.38,Auto,Bullish,No,12350.89,0.11553823246746135
2020-06-12,Friday,June,2020,12342.83,12440.37,12275.9,12373.27,12365.16,0.07,144.0,17632.4,12365.79,12753.18,70.63,16.26,0.61,Banking,Bullish,No,12365.16,0.06558750553976318
2020-06-15,Monday,June,2020,12335.85,12550.54,12108.34,12322.8,12373.27,-0.41,271.3,36116.4,12362.78,12751.68,79.51,16.8,0.7,Metal,Bullish,No,12373.27,-0.40789540679223163
2020-06-16,Tuesday,June,2020,12283.65,12339.62,12000.61,12055.54,12322.8,-2.17,360.7,47022.2,12351.64,12747.59,49.6,19.43,0.2,IT,Neutral,No,12322.8,-2.168825266984763
2020-06-17,Wednesday,June,2020,12056.44,12237.55,11980.4,12160.85,12055.54,0.87,267.3,40761.9,12344.76,12745.23,56.57,18.88,1.43,Auto,Neutral,No,12055.54,0.8735402976556793
2020-06-18,Thursday,June,2020,12121.72,12349.07,11958.81,12185.31,12160.85,0.2,223.7,27017.8,12339.57,12743.02,54.84,19.36,1.05,Metal,Neutral,No,12160.85,0.2011372560306157
2020-06-19,Friday,June,2020,12144.86,12327.25,12105.86,12287.79,12185.31,0.84,170.4,21933.7,12337.5,12742.42,60.76,20.51,1.04,IT,Neutral,No,12185.31,0.8410126619675773
2020-06-22,Monday,June,2020,12144.86,12441.79,12194.06,12354.16,12287.79,0.54,217.8,29147.3,12339.78,12742.53,64.4,20.01,1.76,Metal,Neutral,No,12287.79,0.5401296734400488
2020-06-23,Tuesday,June,2020,12317.86,12623.95,12134.62,12438.91,12354.16,0.69,224.8,28969.5,12342.03,12742.99,66.1,21.19,1.6,IT,Neutral,No,12354.16,0.686003742868799
2020-06-24,Wednesday,June,2020,12457.89,12498.81,12313.62,12354.2,12438.91,-0.68,247.2,28765.9,12342.79,12742.88,59.89,21.72,0.76,Metal,Neutral,No,12438.91,-0.6810082233893414
2020-06-25,Thursday,June,2020,12336.44,12464.27,12192.84,12320.51,12354.2,-0.27,241.0,31593.1,12342.03,12742.57,58.85,21.48,0.67,IT,Neutral,No,12354.2,-0.2727007819203227
2020-06-26,Friday,June,2020,12336.44,12446.58,12192.84,12322.83,12320.51,0.02,206.7,27771.5,12342.37,12741.61,55.45,20.31,1.1,IT,Neutral,No,12320.51,0.01883038932641351
2020-06-29,Monday,June,2020,12408.81,12430.48,12404.98,12426.64,12322.83,0.84,285.5,34841.4,12343.96,12741.81,56.8,19.99,1.31,Auto,Neutral,No,12322.83,0.8424201258964011
2020-06-30,Tuesday,June,2020,12347.13,12446.0,12278.75,12377.46,12426.64,-0.4,174.0,22387.9,12344.54,12741.71,51.33,20.54,0.71,IT,Neutral,No,12426.64,-0.3957626518511866
2020-07-01,Wednesday,July,2020,12409.26,12626.74,12165.76,12382.78,12377.46,0.04,243.7,30286.5,12344.44,12742.09,50.89,24.57,0.72,FMCG,Neutral,No,12377.46,0.04298135481755973
2020-07-02,Thursday,July,2020,12395.64,12520.9,12285.38,12410.51,12382.78,0.22,185.6,21246.5,12343.05,12741.98,51.85,19.65,1.15,FMCG,Neutral,No,12382.78,0.22394001993090049
2020-07-03,Friday,July,2020,12392.46,12572.73,12274.29,12453.98,12410.51,0.35,225.4,27228.2,12341.56,12741.85,56.55,19.32,1.18,FMCG,Neutral,No,12410.51,0.35026763606007605
2020-07-06,Monday,July,2020,12420.07,12531.25,12290.17,12401.18,12453.98,-0.42,131.6,15222.7,12339.98,12741.06,71.98,18.88,0.54,Realty,Bullish,No,12453.98,-0.4239608542811155
2020-07-07,Tuesday,July,2020,12465.48,12671.95,12263.9,12470.29,12401.18,0.56,304.3,39264.4,12338.08,12740.32,70.62,19.45,0.6,IT,Bullish,No,12401.18,0.5572856776532602
2020-07-08,Wednesday,July,2020,12549.75,12601.27,12287.9,12338.55,12470.29,-1.06,255.0,31979.9,12333.07,12739.81,58.94,24.57,0.54,IT,Neutral,No,12470.29,-1.0564309250226065
2020-07-09,Thursday,July,2020,12327.71,12392.88,12177.8,12242.52,12338.55,-0.78,279.5,31025.6,12327.08,12738.92,47.34,19.01,0.31,Energy,Neutral,No,12338.55,-0.7782924249607842
2020-07-10,Friday,July,2020,12226.42,12318.81,12050.37,12142.13,12242.52,-0.82,212.1,23495.4,12318.76,12736.64,38.02,18.16,0.49,IT,Bearish,No,12242.52,-0.8200109127859397
2020-07-13,Monday,July,2020,12183.25,12307.8,12034.84,12159.14,12142.13,0.14,267.3,22390.7,12311.52,12734.94,32.88,18.17,0.88,Banking,Bearish,No,12142.13,0.14009074190442877
2020-07-14,Tuesday,July,2020,12150.17,12254.84,11947.01,12050.83,12159.14,-0.89,207.0,26166.8,12303.58,12732.69,31.96,24.57,0.84,FMCG,Bearish,No,12159.14,-0.8907702353949334
2020-07-15,Wednesday,July,2020,12071.92,12177.28,11955.12,12060.38,12050.83,0.08,233.5,26059.3,12292.65,12730.4,34.08,18.19,0.86,Auto,Bearish,No,12050.83,0.07924765348112348
2020-07-16,Thursday,July,2020,12080.57,12177.28,12006.77,12076.71,12060.38,0.14,261.3,29693.2,12282.92,12729.35,52.29,18.09,1.13,Auto,Bearish,No,12060.38,0.1354020354250855
2020-07-17,Friday,July,2020,12078.06,12204.02,11910.22,12035.73,12076.71,-0.34,177.0,23040.0,12274.21,12728.15,24.55,17.53,0.62,IT,Bearish,No,12076.71,-0.3393308276840262
2020-07-20,Monday,July,2020,12041.69,12096.53,12036.5,12091.32,12035.73,0.46,251.4,30678.1,12264.21,12726.46,31.52,17.69,1.25,Realty,Bearish,No,12035.73,0.46187476787864257
2020-07-21,Tuesday,July,2020,12104.73,12183.89,12034.4,12113.51,12091.32,0.18,214.5,26611.5,12253.61,12723.93,32.98,17.7,0.96,Pharma,Bearish,No,12091.32,0.18352007886649688
2020-07-22,Wednesday,July,2020,12073.95,12150.39,12017.02,12093.37,12113.51,-0.17,267.3,28767.3,12243.11,12721.21,29.76,17.76,1.03,Pharma,Bearish,No,12113.51,-0.16626064617108846
2020-07-23,Thursday,July,2020,12068.71,12112.1,11950.09,11993.21,12093.37,-0.83,207.9,23935.4,12230.28,12718.03,22.58,16.83,1.11,Metal,Bearish,No,12093.37,-0.8282224061614064
2020-07-24,Friday,July,2020,12001.33,12054.91,11990.8,12044.34,11993.21,0.43,269.1,30785.1,12219.95,12714.81,28.73,17.76,1.09,Banking,Bearish,No,11993.21,0.42632456198132956
2020-07-27,Monday,July,2020,12027.93,12135.34,11898.73,12005.94,12044.34,-0.32,267.3,26798.8,12212.6,12710.24,21.26,17.84,0.85,Auto,Bearish,No,12044.34,-0.31882195288409027
2020-07-28,Tuesday,July,2020,12105.97,12223.62,11946.55,12063.79,12005.94,0.48,235.7,28269.3,12207.6,12706.59,31.28,17.5,1.29,Energy,Bearish,No,12005.94,0.4818448201473634
2020-07-29,Wednesday,July,2020,12068.59,12305.11,11950.96,12186.33,12063.79,1.02,410.7,49078.6,12207.48,12703.71,46.31,18.15,1.5,Banking,Neutral,No,12063.79,1.0157670184908643
2020-07-30,Thursday,July,2020,12122.78,12265.41,11973.42,12115.97,12186.33,-0.58,143.3,18037.2,12206.61,12700.18,48.21,17.58,0.2,Energy,Neutral,No,12186.33,-0.5773682478646203
2020-07-31,Friday,July,2020,12013.69,12363.63,11863.98,12211.45,12115.97,0.79,291.5,34914.0,12206.93,12697.34,53.23,18.04,0.92,Realty,Neutral,No,12115.97,0.78805081227505
2020-08-03,Monday,August,2020,12241.53,12243.45,12199.13,12201.05,12211.45,-0.09,250.4,27720.7,12207.93,12693.01,60.56,17.38,1.04,Auto,Bullish,No,12211.45,-0.08516597128106371
2020-08-04,Tuesday,August,2020,12206.22,12398.84,12077.77,12269.72,12201.05,0.56,285.8,37449.1,12212.52,12689.34,63.59,18.03,1.68,FMCG,Bullish,No,12201.05,0.5628204129972426
2020-08-05,Wednesday,August,2020,12206.22,12430.33,12183.81,12291.11,12269.72,0.17,263.8,31246.3,12217.12,12685.38,63.83,17.2,0.61,FMCG,Bullish,No,12269.72,0.1743316065892395
2020-08-06,Thursday,August,2020,12267.36,12474.39,12160.81,12291.11,12291.11,0.62,262.3,35334.7,12223.4,12681.48,70.44,16.43,1.04,Pharma,Bullish,No,12291.11,0.0
2020-08-07,Friday,August,2020,12362.51,12455.29,12227.42,12319.88,12366.98,-0.38,263.6,34940.4,12227.62,12677.97,64.26,16.23,0.95,Auto,Bullish,No,12291.11,0.2340716176162984
2020-08-10,Monday,August,2020,12330.2,12401.7,12177.95,12248.97,12319.88,-0.58,410.1,47559.8,12230.64,12674.9,57.96,15.73,0.52,Energy,Neutral,No,12319.88,-0.575573788056376
2020-08-11,Tuesday,August,2020,12243.27,12431.22,12177.95,12306.78,12248.97,0.47,233.1,31357.7,12235.08,12672.32,62.02,15.42,1.32,FMCG,Bullish,No,12248.97,0.4719580503503667
2020-08-12,Wednesday,August,2020,12298.0,12431.85,12247.84,12381.35,12306.78,0.61,239.2,31710.4,12240.26,12669.87,72.5,15.38,1.42,FMCG,Bullish,No,12306.78,0.6059261642769247
2020-08-13,Thursday,August,2020,12408.3,12609.96,12254.3,12455.37,12381.35,0.6,185.7,25373.3,12246.4,12668.59,73.21,15.65,1.33,Energy,Bullish,No,12381.35,0.5978346464642421
2020-08-14,Friday,August,2020,12408.3,12498.87,12130.66,12204.0,12455.37,-2.02,273.5,34565.9,12247.82,12665.76,59.02,17.33,0.39,Pharma,Neutral,No,12455.37,-2.0181656586677135
2020-08-17,Monday,August,2020,12223.61,12290.67,12221.59,12288.64,12204.0,0.69,267.9,35757.3,12249.27,12663.64,59.99,17.9,0.93,Energy,Neutral,No,12204.0,0.6935431006227418
2020-08-18,Tuesday,August,2020,12356.05,12539.95,12251.64,12434.87,12288.64,1.19,300.9,38839.0,12252.18,12662.9,60.82,17.97,1.31,Metal,Bullish,No,12288.64,1.1899608093328584
2020-08-19,Wednesday,August,2020,12496.61,12537.73,12437.07,12478.13,12434.87,0.35,230.6,30818.1,12254.72,12662.33,66.14,18.15,1.5,IT,Bullish,No,12434.87,0.34789265991520935
2020-08-20,Thursday,August,2020,12410.53,12521.12,12370.73,12481.09,12478.13,0.02,260.3,33205.8,12257.04,12662.29,63.1,17.61,1.12,IT,Bullish,No,12478.13,0.023721503141904646
2020-08-21,Friday,August,2020,12462.75,12743.28,12328.96,12607.93,12481.09,1.02,246.3,33718.8,12261.74,12663.73,67.76,17.11,0.64,Auto,Bullish,No,12481.09,1.0162573941859256
2020-08-24,Monday,August,2020,12618.92,12834.32,12470.79,12685.41,12607.93,0.61,399.7,50887.0,12268.99,12665.41,68.0,17.14,1.45,Realty,Bullish,No,12607.93,0.6145338687635445
2020-08-25,Tuesday,August,2020,12734.04,12830.36,12624.77,12720.99,12685.41,0.28,243.1,32387.9,12282.3,12666.68,68.39,17.95,1.22,Energy,Bullish,No,12685.41,0.28047970069552286
2020-08-26,Wednesday,August,2020,12729.0,12793.88,12728.35,12793.22,12720.99,0.57,288.7,39537.4,12294.95,12669.08,68.29,17.01,1.09,FMCG,Bullish,No,12720.99,0.567801719834695
2020-08-27,Thursday,August,2020,12842.34,12972.38,12481.95,12609.63,12793.22,-1.44,302.5,37552.1,12303.43,12670.69,61.13,17.62,0.46,Auto,Bullish,No,12793.22,-1.4350570067582684
2020-08-28,Friday,August,2020,12584.31,12737.96,12499.72,12652.91,12609.63,0.34,201.0,23023.4,12310.73,12673.5,65.85,17.5,0.93,Pharma,Bullish,No,12609.63,0.3432297379066686
2020-08-31,Monday,August,2020,12665.43,12915.19,12494.28,12742.99,12652.91,0.71,224.9,26441.0,12318.51,12677.02,66.7,17.52,1.26,Auto,Bullish,No,12652.91,0.7119310893699546
2020-09-01,Tuesday,September,2020,12756.56,12958.99,12321.78,12520.46,12742.99,-1.75,240.1,32898.9,12320.14,12679.42,54.78,17.35,0.42,Banking,Neutral,No,12742.99,-1.7462934523216345
2020-09-02,Wednesday,September,2020,12569.79,12638.56,12544.87,12613.55,12520.46,0.74,153.6,20820.5,12325.33,12681.06,55.37,16.83,1.17,Unknown,Neutral,No,12520.46,0.7435030342335677
2020-09-03,Thursday,September,2020,12647.93,12874.21,12355.03,12580.09,12613.55,-0.27,290.3,36398.9,12330.52,12681.46,64.98,16.56,0.99,Banking,Bullish,No,12613.55,-0.2652702847334742
2020-09-04,Friday,September,2020,12606.13,12636.46,12583.86,12614.17,12580.09,0.27,197.0,27140.6,12336.35,12681.91,63.51,16.39,1.05,Pharma,Bullish,No,12580.09,0.27090426221116004
2020-09-07,Monday,September,2020,12646.31,12720.25,12505.87,12579.42,12614.17,-0.28,230.0,27113.4,12339.4,12681.07,56.61,15.62,1.21,IT,Neutral,No,12614.17,-0.27548384079174454
2020-09-08,Tuesday,September,2020,12533.77,12685.49,12360.38,12511.84,12579.42,-0.54,339.0,39115.0,12342.09,12680.56,51.51,16.53,1.07,Pharma,Neutral,No,12579.42,-0.5372266765876322
2020-09-09,Wednesday,September,2020,12505.4,12637.12,12441.45,12572.83,12511.84,0.49,314.4,40330.9,12345.89,12681.05,53.9,17.32,0.76,FMCG,Neutral,No,12511.84,0.48745827951763915
2020-09-10,Thursday,September,2020,12534.93,12615.01,12475.43,12555.41,12572.83,-0.14,235.9,28919.9,12348.79,12682.24,47.54,17.27,1.07,Banking,Neutral,No,12572.83,-0.13855273633700665
2020-09-11,Friday,September,2020,12530.81,12593.74,12516.1,12555.41,12555.41,0.19,216.7,26385.1,12351.29,12683.09,44.74,17.03,0.98,IT,Neutral,No,12555.41,0.0
2020-09-14,Monday,September,2020,12572.41,12643.67,12539.0,12610.16,12578.97,0.25,223.2,29464.0,12355.47,12684.11,44.5,16.78,0.79,Banking,Neutral,No,12555.41,0.4360670021926803
2020-09-15,Tuesday,September,2020,12524.8,12610.26,12465.4,12550.74,12610.16,-0.47,375.8,39537.4,12357.08,12685.14,37.82,17.46,0.94,Banking,Bearish,No,12610.16,-0.47120734391950675
2020-09-16,Wednesday,September,2020,12545.56,12684.79,12307.98,12446.1,12550.74,-0.83,272.4,35791.2,12359.23,12686.56,41.07,17.36,0.84,IT,Neutral,No,12550.74,-0.8337357000463671
2020-09-17,Thursday,September,2020,12416.87,12599.57,12153.07,12334.56,12446.1,-0.9,444.7,53309.9,12361.07,12686.7,33.83,16.43,1.53,Realty,Bearish,No,12446.1,-0.8961843469038564
2020-09-18,Friday,September,2020,12295.48,12599.57,12234.42,12323.61,12334.56,-0.09,146.4,19798.1,12364.7,12686.45,26.83,15.63,0.3,Unknown,Bearish,No,12334.56,-0.08877495427480923
2020-09-21,Monday,September,2020,12327.15,12424.5,12248.29,12345.53,12323.61,0.18,231.7,30370.9,12368.43,12685.51,37.59,16.27,0.92,Energy,Bearish,No,12323.61,0.17786995855922147
2020-09-22,Tuesday,September,2020,12331.13,12380.76,12222.15,12271.54,12345.53,-0.6,320.1,40430.0,12372.84,12684.19,25.05,16.26,1.55,IT,Bearish,No,12345.53,-0.599326233867641
2020-09-23,Wednesday,September,2020,12284.11,12512.1,12260.93,12488.53,12271.54,1.77,371.7,43908.1,12381.4,12683.36,44.73,15.85,1.36,Energy,Neutral,No,12271.54,1.768237727294209
2020-09-24,Thursday,September,2020,12464.22,12487.88,12422.05,12445.67,12488.53,-0.34,275.1,37363.5,12388.78,12681.81,40.4,15.24,1.0,Banking,Neutral,No,12488.53,-0.3431949156546093
2020-09-25,Friday,September,2020,12439.11,12493.73,12403.06,12457.63,12445.67,0.1,188.2,21255.1,12397.22,12679.65,42.88,15.09,1.09,Banking,Neutral,No,12445.67,0.09609767895178907
2020-09-28,Monday,September,2020,12549.52,12647.4,12381.72,12479.05,12457.63,0.17,149.8,17659.3,12404.98,12677.33,47.97,14.44,1.08,Energy,Neutral,No,12457.63,0.17194281737377073
2020-09-29,Tuesday,September,2020,12502.38,12502.38,12381.85,12450.15,12479.05,-0.23,220.9,24954.4,12411.71,12674.82,42.1,14.7,0.75,Auto,Neutral,No,12479.05,-0.23158814172552908
2020-09-30,Wednesday,September,2020,12418.55,12499.16,12270.51,12350.68,12450.15,-0.8,322.9,43601.3,12416.85,12671.92,38.08,15.46,0.59,IT,Bearish,No,12450.15,-0.7989461974353671
2020-10-01,Thursday,October,2020,12396.6,12515.45,12138.54,12256.04,12350.68,-0.77,360.6,47478.5,12422.11,12668.62,32.64,15.34,0.84,Energy,Bearish,No,12350.68,-0.7662735978909616
2020-10-02,Friday,October,2020,12312.97,12430.84,12219.02,12336.71,12256.04,0.66,259.3,34881.6,12427.96,12665.07,36.04,14.5,1.16,Banking,Bearish,No,12256.04,0.6582060763509114
2020-10-05,Monday,October,2020,12312.97,12401.59,12317.57,12360.29,12336.71,0.19,223.7,28839.1,12435.05,12662.77,39.91,14.87,1.15,IT,Bearish,No,12336.71,0.1911368590167212
2020-10-06,Tuesday,October,2020,12331.29,12545.97,12185.42,12399.3,12360.29,0.32,248.3,27877.6,12441.76,12659.66,47.33,14.42,1.25,Pharma,Neutral,No,12360.29,0.31560748170146813
2020-10-07,Wednesday,October,2020,12437.72,12444.71,12436.66,12443.65,12399.3,0.36,251.0,33929.0,12446.9,12656.39,56.73,14.63,1.42,Banking,Neutral,No,12399.3,0.3576814820191492
2020-10-08,Thursday,October,2020,12422.1,12483.02,12305.81,12366.46,12443.65,-0.62,267.3,39239.2,12451.91,12651.88,52.44,14.43,1.11,Auto,Neutral,No,12443.65,-0.6203163862693062
2020-10-09,Friday,October,2020,12416.58,12669.57,12231.71,12483.7,12366.46,0.95,267.3,39537.4,12457.36,12647.57,57.11,14.79,1.37,FMCG,Neutral,No,12366.46,0.9480481884063962
2020-10-12,Monday,October,2020,12474.68,12597.62,12357.89,12480.77,12483.7,-0.02,214.1,25567.7,12462.95,12643.38,61.61,15.74,0.66,Banking,Bullish,No,12483.7,-0.02347060566979574
2020-10-13,Tuesday,October,2020,12470.3,12578.29,12460.24,12568.15,12480.77,0.7,282.5,33991.1,12468.92,12639.59,55.16,14.97,1.62,Metal,Neutral,No,12480.77,0.7001170600852287
2020-10-14,Wednesday,October,2020,12587.91,12612.1,12566.93,12591.11,12568.15,0.18,191.2,25521.7,12474.92,12635.78,59.67,15.49,1.16,FMCG,Neutral,No,12568.15,0.18268400679496144
2020-10-15,Thursday,October,2020,12644.38,12728.34,12420.79,12503.82,12591.11,-0.69,199.7,23753.5,12477.66,12631.86,52.79,14.46,1.02,Auto,Neutral,No,12591.11,-0.6932669161019233
2020-10-16,Friday,October,2020,12644.38,12736.24,12516.43,12659.6,12503.82,1.25,365.7,43723.6,12484.45,12628.93,52.29,14.18,1.56,IT,Neutral,No,12503.82,1.2458592654084963
2020-10-19,Monday,October,2020,12660.63,12797.82,12454.08,12590.51,12659.6,-0.55,246.0,32199.3,12491.28,12625.35,57.01,14.33,0.76,IT,Neutral,No,12659.6,-0.5457518405004909
2020-10-20,Tuesday,October,2020,12575.04,12732.52,12454.08,12525.87,12590.51,-0.51,299.2,35884.3,12495.66,12621.57,59.06,14.48,0.74,Banking,Neutral,No,12590.51,-0.5134025547813347
2020-10-21,Wednesday,October,2020,12495.03,12671.41,12420.84,12596.62,12525.87,0.56,289.5,32916.3,12499.97,12617.7,68.06,14.3,1.67,FMCG,Bullish,No,12525.87,0.5648310257091923
2020-10-22,Thursday,October,2020,12540.62,12635.66,12432.28,12596.62,12596.62,-0.55,165.2,22482.0,12501.41,12613.66,60.22,14.5,0.85,IT,Bullish,No,12596.62,0.0
2020-10-23,Friday,October,2020,12489.41,12644.2,12441.08,12595.46,12527.22,0.54,207.9,25209.6,12509.24,12609.87,62.04,15.18,1.18,IT,Bullish,No,12596.62,-0.009208819508738642
2020-10-26,Monday,October,2020,12604.36,12697.24,12285.03,12376.23,12595.46,-1.74,312.4,40707.7,12510.99,12604.93,49.0,15.25,0.2,Metal,Neutral,No,12595.46,-1.740547784677968
2020-10-27,Tuesday,October,2020,12415.39,12463.81,12235.82,12283.72,12376.23,-0.75,243.2,29688.7,12507.96,12598.84,43.36,15.81,0.68,Pharma,Neutral,No,12376.23,-0.7474812604484582
2020-10-28,Wednesday,October,2020,12250.42,12414.7,12151.22,12314.98,12283.72,0.25,247.4,28237.5,12504.7,12593.4,47.78,24.57,1.39,FMCG,Neutral,No,12283.72,0.2544831695935777
2020-10-29,Thursday,October,2020,12344.06,12414.7,12178.24,12245.52,12314.98,-0.56,259.5,32806.2,12499.99,12587.01,39.28,14.87,0.84,Banking,Bearish,No,12314.98,-0.5640285246098583
2020-10-30,Friday,October,2020,12213.86,12377.41,12085.58,12248.77,12245.52,0.03,268.5,31122.3,12492.81,12580.37,39.56,14.66,1.42,Realty,Bearish,No,12245.52,0.026540318418491006
2020-11-02,Monday,November,2020,12221.57,12590.69,12072.5,12438.96,12248.77,1.55,293.8,34995.5,12487.88,12574.8,44.68,15.74,1.63,Banking,Neutral,No,12248.77,1.552727335071184
2020-11-03,Tuesday,November,2020,12399.05,12562.42,12170.68,12333.18,12438.96,-0.85,267.1,29861.2,12480.12,12568.19,40.06,15.51,0.76,Banking,Neutral,No,12438.96,-0.8503926373265839
2020-11-04,Wednesday,November,2020,12382.46,12676.46,12281.61,12574.05,12333.18,1.95,229.5,26066.4,12475.74,12561.83,52.42,16.33,1.53,IT,Neutral,No,12333.18,1.953024280842402
2020-11-05,Thursday,November,2020,12634.65,12766.41,12431.56,12562.57,12574.05,-0.09,188.5,23744.9,12474.8,12555.6,52.29,16.62,1.0,Realty,Neutral,No,12574.05,-0.09129914387170056
2020-11-06,Friday,November,2020,12535.09,12610.32,12434.41,12509.49,12562.57,-0.42,208.1,23729.9,12471.93,12548.92,46.86,16.7,0.62,IT,Neutral,No,12562.57,-0.4225250088158707
2020-11-09,Monday,November,2020,12479.12,12550.56,12421.26,12492.64,12509.49,-0.13,200.1,23545.0,12466.92,12542.45,48.66,16.71,1.16,FMCG,Neutral,No,12509.49,-0.13469773747770983
2020-11-10,Tuesday,November,2020,12515.97,12547.64,12396.43,12427.88,12492.64,-0.52,223.8,30171.1,12465.07,12536.56,43.18,15.79,0.83,Energy,Neutral,No,12492.64,-0.5183852252206116
2020-11-11,Wednesday,November,2020,12492.31,13216.06,12374.45,13092.54,12427.88,5.35,509.8,61177.2,12474.65,12532.92,65.43,16.05,2.73,Metal,Bullish,No,12427.88,5.34813660897918
2020-11-12,Thursday,November,2020,13155.93,13158.59,13084.01,13086.66,13092.54,-0.04,328.6,41203.4,12484.78,12529.72,63.88,16.18,0.92,Auto,Bullish,No,13092.54,-0.04491107149568394
2020-11-13,Friday,November,2020,13071.54,13332.44,12921.32,13180.97,13086.66,0.72,174.8,24084.2,12496.12,12527.17,74.47,14.1,1.46,IT,Unknown,No,13086.66,0.7206575245326118
2020-11-16,Monday,November,2020,13173.71,13260.19,12975.53,13061.27,13180.97,-0.91,253.8,35697.5,12505.75,12524.51,73.26,14.36,0.52,Realty,Bullish,No,13180.97,-0.9081273988181364
2020-11-17,Tuesday,November,2020,13013.01,13270.93,12924.14,13180.91,13061.27,0.92,213.4,39537.4,12519.14,12522.03,74.6,14.64,1.63,Banking,Bullish,No,13061.27,0.9159905583453938
2020-11-18,Wednesday,November,2020,13013.01,13306.06,12995.15,13135.65,13180.91,-0.34,156.9,19313.2,12530.39,12519.27,75.64,14.31,0.77,Energy,Bullish,No,13180.91,-0.3433753815176662
2020-11-19,Thursday,November,2020,13139.46,13246.88,13130.72,13238.08,13135.65,0.78,227.0,29376.6,12544.05,12518.08,76.96,14.3,1.46,IT,Bullish,No,13135.65,0.7797863067301603
2020-11-20,Friday,November,2020,13184.47,13278.24,13080.03,13173.72,13238.08,-0.49,181.3,23220.0,12555.94,12516.37,71.5,13.92,0.71,Energy,Bullish,No,13238.08,-0.4861732214943601
2020-11-23,Monday,November,2020,13184.47,13414.1,12963.92,13224.8,13173.72,0.39,253.3,32081.6,12568.23,12514.54,76.95,13.59,0.97,Banking,Bullish,No,13173.72,0.38774165535626937
2020-11-24,Tuesday,November,2020,13233.62,13324.46,13049.99,13140.19,13224.8,-0.64,242.4,30210.2,12580.02,12513.56,68.9,13.99,1.24,IT,Bullish,No,13224.8,-0.6397828322545427
2020-11-25,Wednesday,November,2020,13080.27,13210.72,13044.86,13175.05,13140.19,0.27,215.3,27053.4,12594.6,12513.56,70.13,13.8,1.3,Banking,Bullish,No,13140.19,0.2652929676054818
2020-11-26,Thursday,November,2020,13193.59,13387.44,13106.33,13299.48,13175.05,0.94,285.3,35161.6,12613.9,12514.55,74.8,14.62,1.35,Banking,Bullish,No,13175.05,0.9444366435042015
2020-11-27,Friday,November,2020,13340.19,13580.13,13163.62,13402.74,13299.48,0.78,172.6,21575.5,12635.48,12515.51,77.1,14.08,0.83,Auto,Bullish,No,13299.48,0.7764213337664346
2020-11-30,Monday,November,2020,13425.66,13506.36,13359.34,13439.97,13402.74,0.28,267.3,23761.4,12657.37,12516.88,80.64,13.33,1.22,Energy,Bullish,No,13402.74,0.2777790213045957
2020-12-01,Tuesday,December,2020,13419.94,13511.91,13395.24,13487.09,13439.97,0.35,258.8,33453.9,12681.68,12518.18,69.08,13.19,1.43,Metal,Bullish,No,13439.97,0.3505960206756474
2020-12-02,Wednesday,December,2020,13534.51,13617.51,13405.06,13487.77,13487.09,0.01,158.8,20988.9,12701.67,12519.73,69.49,14.13,1.06,Banking,Bullish,No,13487.09,0.005041858547694803
2020-12-03,Thursday,December,2020,13543.91,13586.9,13511.66,13554.63,13487.77,0.5,122.2,16272.1,12723.85,12521.58,68.65,14.35,1.18,Banking,Bullish,No,13487.77,0.4957083342909819
2020-12-04,Friday,December,2020,13567.55,13653.48,13553.64,13639.5,13554.63,0.63,347.3,43672.6,12747.48,12523.5,79.91,14.74,1.27,Realty,Bullish,No,13554.63,0.6261329154687425
2020-12-07,Monday,December,2020,13645.6,13850.38,13495.3,13699.48,13639.5,0.44,262.4,38244.4,12771.89,12526.54,78.59,15.61,1.28,Unknown,Bullish,No,13639.5,0.4397521903295543
2020-12-08,Tuesday,December,2020,13645.6,13840.73,13417.23,13582.83,13699.48,-0.85,323.9,48010.3,12794.55,12528.47,72.85,15.08,0.55,Auto,Bullish,No,13699.48,-0.8514921734255579
2020-12-09,Wednesday,December,2020,13566.26,13697.53,13359.91,13490.44,13582.83,-0.68,210.7,27080.1,12817.34,12529.82,63.03,15.22,0.77,FMCG,Bullish,No,13582.83,-0.6801969839863962
2020-12-10,Thursday,December,2020,13533.83,13690.47,13264.45,13419.77,13490.44,-0.52,163.4,21026.3,12840.62,12531.22,62.62,14.73,0.87,Banking,Bullish,No,13490.44,-0.5238524466214599
2020-12-11,Friday,December,2020,13494.23,13580.25,13369.97,13455.74,13419.77,0.27,250.6,35022.7,12863.0,12532.78,62.03,15.26,1.38,IT,Bullish,No,13419.77,0.26803738067045374
2020-12-14,Monday,December,2020,13438.99,13638.34,13258.81,13457.91,13455.74,0.02,154.7,19073.0,12884.95,12534.9,68.11,15.59,0.37,IT,Bullish,No,13455.74,0.01612694656704182
2020-12-15,Tuesday,December,2020,13450.99,13524.79,13303.3,13376.69,13457.91,-0.6,311.5,45062.9,12904.5,12536.83,60.92,15.04,1.1,Pharma,Bullish,No,13457.91,-0.6035112435734772
2020-12-16,Wednesday,December,2020,13350.72,13457.55,13175.14,13281.42,13376.69,-0.71,270.2,33163.3,12921.25,12538.88,48.99,14.74,0.31,Auto,Neutral,No,13376.69,-0.7122090741431583
2020-12-17,Thursday,December,2020,13264.25,13325.6,13135.37,13196.41,13281.42,-0.64,263.9,36441.7,12937.85,12540.96,38.22,16.06,0.59,Banking,Bearish,No,13281.42,-0.6400671012587525
2020-12-18,Friday,December,2020,13146.61,13186.88,13115.17,13155.42,13196.41,-0.31,247.9,31252.5,12951.28,12542.63,33.83,15.64,0.9,Metal,Bearish,No,13196.41,-0.3106147808381202
2020-12-21,Monday,December,2020,13172.36,13244.24,12895.08,12965.83,13155.42,-1.44,415.1,51918.7,12960.99,12542.75,24.51,15.61,0.74,Realty,Bearish,No,13155.42,-1.4411550524422645
2020-12-22,Tuesday,December,2020,12916.5,13185.45,12697.99,12966.1,12965.83,0.0,259.4,31218.1,12968.95,12542.5,24.48,15.31,1.33,Energy,Bearish,No,12965.83,0.0020823965762348925
2020-12-23,Wednesday,December,2020,12944.77,13127.72,12717.09,12899.4,12966.1,-0.51,233.7,31028.2,12975.11,12542.57,17.94,15.56,0.63,Banking,Bearish,No,12966.1,-0.5144183678978315
2020-12-24,Thursday,December,2020,12897.03,13185.89,12753.87,13041.13,12899.4,1.1,282.5,39014.8,12985.86,12542.91,22.26,15.41,1.55,Banking,Bearish,No,12899.4,1.0987332744158609
2020-12-25,Friday,December,2020,12989.72,13140.25,12908.07,13058.17,13041.13,0.13,174.3,24809.9,12993.83,12543.69,19.04,15.27,0.79,Pharma,Bearish,No,13041.13,0.13066352378973964
2020-12-28,Monday,December,2020,13027.85,13108.56,12937.14,13017.79,13058.17,-0.31,204.1,25674.2,13002.37,12544.22,20.55,16.39,0.56,FMCG,Unknown,No,13058.17,-0.3092316917301521
2020-12-29,Tuesday,December,2020,12973.84,13219.5,12781.14,13026.02,13017.79,0.06,298.2,39785.0,13012.38,12544.56,23.47,24.57,1.49,Energy,Bearish,No,13017.79,0.06322117655915147
2020-12-30,Wednesday,December,2020,13068.99,13174.71,12694.25,12797.77,13026.02,-1.75,311.7,39212.5,13016.4,12544.16,19.89,16.61,0.87,Banking,Bearish,No,13026.02,-1.7522620109596023
2020-12-31,Thursday,December,2020,12852.47,12995.94,12545.15,12686.77,12797.77,-0.87,309.5,39719.8,13019.59,12543.02,15.29,16.8,0.62,Pharma,Bearish,No,12797.77,-0.8673386066478769
2021-01-01,Friday,January,2021,12656.73,12729.95,12558.31,12631.38,12686.77,-0.44,188.6,22216.8,13020.31,12542.4,14.41,17.26,0.43,FMCG,Bearish,No,12686.77,-0.4365965490034204
2021-01-04,Monday,January,2021,12736.09,12822.83,12525.78,12611.67,12631.38,-0.16,278.6,35710.6,13025.02,12541.98,15.21,17.86,0.61,Banking,Bearish,No,12631.38,-0.15603995762932577
2021-01-05,Tuesday,January,2021,12576.33,12822.83,12401.28,12540.77,12611.67,-0.56,236.4,31716.2,13030.16,12541.67,15.56,17.73,1.15,Unknown,Bearish,No,12611.67,-0.5621777290398468
2021-01-06,Wednesday,January,2021,12524.85,12588.21,12353.31,12416.12,12540.77,-0.99,283.8,37799.8,13032.18,12540.52,15.0,17.68,0.8,Pharma,Bearish,No,12540.77,-0.9939581062406824
2021-01-07,Thursday,January,2021,12434.48,12551.28,12235.21,12351.23,12416.12,-0.52,249.9,30763.2,13034.3,12539.5,14.69,17.82,0.51,Auto,Bearish,No,12416.12,-0.522627036465508
2021-01-08,Friday,January,2021,12372.99,12468.41,12308.67,12403.93,12351.23,0.43,252.2,29629.4,13037.4,12539.43,21.96,18.44,1.2,Banking,Bearish,No,12351.23,0.4266781527022064
2021-01-11,Monday,January,2021,12392.06,12569.31,12267.63,12444.36,12403.93,0.33,229.7,30509.5,13037.51,12539.29,24.96,18.28,0.88,Energy,Bearish,No,12403.93,0.3259450835340113
2021-01-12,Tuesday,January,2021,12485.21,12671.21,12267.63,12444.36,12444.36,1.31,361.6,50141.1,13042.99,12539.26,37.16,18.03,0.97,IT,Bearish,No,12444.36,0.0
2021-01-13,Wednesday,January,2021,12652.52,12902.76,12462.6,12711.95,12607.18,0.83,170.9,39537.4,13045.75,12540.3,35.05,18.21,0.96,Metal,Bearish,No,12444.36,2.150291376977202
2021-01-14,Thursday,January,2021,12711.66,12810.09,12598.63,12696.94,12711.95,-0.12,257.9,35524.6,13048.43,12541.56,33.57,18.51,1.28,Metal,Bearish,No,12711.95,-0.11807787160899955
2021-01-15,Friday,January,2021,12691.22,12928.52,12550.37,12786.61,12696.94,0.71,215.0,30149.4,13053.98,12543.53,39.93,18.58,0.73,Banking,Bearish,No,12696.94,0.7062331553901969
2021-01-18,Monday,January,2021,12763.19,12954.64,12662.14,12852.88,12786.61,0.52,267.3,23709.3,13061.18,12546.6,42.82,18.7,1.13,FMCG,Neutral,No,12786.61,0.5182765408501442
2021-01-19,Tuesday,January,2021,12812.77,12889.58,12730.31,12807.08,12852.88,-0.36,366.2,48928.3,13068.76,12549.0,50.45,18.39,0.55,Banking,Neutral,No,12852.88,-0.3563403688511779
2021-01-20,Wednesday,January,2021,12776.33,13086.27,12644.77,12952.89,12807.08,1.14,219.2,28853.2,13065.97,12552.18,62.57,18.37,1.74,Pharma,Bullish,No,12807.08,1.1385108861660853
2021-01-21,Thursday,January,2021,12974.05,13218.56,12810.38,13053.88,12952.89,0.78,267.3,20396.4,13065.32,12555.66,69.13,18.78,1.2,Metal,Bullish,No,12952.89,0.7796715636433244
2021-01-22,Friday,January,2021,13053.91,13082.71,13004.45,13033.21,13053.88,-0.16,285.3,34611.8,13062.36,12559.3,69.07,18.32,1.25,Pharma,Bullish,No,13053.88,-0.15834372615651496
2021-01-25,Monday,January,2021,13023.66,13135.23,12912.64,13024.21,13033.21,-0.07,193.9,24580.8,13061.62,12562.68,73.16,17.81,0.76,IT,Bullish,No,13033.21,-0.0690543618954962
2021-01-26,Tuesday,January,2021,13001.9,13148.76,12903.51,13050.0,13024.21,0.2,306.4,36488.9,13059.0,12566.19,83.55,18.79,1.13,Banking,Bullish,No,13024.21,0.19801584894593127
2021-01-27,Wednesday,January,2021,13028.49,13232.75,12913.33,13116.81,13050.0,0.51,110.4,14808.9,13058.62,12569.84,90.44,17.76,0.97,Banking,Bullish,No,13050.0,0.5119540229885019
2021-01-28,Thursday,January,2021,13115.03,13309.64,12939.09,13133.45,13116.81,0.13,337.6,48122.3,13056.53,12573.1,90.06,18.65,0.64,Auto,Bullish,No,13116.81,0.12686011309153092
2021-01-29,Friday,January,2021,13128.56,13309.64,12936.13,13083.52,13133.45,-0.38,295.7,39154.4,13054.73,12575.88,84.74,18.95,0.62,Realty,Bullish,No,13133.45,-0.3801742877918619
2021-02-01,Monday,February,2021,13083.48,13248.68,12906.98,13072.04,13083.52,-0.09,211.9,25319.3,13051.67,12578.84,80.24,18.6,0.84,Pharma,Bullish,No,13083.52,-0.08774397104142893
2021-02-02,Tuesday,February,2021,13054.6,13183.35,12936.42,13065.08,13072.04,-0.05,118.7,16843.1,13050.17,12581.34,76.32,18.8,0.59,Pharma,Bullish,No,13072.04,-0.053243411127880155
2021-02-03,Wednesday,February,2021,13038.79,13120.48,12951.99,13033.65,13065.08,-0.24,152.2,18381.0,13047.34,12583.56,74.5,17.99,1.16,IT,Bullish,No,13065.08,-0.24056492574098506
2021-02-04,Thursday,February,2021,13033.98,13056.13,12995.13,13017.25,13033.65,-0.13,184.8,25898.3,13041.7,12585.94,68.78,18.6,0.7,Auto,Bullish,No,13033.65,-0.12582814484046784
2021-02-05,Friday,February,2021,13042.63,13220.81,12836.32,13014.11,13017.25,-0.02,264.0,35829.3,13033.92,12588.22,64.63,18.44,1.31,IT,Bullish,No,13017.25,-0.02412183832990392
2021-02-08,Monday,February,2021,12994.25,13028.58,12968.25,13002.57,13014.11,-0.09,172.7,23067.9,13025.18,12590.62,68.92,19.69,0.74,Metal,Bullish,No,13014.11,-0.08867298647391848
2021-02-09,Tuesday,February,2021,12909.44,13260.91,12724.19,13073.3,13002.57,0.54,124.0,16492.5,13016.9,12593.75,63.64,19.63,1.07,Banking,Bullish,No,13002.57,0.5439693845139812
2021-02-10,Wednesday,February,2021,13019.67,13347.76,12876.93,13203.01,13073.3,0.99,282.8,34583.7,13011.21,12596.73,65.86,19.11,1.08,Auto,Bullish,No,13073.3,0.99217489080799
2021-02-11,Thursday,February,2021,13245.56,13455.82,12966.79,13175.95,13203.01,-0.2,290.0,38216.7,13003.63,12599.79,64.97,18.53,0.93,Pharma,Bullish,No,13203.01,-0.2049532644449977
2021-02-12,Friday,February,2021,13215.23,13335.0,12848.7,12966.21,13175.95,-1.59,432.7,52701.4,12990.17,12602.27,45.72,19.08,0.23,Pharma,Neutral,No,13175.95,-1.5918396775944172
2021-02-15,Monday,February,2021,12991.37,13121.3,12763.58,12892.52,12966.21,-0.57,187.0,24455.1,12974.03,12603.78,39.14,19.04,0.54,IT,Bearish,No,12966.21,-0.5683233574035798
2021-02-16,Tuesday,February,2021,12912.35,13116.12,12818.62,12892.52,12892.52,1.0,214.4,27624.3,12962.8,12605.67,43.96,19.22,1.78,FMCG,Neutral,No,12892.52,0.0
2021-02-17,Wednesday,February,2021,13061.36,13169.81,12665.29,12771.33,13021.6,-1.92,138.3,18297.5,12948.42,12606.43,32.27,19.38,0.72,Pharma,Bearish,No,12892.52,-0.9400024200078844
2021-02-18,Thursday,February,2021,12758.18,12823.26,12650.28,12715.14,12771.33,-0.44,149.2,20801.7,12934.33,12606.83,32.07,18.68,1.44,Realty,Bearish,No,12771.33,-0.43996983869338985
2021-02-19,Friday,February,2021,12720.44,12816.23,12496.8,12591.62,12715.14,-0.97,205.1,39537.4,12917.05,12606.99,28.92,17.79,0.64,FMCG,Bearish,No,12715.14,-0.9714403459183196
2021-02-22,Monday,February,2021,12562.47,12778.88,12504.51,12720.19,12591.62,1.02,216.9,28234.1,12902.29,12608.72,36.33,17.73,0.78,IT,Bearish,No,12591.62,1.0210759219226733
2021-02-23,Tuesday,February,2021,12713.5,12873.55,12609.44,12769.04,12720.19,0.38,207.1,39537.4,12890.14,12611.0,52.29,18.67,1.11,IT,Bearish,No,12720.19,0.3840351441291393
2021-02-24,Wednesday,February,2021,12841.68,12943.1,12667.22,12768.05,12769.04,-0.01,255.9,30013.3,12879.87,12613.88,40.14,18.71,0.77,Auto,Neutral,No,12769.04,-0.007753127878067581
2021-02-25,Thursday,February,2021,12736.39,12837.25,12542.46,12642.58,12768.05,-0.98,3003.0,40245.5,12868.79,12616.29,36.59,18.36,0.53,Realty,Bearish,No,12768.05,-0.9826872545141925
2021-02-26,Friday,February,2021,12598.39,12784.8,12502.15,12687.88,12642.58,0.36,207.0,24895.2,12859.44,12618.75,38.91,17.72,1.11,Auto,Bearish,No,12642.58,0.35831293928928487
2021-03-01,Monday,March,2021,12680.51,12750.6,12550.71,12620.47,12687.88,-0.53,247.6,31500.0,12852.54,12621.1,34.01,16.89,1.34,Banking,Bearish,No,12687.88,-0.5312944321667596
2021-03-02,Tuesday,March,2021,12605.33,12736.55,12476.27,12607.47,12620.47,-0.1,143.7,19897.8,12845.36,12623.94,27.08,16.07,1.0,Metal,Bearish,No,12620.47,-0.10300725725745556
2021-03-03,Wednesday,March,2021,12617.53,12734.36,12500.27,12617.1,12607.47,0.08,189.9,26279.4,12839.72,12626.72,28.2,15.26,1.65,Banking,Bearish,No,12607.47,0.07638328705125627
2021-03-04,Thursday,March,2021,12647.11,12880.41,12531.96,12764.19,12617.1,1.17,200.1,24600.2,12834.18,12630.27,41.71,15.85,1.19,Banking,Neutral,No,12617.1,1.1657987968709145
2021-03-05,Friday,March,2021,12749.85,12881.1,12695.88,12826.81,12764.19,0.49,200.0,23764.3,12829.55,12633.86,47.28,15.31,1.61,Banking,Neutral,No,12764.19,0.49059125569267603
2021-03-08,Monday,March,2021,12907.88,13045.91,12616.55,12752.92,12826.81,-0.58,360.3,49975.6,12824.25,12637.14,38.35,15.91,0.86,Energy,Bearish,No,12826.81,-0.5760590513151704
2021-03-09,Tuesday,March,2021,12800.0,12863.29,12635.14,12697.93,12752.92,-0.43,250.4,34298.1,12817.69,12640.2,46.17,15.18,0.23,Metal,Neutral,No,12752.92,-0.4311953654535572
2021-03-10,Wednesday,March,2021,12668.84,12743.7,12536.29,12610.81,12697.93,-0.69,218.9,28245.7,12813.95,12642.64,44.72,14.49,0.82,IT,Neutral,No,12697.93,-0.6860960802272559
2021-03-11,Thursday,March,2021,12607.82,12713.31,12494.9,12600.33,12610.81,-0.08,252.8,28874.7,12812.22,12644.91,50.5,15.39,1.18,FMCG,Neutral,No,12610.81,-0.08310330581461114
2021-03-12,Friday,March,2021,12607.82,12904.33,12461.28,12743.75,12600.33,1.14,252.6,33808.5,12814.47,12647.96,51.32,15.94,0.89,Auto,Neutral,No,12600.33,1.1382241576212693
2021-03-15,Monday,March,2021,12607.82,12752.34,12633.5,12673.66,12743.75,-0.55,348.7,41195.5,12815.71,12650.25,44.77,15.03,0.73,FMCG,Neutral,No,12743.75,-0.5499950956351164
2021-03-16,Tuesday,March,2021,12595.16,12646.11,12486.93,12537.65,12673.66,-1.07,295.4,39537.4,12815.65,12651.49,52.29,15.72,0.49,Banking,Bearish,No,12673.66,-1.0731706547279967
2021-03-17,Wednesday,March,2021,12610.22,12612.09,12504.95,12506.81,12537.65,-0.25,162.7,20084.6,12817.46,12652.27,42.87,24.57,1.21,Banking,Neutral,No,12537.65,-0.2459791109179164
2021-03-18,Thursday,March,2021,12465.27,12663.28,12180.75,12304.1,12506.81,-1.62,381.5,48020.9,12816.52,12651.96,32.7,16.01,0.33,FMCG,Bearish,No,12506.81,-1.6207969897999501
2021-03-19,Friday,March,2021,12335.56,12534.48,12253.52,12451.67,12304.1,1.2,316.4,37672.1,12817.48,12652.35,42.9,24.57,1.28,Energy,Neutral,No,12304.1,1.1993563121235986
2021-03-22,Monday,March,2021,12477.83,12663.28,12356.82,12541.66,12451.67,0.72,283.9,35428.3,12819.42,12653.45,47.4,15.78,0.98,Banking,Neutral,No,12451.67,0.7227143025794915
2021-03-23,Tuesday,March,2021,12510.96,12627.97,12363.48,12541.66,12541.66,-0.49,294.2,38586.7,12816.88,12655.57,44.81,16.4,0.55,Banking,Neutral,No,12541.66,0.0
2021-03-24,Wednesday,March,2021,12553.59,12693.59,12312.06,12450.91,12480.21,-0.23,275.5,34247.5,12811.66,12657.02,36.95,16.5,0.63,IT,Bearish,No,12541.66,-0.7235884244988303
2021-03-25,Thursday,March,2021,12453.32,12553.02,12318.42,12417.83,12450.91,-0.27,264.0,35059.5,12806.08,12658.19,32.54,16.42,0.55,Auto,Bearish,No,12450.91,-0.26568339181634054
2021-03-26,Friday,March,2021,12422.96,12575.92,12358.82,12511.33,12417.83,0.75,247.7,32310.9,12800.57,12659.3,52.29,16.74,0.88,Banking,Bearish,No,12417.83,0.7529495894210181
2021-03-29,Monday,March,2021,12453.59,12701.25,12342.4,12588.86,12511.33,0.62,305.2,35173.5,12795.29,12660.48,45.5,16.27,1.65,Metal,Neutral,No,12511.33,0.6196783235675236
2021-03-30,Tuesday,March,2021,12509.1,12689.15,12388.28,12567.77,12588.86,-0.17,218.1,27996.0,12790.51,12661.12,48.12,15.9,1.36,FMCG,Neutral,No,12588.86,-0.16752906935179313
2021-03-31,Wednesday,March,2021,12558.62,12641.59,12281.76,12363.44,12567.77,-1.63,382.3,48329.8,12778.72,12661.17,41.17,15.04,0.8,FMCG,Neutral,No,12567.77,-1.625825424876489
2021-04-01,Thursday,April,2021,12411.56,12602.07,12307.76,12497.55,12363.44,1.08,303.5,37026.6,12767.59,12662.05,40.76,14.19,1.38,IT,Neutral,No,12363.44,1.0847304633661727
2021-04-02,Friday,April,2021,12427.75,12602.07,12395.19,12438.92,12497.55,-0.47,254.8,30570.6,12755.71,12662.63,41.11,14.69,0.72,Banking,Neutral,No,12497.55,-0.4691319498621666
2021-04-05,Monday,April,2021,12444.34,12589.0,12408.13,12552.47,12438.92,0.91,303.2,34731.9,12746.27,12663.26,50.57,14.67,1.46,IT,Neutral,No,12438.92,0.912860602045831
2021-04-06,Tuesday,April,2021,12555.54,12623.57,12538.49,12606.45,12552.47,0.43,250.9,31289.0,12737.4,12664.41,52.29,14.32,1.58,Metal,Neutral,No,12552.47,0.4300348855643661
2021-04-07,Wednesday,April,2021,12653.38,12817.96,12537.55,12701.69,12606.45,0.76,334.0,41037.2,12729.1,12666.0,66.38,14.13,1.32,Banking,Bullish,No,12606.45,0.7554862788493174
2021-04-08,Thursday,April,2021,12740.42,12880.05,12501.62,12640.15,12701.69,-0.48,301.3,41520.5,12719.23,12667.15,58.36,15.31,0.72,Banking,Neutral,No,12701.69,-0.4845024559724011
2021-04-09,Friday,April,2021,12645.47,12752.61,12501.62,12723.38,12640.15,0.66,257.1,33851.3,12712.03,12668.5,58.11,13.66,1.4,Banking,Neutral,No,12640.15,0.6584573759013901
2021-04-12,Monday,April,2021,12719.81,13189.9,12609.85,13076.86,12723.38,2.78,159.6,20704.0,12712.12,12671.87,71.12,13.14,2.93,Energy,Bullish,No,12723.38,2.778192587189893
2021-04-13,Tuesday,April,2021,13048.62,13199.07,12920.89,13071.12,13076.86,-0.04,274.0,37638.6,12712.25,12674.88,72.33,13.31,0.75,Banking,Bullish,No,13076.86,-0.04389432937264589
2021-04-14,Wednesday,April,2021,13026.2,13109.6,12940.96,13024.35,13071.12,-0.36,263.0,36163.8,12712.06,12678.31,71.62,14.28,0.57,IT,Bullish,No,13071.12,-0.35781172539155354
2021-04-15,Thursday,April,2021,12999.87,13351.71,12812.59,13162.09,13024.35,1.06,418.0,54802.5,12714.96,12682.91,72.49,14.27,1.72,FMCG,Bullish,No,13024.35,1.0575575748501826
2021-04-16,Friday,April,2021,13118.39,13245.6,12812.59,13216.9,13162.09,0.42,162.8,19691.4,12719.01,12688.28,72.05,14.22,1.45,FMCG,Bullish,No,13162.09,0.41642322761810235
2021-04-19,Monday,April,2021,13212.73,13456.38,13126.98,13369.61,13216.9,1.16,264.0,37276.2,12726.35,12694.33,75.77,14.2,1.07,Banking,Bullish,No,13216.9,1.1554146585054055
2021-04-20,Tuesday,April,2021,13368.22,13417.0,13126.98,13189.27,13369.61,-1.35,195.6,23684.2,12728.67,12700.02,76.95,13.5,0.64,FMCG,Bullish,No,13369.61,-1.3488800346457386
2021-04-21,Wednesday,April,2021,13178.4,13302.05,13014.21,13137.47,13189.27,-0.39,196.0,27539.1,12727.36,12705.41,72.07,13.21,0.77,Banking,Bullish,No,13189.27,-0.3927434952806417
2021-04-22,Thursday,April,2021,13141.78,13208.44,13014.21,13135.08,13137.47,-0.02,314.4,39926.9,12726.54,12710.7,74.98,13.82,0.62,Banking,Bullish,No,13137.47,-0.01819223944944817
2021-04-23,Friday,April,2021,13116.99,13248.99,13115.72,13247.7,13135.08,0.86,162.6,22136.3,12732.17,12716.76,74.97,14.61,0.93,Auto,Bullish,No,13135.08,0.8573986606857422
2021-04-26,Monday,April,2021,13281.15,13418.96,13115.72,13273.82,13247.7,0.2,146.3,20353.3,12739.8,12722.67,74.45,14.86,0.89,Energy,Bullish,No,13247.7,0.19716630056537346
2021-04-27,Tuesday,April,2021,13282.93,13453.97,13185.0,13355.51,13273.82,0.62,285.4,34573.2,12746.48,12728.88,74.2,15.35,1.25,Realty,Bullish,No,13273.82,0.615421935810494
2021-04-28,Wednesday,April,2021,13336.12,13432.2,13245.81,13341.85,13355.51,-0.1,236.7,30851.4,12757.89,12735.13,76.92,14.88,1.18,Metal,Bullish,No,13355.51,-0.10227988298462473
2021-04-29,Thursday,April,2021,13295.16,13750.31,13128.84,13580.42,13341.85,1.79,288.1,39940.1,12775.19,12743.06,79.38,14.7,1.48,IT,Bullish,No,13341.85,1.7881328301547366
2021-04-30,Friday,April,2021,13577.1,13643.29,13456.2,13522.12,13580.42,-0.43,87.6,12670.2,12793.8,12750.45,69.14,14.27,0.78,Pharma,Bullish,No,13580.42,-0.42929452844609567
2021-05-03,Monday,May,2021,13568.41,13711.91,13291.94,13522.12,13522.12,-0.65,328.8,46094.9,12808.08,12757.59,64.57,15.47,0.96,Pharma,Bullish,No,13522.12,0.0
2021-05-04,Tuesday,May,2021,13457.78,13633.53,13307.63,13483.1,13434.02,0.37,224.1,32609.6,12822.36,12764.69,68.38,15.51,1.03,FMCG,Bullish,No,13522.12,-0.2885642192200663
2021-05-05,Wednesday,May,2021,13513.77,13591.47,13227.18,13303.68,13483.1,-1.33,226.2,27581.5,12833.07,12770.27,55.49,14.78,0.48,Banking,Neutral,No,13483.1,-1.3307028799015068
2021-05-06,Thursday,May,2021,13332.58,13439.69,13077.07,13182.98,13303.68,-0.91,285.1,34366.1,12843.88,12775.61,48.75,14.86,1.05,IT,Neutral,No,13303.68,-0.9072677635060429
2021-05-07,Friday,May,2021,13231.06,13425.75,12915.07,13107.95,13182.98,-0.57,324.0,44283.4,12852.28,12780.09,39.76,13.58,0.7,Realty,Bearish,No,13182.98,-0.5691429403670403
2021-05-10,Monday,May,2021,13141.85,13193.9,12915.07,13082.53,13107.95,-0.19,213.7,27390.0,12861.52,12784.5,45.25,12.86,0.75,Auto,Neutral,No,13107.95,-0.19392811232877813
2021-05-11,Tuesday,May,2021,13141.85,13222.14,12940.32,13073.93,13082.53,-0.07,184.3,24006.7,12870.85,12788.52,47.06,12.27,0.8,IT,Neutral,No,13082.53,-0.06573652038252818
2021-05-12,Wednesday,May,2021,13057.96,13165.67,12940.56,13048.19,13073.93,-0.2,232.0,30903.4,12879.48,12792.31,46.06,12.53,0.88,Energy,Neutral,No,13073.93,-0.19688035655690203
2021-05-13,Thursday,May,2021,13082.48,13313.46,12911.33,13141.53,13048.19,0.72,278.5,40156.2,12887.02,12796.18,45.1,12.84,1.62,Pharma,Neutral,No,13048.19,0.715348259030564
2021-05-14,Friday,May,2021,13046.16,13247.33,12943.55,13143.95,13141.53,0.02,249.5,29955.3,12893.37,12800.3,43.87,13.15,1.14,Auto,Neutral,No,13141.53,0.01841490298313874
2021-05-17,Monday,May,2021,13193.93,13335.67,13022.26,13163.68,13143.95,0.15,212.7,25809.0,12901.58,12804.87,40.39,14.17,1.01,Auto,Neutral,No,13143.95,0.15010708348707627
2021-05-18,Tuesday,May,2021,13190.93,13223.97,13169.85,13202.87,13163.68,0.3,308.7,43441.6,12911.68,12809.35,52.29,13.49,1.07,Auto,Neutral,No,13163.68,0.2977131015035348
2021-05-19,Wednesday,May,2021,13267.77,13275.42,13216.82,13224.45,13202.87,0.16,175.5,20983.3,12923.95,12813.57,27.94,13.94,1.28,Realty,Bearish,No,13202.87,0.16344931064230675
2021-05-20,Thursday,May,2021,13180.03,13249.08,13129.91,13198.88,13224.45,-0.19,219.3,28658.3,12935.92,12817.29,29.12,14.22,0.9,FMCG,Bearish,No,13224.45,-0.1933539769139853
2021-05-21,Friday,May,2021,13244.89,13327.46,12965.1,13046.43,13198.88,-1.16,267.8,36853.8,12941.98,12821.5,26.88,24.57,0.57,Auto,Bearish,No,13198.88,-1.1550222443116303
2021-05-24,Monday,May,2021,13072.4,13370.23,12986.34,13282.79,13046.43,1.81,216.5,27004.6,12954.16,12826.47,40.23,14.19,1.7,Unknown,Neutral,No,13046.43,1.8116833493913704
2021-05-25,Tuesday,May,2021,13258.58,13443.75,13094.58,13279.49,13282.79,-0.02,243.0,30249.2,12969.0,12830.69,48.58,13.92,0.78,Auto,Neutral,No,13282.79,-0.024844178068019532
2021-05-26,Wednesday,May,2021,13274.06,13523.57,13188.73,13437.2,13279.49,1.19,284.3,36752.2,12987.6,12835.49,64.34,14.69,1.98,Metal,Bullish,No,13279.49,1.1876209101403814
2021-05-27,Thursday,May,2021,13428.88,13709.86,13188.73,13599.77,13437.2,1.21,268.3,33934.1,13013.52,12841.08,75.25,14.87,1.97,Unknown,Bullish,No,13437.2,1.2098502664245505
2021-05-28,Friday,May,2021,13584.88,13701.14,13331.84,13446.92,13599.77,-1.12,307.2,42784.1,13033.42,12845.28,66.54,15.73,0.65,FMCG,Bullish,No,13599.77,-1.123916066227593
2021-05-31,Monday,May,2021,13392.51,13531.86,13331.84,13458.19,13446.92,0.08,212.5,26883.5,13051.75,12849.14,67.4,16.11,0.99,FMCG,Bullish,No,13446.92,0.083811013971976
2021-06-01,Tuesday,June,2021,13505.6,13612.66,13268.24,13374.25,13458.19,-0.62,336.0,42482.6,13069.63,12852.41,64.03,16.56,0.53,IT,Bullish,No,13458.19,-0.6237094289796808
2021-06-02,Wednesday,June,2021,13336.28,13499.04,13106.11,13268.04,13374.25,-0.79,288.3,38825.0,13085.98,12854.78,55.38,16.61,0.76,Energy,Neutral,No,13374.25,-0.7941379890461082
2021-06-03,Thursday,June,2021,13226.26,13347.9,13030.11,13151.06,13268.04,-0.88,287.0,41271.4,13100.64,12857.49,50.28,17.78,0.41,IT,Neutral,No,13268.04,-0.8816675258742163
2021-06-04,Friday,June,2021,13198.37,13335.27,12928.05,13063.56,13151.06,-0.67,213.1,30142.8,13111.69,12859.54,46.31,16.66,0.73,FMCG,Neutral,No,13151.06,-0.6653456071221636
2021-06-07,Monday,June,2021,13008.59,13306.84,12887.18,13183.8,13063.56,0.92,152.3,21542.7,13123.58,12861.74,49.34,17.18,1.53,Metal,Neutral,No,13063.56,0.9204229168771743
2021-06-08,Tuesday,June,2021,13171.83,13444.74,12979.67,13251.42,13183.8,0.51,293.7,39160.1,13137.26,12865.4,50.91,17.19,1.48,Banking,Neutral,No,13183.8,0.5129021981522839
2021-06-09,Wednesday,June,2021,13211.89,13261.97,13071.78,13121.52,13251.42,-0.98,156.2,19666.8,13152.42,12867.94,47.57,17.12,1.11,Banking,Neutral,No,13251.42,-0.9802723028928193
2021-06-10,Thursday,June,2021,13185.95,13423.33,12867.95,13103.85,13121.52,-0.13,210.7,28746.1,13164.55,12870.56,51.97,17.0,1.1,Unknown,Neutral,No,13121.52,-0.1346642766996512
2021-06-11,Friday,June,2021,13148.81,13361.42,12991.22,13203.18,13103.85,0.76,310.5,40090.5,13179.83,12873.5,46.98,16.21,0.99,Metal,Neutral,No,13103.85,0.7580214974988261
2021-06-14,Monday,June,2021,13170.63,13338.06,12860.47,13026.06,13203.18,-1.34,235.9,32436.4,13189.3,12875.74,41.5,16.45,1.0,Banking,Neutral,No,13203.18,-1.3414950034764412
2021-06-15,Tuesday,June,2021,12987.1,13315.47,12815.15,13141.48,13026.06,0.89,236.2,28036.7,13200.0,12878.88,39.79,16.96,1.59,Banking,Bearish,No,13026.06,0.8860699244437695
2021-06-16,Wednesday,June,2021,13171.73,13331.71,12900.53,13059.14,13141.48,-0.63,167.9,22055.8,13207.15,12881.32,30.25,16.53,0.67,IT,Bearish,No,13141.48,-0.6265656531836609
2021-06-17,Thursday,June,2021,13076.12,13113.25,13030.47,13067.58,13059.14,0.06,167.9,21226.7,13215.7,12883.88,34.5,16.08,0.72,Energy,Bearish,No,13059.14,0.06462906439474965
2021-06-18,Friday,June,2021,13053.7,13098.97,12958.87,13003.97,13067.58,-0.49,196.7,24295.0,13221.31,12886.0,32.21,15.43,0.9,Energy,Bearish,No,13067.58,-0.4867771997569602
2021-06-21,Monday,June,2021,12986.55,13237.9,12846.34,13096.5,13003.97,0.71,227.6,39537.4,13221.7,12888.43,39.19,15.55,1.63,Banking,Bearish,No,13003.97,0.7115519337556198
2021-06-22,Tuesday,June,2021,13087.31,13222.24,12930.8,13065.51,13096.5,-0.24,239.6,32296.5,13221.59,12891.01,41.63,16.48,0.79,Realty,Neutral,No,13096.5,-0.23662810674607554
2021-06-23,Wednesday,June,2021,13100.86,13252.09,12873.43,13023.77,13065.51,-0.32,249.9,29533.0,13221.58,12893.9,44.39,16.16,0.94,IT,Neutral,No,13065.51,-0.3194670548642937
2021-06-24,Thursday,June,2021,13085.14,13192.26,12890.46,12996.86,13023.77,-0.21,317.1,44903.2,13218.28,12897.21,46.89,16.66,1.11,IT,Neutral,No,13023.77,-0.20662219925566752
2021-06-25,Friday,June,2021,13067.93,13103.62,12987.3,13022.86,12996.86,0.2,200.8,25427.4,13214.4,12900.7,41.79,16.41,0.63,IT,Neutral,No,12996.86,0.20004831936329234
2021-06-28,Monday,June,2021,12994.17,13092.4,12802.34,12899.86,13022.86,-0.94,301.1,42084.0,13205.0,12903.48,33.02,16.18,0.5,Auto,Bearish,No,13022.86,-0.9444929915548504
2021-06-29,Tuesday,June,2021,12902.11,13043.59,12758.48,12899.93,12899.86,0.0,181.9,23857.9,13199.21,12906.62,37.76,17.03,1.49,Auto,Bearish,No,12899.86,0.0005426415480455521
2021-06-30,Wednesday,June,2021,12951.92,13042.42,12784.43,12874.39,12899.93,-0.2,330.5,43848.4,13193.95,12908.55,37.43,17.22,0.35,Unknown,Bearish,No,12899.93,-0.19798557046434262
2021-07-01,Thursday,July,2021,12840.77,12943.25,12556.6,12657.62,12874.39,-1.68,313.0,43267.3,13184.4,12909.61,23.53,17.84,0.8,Auto,Bearish,No,12874.39,-1.6837302582879548
2021-07-02,Friday,July,2021,12631.72,12807.34,12529.15,12704.18,12657.62,0.37,225.9,30548.1,13173.53,12910.84,32.12,17.81,1.48,Metal,Bearish,No,12657.62,0.36784166375668953
2021-07-05,Monday,July,2021,12734.55,12809.84,12623.9,12698.98,12704.18,-0.04,174.5,20564.4,13162.04,12911.94,21.98,17.98,1.11,Unknown,Bearish,No,12704.18,-0.04093140997687948
2021-07-06,Tuesday,July,2021,12681.12,12741.28,12593.02,12653.05,12698.98,-0.36,292.5,33347.8,13147.99,12912.95,23.05,18.44,0.92,Metal,Bearish,No,12698.98,-0.3616825918302123
2021-07-07,Wednesday,July,2021,12681.12,12917.1,12390.03,12708.26,12653.05,0.44,249.5,30493.3,13135.32,12914.74,27.54,24.57,0.65,Banking,Bearish,No,12653.05,0.4363374838477754
2021-07-08,Thursday,July,2021,12676.73,13252.49,12496.28,13066.5,12708.26,2.82,369.4,48157.0,13125.04,12918.79,52.86,18.33,2.09,IT,Neutral,No,12708.26,2.8189539716688183
2021-07-09,Friday,July,2021,13105.32,13381.48,12944.38,13219.14,13066.5,1.17,214.4,29657.7,13118.98,12923.21,55.31,24.57,1.26,IT,Neutral,No,13066.5,1.1681781655378212
2021-07-12,Monday,July,2021,13229.02,13356.81,13026.78,13153.85,13219.14,-0.49,197.9,26869.9,13113.37,12927.17,53.71,17.54,1.2,IT,Neutral,No,13219.14,-0.49390504979899646
2021-07-13,Tuesday,July,2021,13092.2,13281.35,13040.08,13228.68,13153.85,0.57,142.6,18158.0,13108.29,12931.32,58.38,17.48,1.29,Metal,Neutral,No,13153.85,0.5688828745956501
2021-07-14,Wednesday,July,2021,13204.51,13357.01,12933.98,13085.1,13228.68,-1.09,267.3,32235.4,13103.91,12934.53,53.3,17.35,0.2,FMCG,Neutral,No,13228.68,-1.0853690617657992
2021-07-15,Thursday,July,2021,13156.65,13320.6,12933.98,13132.62,13085.1,0.36,209.3,28316.3,13102.91,12938.36,54.03,16.57,0.89,IT,Neutral,No,13085.1,0.36316115276154126
2021-07-16,Friday,July,2021,13129.88,13362.56,13042.93,13274.65,13132.62,1.08,192.8,25663.9,13106.24,12942.31,63.59,16.63,0.89,IT,Bullish,No,13132.62,1.0815054421737538
2021-07-19,Monday,July,2021,13264.96,13338.59,13215.49,13289.03,13274.65,0.11,221.1,30492.5,13110.37,12946.35,63.96,16.56,0.64,Energy,Bullish,No,13274.65,0.10832677321060079
2021-07-20,Tuesday,July,2021,13289.36,13418.37,12810.1,12935.68,13289.03,-2.66,335.7,43296.7,13107.61,12948.19,51.78,18.54,0.37,Auto,Neutral,No,13289.03,-2.658960059537832
2021-07-21,Wednesday,July,2021,12943.64,13102.48,12639.92,12796.96,12935.68,-1.07,230.6,29685.0,13102.58,12949.22,54.24,18.63,0.57,FMCG,Neutral,No,12935.68,-1.072382742925004
2021-07-22,Thursday,July,2021,12781.96,12897.72,12712.43,12827.94,12796.96,0.24,180.6,25209.6,13096.31,12950.84,53.8,19.36,0.86,Metal,Neutral,No,12796.96,0.24208874607720415
2021-07-23,Friday,July,2021,12879.53,13009.8,12678.3,12807.85,12827.94,-0.16,237.8,29781.9,13089.59,12951.58,53.31,19.83,0.94,Realty,Neutral,No,12827.94,-0.15661127195793048
2021-07-26,Monday,July,2021,12789.75,12943.61,12733.86,12887.29,12807.85,0.62,204.1,27648.1,13084.06,12953.07,56.99,20.51,1.09,Energy,Neutral,No,12807.85,0.6202446156068389
2021-07-27,Tuesday,July,2021,12925.71,12943.61,12881.07,13089.55,12887.29,1.57,395.9,50108.1,13081.79,12955.89,60.46,20.71,1.57,FMCG,Neutral,No,12887.29,1.5694533140792082
2021-07-28,Wednesday,July,2021,13161.11,13345.56,13045.04,13228.89,13089.55,1.06,267.3,33443.0,13081.88,12959.05,55.06,20.67,1.99,Banking,Neutral,No,13089.55,1.0645132949566651
2021-07-29,Thursday,July,2021,13243.88,13306.69,13089.68,13152.05,13228.89,-0.58,304.3,43436.9,13080.94,12962.17,47.81,21.18,0.8,Pharma,Neutral,No,13228.89,-0.5808499428145532
2021-07-30,Friday,July,2021,13110.71,13379.42,12983.27,13250.62,13152.05,0.75,188.5,25969.9,13085.03,12965.45,53.1,20.9,1.59,Energy,Neutral,No,13152.05,0.7494649123140615
2021-08-02,Monday,August,2021,13258.1,13309.19,13237.71,13288.75,13250.62,0.29,267.3,32407.1,13085.15,12970.01,52.29,21.34,0.52,Metal,Neutral,No,13250.62,0.28776011990381734
2021-08-03,Tuesday,August,2021,13266.27,13396.86,13205.62,13335.89,13288.75,0.35,180.5,26452.3,13086.28,12975.27,52.29,21.47,1.0,Auto,Neutral,No,13288.75,0.3547361489982084
2021-08-04,Wednesday,August,2021,13371.82,13722.71,13209.8,13558.43,13335.89,1.67,327.6,39977.5,13088.7,12981.49,63.27,21.01,1.18,Auto,Neutral,No,13335.89,1.6687300210184763
2021-08-05,Thursday,August,2021,13566.86,13844.21,13420.74,13696.7,13558.43,1.02,266.7,39537.4,13090.64,12988.74,63.19,21.74,1.41,Pharma,Neutral,No,13558.43,1.019808340641213
2021-08-06,Friday,August,2021,13691.81,13942.74,13559.33,13809.12,13696.7,0.82,379.4,48209.6,13097.88,12996.55,65.31,22.4,1.5,Metal,Neutral,No,13696.7,0.8207816481342226
2021-08-09,Monday,August,2021,13767.35,13936.57,13681.74,13850.45,13809.12,0.3,212.2,26865.5,13105.73,13003.6,83.0,22.82,1.36,Banking,Neutral,No,13809.12,0.299294958693964
2021-08-10,Tuesday,August,2021,13773.13,14005.98,13662.19,13894.07,13850.45,0.31,130.1,19044.4,13116.12,13011.41,92.49,21.38,1.06,Auto,Neutral,No,13850.45,0.31493561581030927
2021-08-11,Wednesday,August,2021,13860.24,14173.2,13761.82,14073.27,13894.07,1.29,280.1,38238.1,13132.23,13018.9,93.26,21.22,1.79,IT,Neutral,No,13894.07,1.2897588683517553
2021-08-12,Thursday,August,2021,14100.76,14427.16,13856.32,14181.33,14073.27,0.77,270.0,41489.2,13152.83,13027.0,94.97,20.73,1.35,Energy,Neutral,No,14073.27,0.7678386046739634
2021-08-13,Friday,August,2021,14231.65,14363.52,14072.81,14204.42,14181.33,0.16,190.5,27300.3,13175.65,13035.47,94.78,19.96,1.22,Banking,Bullish,No,14181.33,0.16281970731941325
2021-08-16,Monday,August,2021,14191.21,14363.52,14121.2,14339.41,14204.42,0.95,221.8,31080.4,13198.76,13044.71,94.53,19.87,1.17,Metal,Bullish,No,14204.42,0.950337993385156
2021-08-17,Tuesday,August,2021,14298.77,14490.83,14189.01,14380.44,14339.41,0.29,162.4,21361.5,13221.34,13054.47,94.11,19.64,0.94,Banking,Bullish,No,14339.41,0.2861345062314325
2021-08-18,Wednesday,August,2021,14388.63,14603.33,14370.24,14584.69,14380.44,1.42,318.9,46181.6,13250.61,13061.93,50.0,19.61,1.38,Banking,Neutral,No,14380.44,1.4203320621622149
2021-08-19,Thursday,August,2021,14614.81,14620.44,14490.56,14496.14,14584.69,-0.61,286.0,39617.3,13278.45,13068.98,93.78,19.73,1.18,IT,Bullish,No,14584.69,-0.6071435183058473
2021-08-20,Friday,August,2021,14529.94,14731.19,14160.47,14359.36,14496.14,-0.94,413.5,54348.2,13301.58,13074.87,85.19,20.32,0.54,Realty,Neutral,No,14496.14,-0.9435615274134966
2021-08-23,Monday,August,2021,14367.74,14572.3,14237.07,14440.96,14359.36,0.57,238.2,35570.6,13329.88,13081.77,85.52,20.88,0.73,Auto,Neutral,No,14359.36,0.5682704521649888
2021-08-24,Tuesday,August,2021,14530.65,14620.65,14297.57,14386.68,14440.96,-0.38,248.0,39085.1,13354.78,13087.8,79.85,20.03,0.81,Banking,Neutral,No,14440.96,-0.37587528806948317
2021-08-25,Wednesday,August,2021,14441.45,14835.9,14327.45,14719.7,14386.68,2.31,318.6,45761.3,13387.99,13095.72,82.33,20.73,1.59,IT,Neutral,No,14386.68,2.3147800604448032
2021-08-26,Thursday,August,2021,14665.7,14930.78,14554.49,14818.41,14719.7,0.67,415.7,59102.4,13423.01,13103.62,82.17,19.6,1.54,Banking,Bullish,No,14719.7,0.6705979062073216
2021-08-27,Friday,August,2021,14753.17,14875.18,14620.75,14742.68,14818.41,-0.51,282.7,38259.7,13457.78,13111.46,77.83,19.45,0.88,Banking,Bullish,No,14818.41,-0.5110534800967146
2021-08-30,Monday,August,2021,14692.69,14877.69,14620.75,14480.18,14742.68,-1.78,310.8,42512.5,13485.46,13117.74,66.09,20.07,0.54,FMCG,Neutral,No,14742.68,-1.7805446499550963
2021-08-31,Tuesday,August,2021,14530.93,14678.3,14117.51,14262.15,14480.18,-1.51,422.6,57679.8,13509.39,13123.35,55.08,19.54,0.82,IT,Neutral,No,14480.18,-1.505713326768042
2021-09-01,Wednesday,September,2021,14189.02,14507.66,14098.75,14415.95,14262.15,1.08,269.8,37682.1,13537.23,13129.55,56.15,19.93,1.45,Auto,Neutral,No,14262.15,1.0783787858071967
2021-09-02,Thursday,September,2021,14435.74,14497.37,14421.24,14415.95,14415.95,0.46,455.6,67751.7,13566.95,13135.47,57.14,19.3,0.86,Banking,Neutral,No,14415.95,0.0
2021-09-03,Friday,September,2021,14475.43,14533.2,14385.46,14443.1,14482.82,-0.27,333.6,44470.9,13595.36,13140.67,52.8,20.0,1.03,Energy,Neutral,No,14415.95,0.18833306164352426
2021-09-06,Monday,September,2021,14389.16,14583.92,14230.39,14424.76,14443.1,-0.13,225.1,29602.5,13625.85,13145.6,51.21,19.34,1.32,IT,Unknown,No,14443.1,-0.1269810497746339
2021-09-07,Tuesday,September,2021,14435.53,14654.9,14229.85,14449.02,14424.76,0.17,259.2,40677.1,13656.84,13150.41,45.89,19.35,1.06,FMCG,Neutral,No,14424.76,0.16818304082702393
2021-09-08,Wednesday,September,2021,14441.37,14775.07,14229.85,14709.05,14449.02,1.8,316.0,49261.9,13693.53,13156.51,55.84,19.08,1.62,Pharma,Neutral,No,14449.02,1.799637622482347
2021-09-09,Thursday,September,2021,14744.66,14901.6,14687.4,14843.95,14709.05,0.92,310.7,44074.5,13737.26,13162.96,63.3,19.05,1.15,Banking,Bullish,No,14709.05,0.9171224518238871
2021-09-10,Friday,September,2021,14771.5,14935.0,14687.4,14841.93,14843.95,-0.01,185.9,28357.0,13780.01,13168.97,61.51,18.84,1.06,IT,Bullish,No,14843.95,-0.013608237699537094
2021-09-13,Monday,September,2021,14802.14,15026.21,14687.4,14528.61,14841.93,-2.11,453.6,67120.9,13816.6,13173.12,53.55,20.85,0.44,Banking,Neutral,No,14841.93,-2.1110462049073115
2021-09-14,Tuesday,September,2021,14490.54,14742.71,14366.05,14617.14,14528.61,0.61,211.1,39537.4,13855.88,13178.29,47.08,21.18,1.55,Energy,Neutral,No,14528.61,0.6093494147065606
2021-09-15,Wednesday,September,2021,14646.15,14718.66,14501.34,14573.49,14617.14,-0.3,250.3,39098.7,13893.19,13183.7,42.8,20.2,1.43,Banking,Neutral,No,14617.14,-0.2986220286595027
2021-09-16,Thursday,September,2021,14563.1,14726.33,14467.63,14630.42,14573.49,0.39,261.5,37170.1,13924.47,13189.76,46.66,21.13,1.28,FMCG,Neutral,No,14573.49,0.3906408142455945
2021-09-17,Friday,September,2021,14682.25,14828.69,14595.81,14741.9,14630.42,0.76,238.9,36351.2,13954.92,13196.19,58.54,24.57,1.71,Unknown,Neutral,No,14630.42,0.7619740239856378
2021-09-20,Monday,September,2021,14724.26,15000.16,14564.99,14839.65,14741.9,0.66,175.6,27632.6,13988.64,13203.1,70.46,21.45,1.32,FMCG,Neutral,No,14741.9,0.6630759942748221
2021-09-21,Tuesday,September,2021,14849.47,15084.3,14429.16,14661.01,14839.65,-1.2,295.4,45034.9,14017.29,13209.52,58.53,20.29,0.79,FMCG,Neutral,No,14839.65,-1.2038019764617052
2021-09-22,Wednesday,September,2021,14726.29,14851.81,14526.72,14651.6,14661.01,-0.06,238.1,37830.7,14048.62,13216.37,56.12,19.19,1.75,Banking,Neutral,No,14661.01,-0.06418384545130147
2021-09-23,Thursday,September,2021,14573.67,14754.02,14259.75,14438.43,14651.6,-1.45,274.1,39533.7,14074.73,13222.58,49.85,18.01,0.49,Energy,Neutral,No,14651.6,-1.4549264244178115
2021-09-24,Friday,September,2021,14439.69,14484.46,14401.92,14446.67,14438.43,0.06,205.5,31484.9,14098.17,13229.03,50.71,17.75,0.69,Unknown,Neutral,No,14438.43,0.05706991688154309
2021-09-27,Monday,September,2021,14445.3,14696.13,13969.61,14216.47,14446.67,-1.59,310.2,47713.4,14116.72,13235.29,43.35,17.73,1.14,Pharma,Neutral,No,14446.67,-1.593446794313158
2021-09-28,Tuesday,September,2021,14445.3,14452.78,14145.37,14414.67,14216.47,1.39,363.5,52995.2,14146.3,13242.53,41.27,18.0,1.67,Energy,Neutral,No,14216.47,1.3941576214067257
2021-09-29,Wednesday,September,2021,14407.58,14619.85,14222.48,14434.41,14414.67,0.14,297.3,38770.6,14179.05,13250.21,36.97,19.0,0.7,Auto,Bearish,No,14414.67,0.13694382181485792
2021-09-30,Thursday,September,2021,14447.93,14619.85,14312.78,14665.73,14434.41,1.6,327.8,51131.9,14215.81,13258.33,45.11,18.66,1.49,FMCG,Neutral,No,14434.41,1.6025594395614347
2021-10-01,Friday,October,2021,14632.9,14676.32,14512.2,14555.39,14665.73,-0.75,232.2,36136.6,14250.76,13265.82,50.84,17.85,0.89,Pharma,Neutral,No,14665.73,-0.7523662306615501
2021-10-04,Monday,October,2021,14557.81,14820.38,14392.76,14654.23,14555.39,0.68,233.3,33503.5,14286.09,13274.0,51.15,18.19,1.01,Metal,Neutral,No,14555.39,0.679061158787227
2021-10-05,Tuesday,October,2021,14609.4,14793.56,14494.22,14677.84,14654.23,0.16,213.4,29625.3,14317.86,13282.26,53.29,18.84,0.69,Auto,Neutral,No,14654.23,0.16111388998262333
2021-10-06,Wednesday,October,2021,14668.84,14793.56,14507.19,14570.62,14677.84,-0.73,229.8,36685.3,14344.7,13291.12,48.17,19.15,1.0,Energy,Neutral,No,14677.84,-0.7304889547780827
2021-10-07,Thursday,October,2021,14611.22,14850.81,14493.7,14732.32,14570.62,1.11,208.8,31078.7,14376.3,13301.35,49.72,19.58,0.82,FMCG,Neutral,No,14570.62,1.1097674635670884
2021-10-08,Friday,October,2021,14775.43,14869.27,14754.74,14732.32,14732.32,0.79,212.3,31625.3,14408.26,13312.43,50.26,18.51,1.11,Auto,Neutral,No,14732.32,0.0
2021-10-11,Monday,October,2021,14900.71,15101.97,14810.25,15010.85,14848.47,1.09,310.2,50717.8,14442.7,13324.43,60.35,18.52,1.2,Banking,Bullish,No,14732.32,1.8906051456932829
2021-10-12,Tuesday,October,2021,15006.27,15068.43,14921.86,14983.93,15010.85,-0.18,190.5,28019.7,14475.66,13336.65,59.73,17.87,0.64,FMCG,Neutral,No,15010.85,-0.17933694627552785
2021-10-13,Wednesday,October,2021,14969.24,15078.07,14622.81,14729.9,14983.93,-1.7,308.4,48590.0,14499.09,13348.21,58.33,18.34,0.33,Banking,Neutral,No,14983.93,-1.6953496178906378
2021-10-14,Thursday,October,2021,14762.51,14778.41,14638.13,14653.91,14729.9,-0.52,246.0,37495.3,14518.23,13359.73,52.29,18.61,0.77,FMCG,Neutral,No,14729.9,-0.515889449351318
2021-10-15,Friday,October,2021,14705.21,14717.5,14431.81,14443.89,14653.91,-1.43,320.2,50575.6,14530.93,13369.93,56.33,18.47,0.2,Banking,Neutral,No,14653.91,-1.4332011046881032
2021-10-18,Monday,October,2021,14447.51,14514.02,14326.24,14443.89,14443.89,-0.36,198.2,28118.9,14541.77,13379.67,49.33,19.59,0.96,Auto,Neutral,No,14443.89,0.0
2021-10-19,Tuesday,October,2021,14457.79,14571.24,14179.62,14291.76,14392.5,-0.7,56.8,8779.5,14549.72,13388.09,45.88,18.88,1.01,IT,Neutral,No,14443.89,-1.0532481208317095
2021-10-20,Wednesday,October,2021,14322.23,14481.63,14263.41,14422.4,14291.76,0.91,228.3,33379.9,14556.71,13396.64,42.54,19.18,1.74,Metal,Neutral,No,14291.76,0.9140931557764712
2021-10-21,Thursday,October,2021,14397.69,14570.64,14263.41,14428.57,14422.4,0.04,166.7,23936.4,14561.65,13405.3,45.84,19.06,1.0,IT,Neutral,No,14422.4,0.042780674506324
2021-10-22,Friday,October,2021,14409.09,14684.22,14253.35,14527.2,14428.57,0.68,127.9,17858.1,14568.11,13414.0,45.84,24.57,0.58,Metal,Neutral,No,14428.57,0.683574325106376
2021-10-25,Monday,October,2021,14525.44,14592.6,14409.84,14476.77,14527.2,-0.35,204.2,29873.1,14570.85,13422.12,43.52,20.61,1.13,FMCG,Neutral,No,14527.2,-0.34714191310094367
2021-10-26,Tuesday,October,2021,14408.56,14746.59,14213.15,14549.27,14476.77,0.5,203.8,30081.7,14574.23,13430.83,49.3,20.67,1.19,Metal,Neutral,No,14476.77,0.500802319854498
2021-10-27,Wednesday,October,2021,14525.11,15180.4,14426.51,15078.04,14549.27,3.63,393.7,39537.4,14584.1,13441.46,59.17,20.68,2.44,IT,Neutral,No,14549.27,3.634340417079348
2021-10-28,Thursday,October,2021,15129.64,15361.52,14824.45,15055.19,15078.04,-0.15,259.1,40600.0,14595.28,13451.47,55.77,19.96,0.98,FMCG,Neutral,No,15078.04,-0.15154489575568417
2021-10-29,Friday,October,2021,15115.94,15221.17,14983.43,15088.47,15055.19,0.22,343.5,55213.0,14609.86,13461.74,52.33,19.55,1.24,Auto,Neutral,No,15055.19,0.2210533377526211
2021-11-01,Monday,November,2021,15101.42,15236.27,15048.36,15182.93,15088.47,0.63,256.7,41072.4,14624.7,13472.54,55.75,19.76,0.94,IT,Neutral,No,15088.47,0.6260409438465329
2021-11-02,Tuesday,November,2021,15203.63,15631.52,15007.32,15432.25,15182.93,1.64,302.6,44612.0,14645.61,13484.45,70.36,19.5,1.2,Pharma,Bullish,No,15182.93,1.6421072875920504
2021-11-03,Wednesday,November,2021,15417.9,15484.07,15358.78,15424.92,15432.25,-0.05,342.2,49678.2,14659.72,13495.99,73.27,19.06,0.94,IT,Bullish,No,15432.25,-0.04749793452024123
2021-11-04,Thursday,November,2021,15395.3,15588.52,14941.53,15131.44,15424.92,-1.9,240.8,34676.5,14665.98,13505.98,69.76,19.24,0.36,FMCG,Bullish,No,15424.92,-1.9026354755810697
2021-11-05,Friday,November,2021,15157.33,15531.28,15028.76,15400.64,15131.44,1.78,235.2,33662.0,14679.14,13517.56,75.75,19.59,1.35,Banking,Bullish,No,15131.44,1.7790772061350335
2021-11-08,Monday,November,2021,15380.32,15679.89,15291.48,15589.84,15400.64,1.23,316.8,48262.2,14701.33,13530.15,81.72,19.56,1.17,Banking,Bullish,No,15400.64,1.228520373179301
2021-11-09,Tuesday,November,2021,15668.9,15979.11,15591.71,15900.78,15589.84,1.99,396.7,65020.0,14734.1,13544.33,83.2,19.15,1.42,IT,Bullish,No,15589.84,1.9945041129350942
2021-11-10,Wednesday,November,2021,15920.27,16042.14,15461.15,15580.42,15900.78,-2.01,408.7,64148.1,14757.39,13557.07,72.67,20.22,0.68,Energy,Neutral,No,15900.78,-2.0147439308008828
2021-11-11,Thursday,November,2021,15601.23,15768.47,15429.97,15597.16,15580.42,0.11,117.1,18918.9,14779.68,13569.97,71.76,19.8,0.75,Pharma,Bullish,No,15580.42,0.1074425464782065
2021-11-12,Friday,November,2021,15547.58,15669.47,15308.99,15429.96,15597.16,-1.07,167.6,25116.3,14799.42,13582.04,68.5,19.2,0.8,Metal,Bullish,No,15597.16,-1.0719900289539939
2021-11-15,Monday,November,2021,15322.63,15597.93,15109.37,15383.82,15429.96,-0.3,228.0,33007.6,14818.6,13593.95,66.37,20.08,0.66,Metal,Neutral,No,15429.96,-0.29902864297768383
2021-11-16,Tuesday,November,2021,15404.36,15642.42,15353.57,15591.02,15383.82,1.35,329.0,48245.1,14841.44,13606.54,61.51,19.11,1.59,IT,Bullish,No,15383.82,1.3468696331600392
2021-11-17,Wednesday,November,2021,15567.78,15839.57,15449.25,15719.89,15591.02,0.83,238.1,38184.1,14861.65,13619.12,64.24,19.79,1.69,IT,Bullish,No,15591.02,0.8265655486299098
2021-11-18,Thursday,November,2021,15766.29,15961.83,15477.84,15672.22,15719.89,-0.3,164.6,24064.5,14878.22,13631.61,62.43,19.71,1.23,Energy,Bullish,No,15719.89,-0.3032463967623188
2021-11-19,Friday,November,2021,15629.31,15679.08,15456.16,15505.54,15672.22,-1.06,197.4,29978.4,14891.49,13644.3,56.66,19.71,0.56,FMCG,Neutral,No,15672.22,-1.063537903372965
2021-11-22,Monday,November,2021,15480.83,15669.09,15175.9,15362.73,15505.54,-0.92,328.6,47582.6,14908.17,13656.65,48.5,19.74,0.77,Metal,Neutral,No,15505.54,-0.9210256463173891
2021-11-23,Tuesday,November,2021,15414.32,15538.86,15238.56,15362.68,15362.73,0.0,284.0,45050.3,14923.08,13668.36,48.65,19.87,0.87,FMCG,Neutral,No,15362.73,-0.0003254629873679509
2021-11-24,Wednesday,November,2021,15382.81,15687.84,15252.97,15556.54,15362.68,1.26,320.1,50946.0,14942.75,13682.28,59.63,19.25,1.7,FMCG,Neutral,No,15362.68,1.2618892016236787
2021-11-25,Thursday,November,2021,15509.81,15802.43,15406.8,15698.17,15556.54,0.91,262.1,40166.7,14964.1,13697.2,57.15,18.87,1.28,IT,Neutral,No,15556.54,0.9104209547881418
2021-11-26,Friday,November,2021,15699.77,15787.44,15650.09,15737.64,15698.17,0.25,180.5,26297.1,14984.02,13712.93,53.83,18.59,1.49,Unknown,Neutral,No,15698.17,0.25143058076195723
2021-11-29,Monday,November,2021,15827.52,15949.15,15207.95,15325.72,15737.64,-2.62,239.9,34647.3,14993.74,13725.96,35.84,21.03,0.2,Auto,Bearish,No,15737.64,-2.6174191301872463
2021-11-30,Tuesday,November,2021,15332.32,15949.15,15243.75,15450.79,15325.72,0.82,170.3,26166.4,15009.53,13739.37,46.47,20.66,1.03,IT,Unknown,No,15325.72,0.8160791140644715
2021-12-01,Wednesday,December,2021,15443.93,15661.65,15192.44,15409.67,15450.79,-0.27,111.1,18736.6,15024.69,13752.57,44.96,24.57,1.1,IT,Neutral,No,15450.79,-0.26613525910326136
2021-12-02,Thursday,December,2021,15451.06,15799.29,15192.44,15592.66,15409.67,1.19,260.7,39537.4,15047.78,13767.32,54.34,20.42,1.53,Banking,Neutral,No,15409.67,1.1875010950915872
2021-12-03,Friday,December,2021,15609.14,15736.17,15460.04,15586.89,15592.66,-0.04,249.8,36531.3,15070.58,13781.82,55.53,19.0,1.53,IT,Neutral,No,15592.66,-0.037004590621487525
2021-12-06,Monday,December,2021,15654.4,15862.15,15392.7,15599.72,15586.89,0.08,228.1,33595.2,15098.25,13796.72,50.27,18.9,0.95,Auto,Unknown,No,15586.89,0.08231276412420904
2021-12-07,Tuesday,December,2021,15635.06,15805.67,15513.49,15683.72,15599.72,0.54,331.7,54188.5,15123.63,13812.1,48.87,24.57,1.01,Energy,Neutral,No,15599.72,0.5384712033292905
2021-12-08,Wednesday,December,2021,15726.37,15896.4,15512.58,15682.13,15683.72,-0.01,231.2,39264.1,15148.58,13827.42,50.32,18.06,0.82,Energy,Neutral,No,15683.72,-0.010137900957171804
2021-12-09,Thursday,December,2021,15752.34,15951.71,15503.08,15701.82,15682.13,0.13,127.6,18333.2,15169.3,13842.11,57.0,24.57,0.96,Metal,Neutral,No,15682.13,0.12555692370870866
2021-12-10,Friday,December,2021,15687.73,15796.15,15503.08,15466.51,15701.82,-1.5,287.9,46748.2,15187.53,13855.31,53.47,17.42,0.61,Auto,Neutral,No,15701.82,-1.4986160839953553
2021-12-13,Monday,December,2021,15438.73,15592.98,15288.36,15442.57,15466.51,-0.15,221.4,34153.0,15203.29,13868.76,52.63,16.97,0.46,Auto,Neutral,No,15466.51,-0.1547860506345679
2021-12-14,Tuesday,December,2021,15380.23,15476.41,15212.77,15308.5,15442.57,-0.87,293.8,47901.6,15215.91,13881.81,41.5,16.75,0.34,Metal,Neutral,No,15442.57,-0.8681845055583346
2021-12-15,Wednesday,December,2021,15298.82,15491.35,15063.75,15255.74,15308.5,-0.34,288.1,43261.8,15229.61,13895.03,33.86,16.9,0.95,IT,Bearish,No,15308.5,-0.34464513178953016
2021-12-16,Thursday,December,2021,15195.85,15315.76,15009.43,15128.81,15255.74,-0.83,290.3,39572.9,15237.54,13907.68,29.12,24.57,0.83,Banking,Bearish,No,15255.74,-0.8320147039737195
2021-12-17,Friday,December,2021,15145.4,15349.6,14876.58,15128.81,15128.81,-0.32,207.0,32356.6,15242.17,13919.36,38.77,18.03,0.8,Banking,Bearish,No,15128.81,0.0
2021-12-20,Monday,December,2021,15052.14,15363.47,14919.75,15229.52,15079.89,0.99,351.9,56893.7,15246.54,13932.14,52.29,17.97,1.47,Metal,Neutral,No,15128.81,0.6656835534321665
2021-12-21,Tuesday,December,2021,15273.49,15557.04,14995.77,15279.21,15229.52,0.33,267.3,47294.6,15252.45,13945.84,44.22,17.14,0.65,IT,Neutral,No,15229.52,0.3262742358262026
2021-12-22,Wednesday,December,2021,15314.9,15394.1,14995.77,14922.12,15279.21,-2.34,184.2,27866.1,15256.29,13957.92,24.25,19.71,0.2,FMCG,Bearish,No,15279.21,-2.3370972713903293
2021-12-23,Thursday,December,2021,14904.68,15199.87,14995.77,15027.97,14922.12,0.71,301.0,41814.9,15263.77,13971.54,30.07,19.34,1.01,Energy,Bearish,No,14922.12,0.7093496098409512
2021-12-24,Friday,December,2021,15071.99,15547.44,14954.02,15426.69,15027.97,2.65,296.1,44489.3,15283.43,13986.42,45.16,19.28,1.62,IT,Unknown,No,15027.97,2.6531860257905837
2021-12-27,Monday,December,2021,15433.6,15543.17,15212.61,15321.38,15426.69,-0.68,149.1,24142.9,15302.01,14000.31,39.99,18.72,1.02,Metal,Bearish,No,15426.69,-0.6826480599532453
2021-12-28,Tuesday,December,2021,15239.97,15312.85,15233.75,15321.38,15321.38,-0.1,239.9,36679.5,15322.3,14014.45,39.7,17.91,1.25,IT,Bearish,No,15321.38,0.0
2021-12-29,Wednesday,December,2021,15261.21,15387.74,15114.27,15240.63,15306.61,-0.43,381.1,60396.5,15338.67,14028.4,37.66,18.03,0.2,Pharma,Unknown,No,15321.38,-0.5270412978465386
2021-12-30,Thursday,December,2021,15207.52,15269.92,15006.29,15068.11,15240.63,-1.13,274.1,37210.3,15351.46,14041.65,38.97,18.33,0.2,Pharma,Bearish,No,15240.63,-1.131974203166133
2021-12-31,Friday,December,2021,15068.57,15170.45,14851.79,14952.89,15068.11,-0.76,241.2,32986.3,15359.97,14053.85,37.1,19.28,0.78,Banking,Bearish,No,15068.11,-0.7646612614322643
2022-01-03,Monday,January,2022,14933.64,14997.26,14851.79,14847.32,14952.89,-0.71,261.3,40201.7,15367.38,14065.15,37.66,19.22,0.58,Banking,Bearish,No,14952.89,-0.7060173652049851
2022-01-04,Tuesday,January,2022,14823.76,15042.15,14752.67,14970.36,14847.32,0.83,404.5,39537.4,15375.8,14077.16,42.64,18.29,1.24,Banking,Neutral,No,14847.32,0.8287017455002038
2022-01-05,Wednesday,January,2022,14996.45,15052.08,14570.73,14624.98,14970.36,-2.31,322.0,46039.3,15366.74,14088.47,38.32,19.03,0.33,Pharma,Bearish,No,14970.36,-2.3070921474166353
2022-01-06,Thursday,January,2022,14659.51,14714.49,14408.57,14462.81,14624.98,-1.11,335.1,49842.6,15354.9,14098.29,36.41,18.67,1.16,Banking,Bearish,No,14624.98,-1.108856217239272
2022-01-07,Friday,January,2022,14659.51,14459.58,14224.97,14248.27,14462.81,-1.48,271.4,35669.1,15338.09,14107.34,29.0,18.29,0.48,Pharma,Bearish,No,14462.81,-1.4833908486663316
2022-01-10,Monday,January,2022,14211.95,14347.03,13978.63,14112.77,14248.27,-0.95,233.2,35100.9,15316.69,14115.14,25.92,18.88,0.94,Energy,Bearish,No,14248.27,-0.9509926468265971
2022-01-11,Tuesday,January,2022,14166.29,14450.96,14051.93,14335.24,14112.77,1.58,382.3,50906.4,15294.75,14123.79,37.17,18.95,1.4,IT,Bearish,No,14112.77,1.5763737381109402
2022-01-12,Wednesday,January,2022,14452.48,14609.02,14201.07,14356.57,14335.24,0.15,161.3,39537.4,15273.38,14132.06,34.76,19.81,1.19,Energy,Bearish,No,14335.24,0.14879416040470844
2022-01-13,Thursday,January,2022,14316.0,14780.38,14223.91,14685.91,14356.57,2.29,376.9,53056.9,15264.47,14142.29,32.64,18.84,1.98,Banking,Bearish,No,14356.57,2.294001979581475
2022-01-14,Friday,January,2022,14725.17,14804.11,14455.97,14533.89,14685.91,-1.04,251.8,34839.5,15247.14,14151.34,31.94,18.3,0.5,Realty,Bearish,No,14685.91,-1.0351418468450402
2022-01-17,Monday,January,2022,14527.83,14638.95,14343.01,14453.56,14533.89,-0.55,202.4,31133.7,15224.41,14158.22,31.0,19.53,0.61,IT,Bearish,No,14533.89,-0.5527081875533661
2022-01-18,Tuesday,January,2022,14482.87,14639.38,14067.69,14221.38,14453.56,-1.61,276.6,39747.0,15190.82,14163.98,28.87,19.29,0.32,FMCG,Bearish,No,14453.56,-1.606386246710155
2022-01-19,Wednesday,January,2022,14180.72,14311.17,14011.71,14141.81,14221.38,-0.56,113.1,15052.3,15162.05,14169.56,30.03,18.91,1.07,Realty,Bearish,No,14221.38,-0.5595096959648059
2022-01-20,Thursday,January,2022,14088.7,14273.68,14011.71,14159.67,14141.81,0.13,163.3,20822.2,15133.3,14174.55,32.15,19.39,1.26,Metal,Bearish,No,14141.81,0.1262921790067932
2022-01-21,Friday,January,2022,14111.98,14262.38,13904.73,14054.52,14159.67,-0.74,267.3,40829.6,15105.79,14178.74,32.15,19.99,0.2,Pharma,Bearish,No,14159.67,-0.7426020521664675
2022-01-24,Monday,January,2022,14030.73,14143.26,13864.05,14054.52,14054.52,-0.56,233.2,32145.1,15077.64,14181.77,27.16,19.04,0.69,IT,Bearish,No,14054.52,0.0
2022-01-25,Tuesday,January,2022,13966.3,14044.98,13864.05,13894.18,13976.14,-0.59,192.7,26224.8,15043.7,14185.3,30.9,19.42,0.93,Pharma,Bearish,No,14054.52,-1.1408429458992562
2022-01-26,Wednesday,January,2022,13933.58,14095.63,13721.41,13882.87,13894.18,-0.08,313.0,39545.3,15006.96,14189.02,33.54,18.78,1.44,FMCG,Bearish,No,13894.18,-0.0814009894790444
2022-01-27,Thursday,January,2022,13848.16,14327.75,13806.52,14284.8,13882.87,2.9,301.1,46404.3,14979.21,14194.77,50.94,17.79,1.94,Banking,Neutral,No,13882.87,2.895150642482415
2022-01-28,Friday,January,2022,13848.16,14290.53,14170.87,14203.8,14284.8,-0.57,334.7,44122.8,14953.18,14199.55,52.4,17.5,0.92,Energy,Neutral,No,14284.8,-0.5670362903225806
2022-01-31,Monday,January,2022,14292.45,14405.36,13980.09,14091.42,14203.8,-0.79,268.7,36617.6,14927.75,14203.64,52.29,16.63,0.77,Metal,Neutral,No,14203.8,-0.7911967220039652
2022-02-01,Tuesday,February,2022,14093.68,14317.21,13976.09,14198.75,14091.42,0.76,242.0,33818.8,14904.47,14207.86,45.78,16.74,1.1,FMCG,Neutral,No,14091.42,0.7616691575440937
2022-02-02,Wednesday,February,2022,14210.9,14337.83,13985.63,14111.68,14198.75,-0.61,256.5,38441.4,14875.58,14211.71,32.37,17.56,0.39,Unknown,Bearish,No,14198.75,-0.6132229949819505
2022-02-03,Thursday,February,2022,14143.23,14337.83,13807.24,13900.23,14111.68,-1.5,313.7,42379.4,14839.62,14213.31,31.23,19.0,0.2,Banking,Bearish,No,14111.68,-1.4984041588244683
2022-02-04,Friday,February,2022,13878.39,14064.53,13615.76,13800.86,13900.23,-0.71,198.7,27594.9,14800.88,14214.7,30.88,18.13,1.0,Banking,Bearish,No,13900.23,-0.7148802573770289
2022-02-07,Monday,February,2022,13800.1,14059.04,13772.42,14030.9,13800.86,1.67,246.3,34065.5,14774.98,14217.68,44.41,24.57,1.59,Auto,Neutral,No,13800.86,1.666852645414844
2022-02-08,Tuesday,February,2022,14017.33,14137.04,13827.78,13946.89,14030.9,-0.6,267.3,31957.9,14744.91,14220.0,44.3,16.85,0.58,IT,Neutral,No,14030.9,-0.5987499020020114
2022-02-09,Wednesday,February,2022,13943.42,14097.28,13778.81,13932.55,13946.89,-0.1,251.4,38152.9,14715.36,14223.15,52.29,17.32,0.54,Realty,Neutral,No,13946.89,-0.10281862121232868
2022-02-10,Thursday,February,2022,13967.8,14324.01,13778.71,14132.69,13932.55,1.44,330.6,49496.8,14686.16,14227.9,52.17,17.49,1.71,Energy,Neutral,No,13932.55,1.4364922429849614
2022-02-11,Friday,February,2022,14161.29,14509.53,13972.42,14318.56,14132.69,1.32,359.6,48136.1,14660.8,14233.95,58.97,17.18,1.14,Pharma,Neutral,No,14132.69,1.3151777899324117
2022-02-14,Monday,February,2022,14220.52,14610.17,14169.11,14557.54,14318.56,1.67,228.4,33613.2,14639.95,14241.32,66.06,17.28,1.76,Realty,Bullish,No,14318.56,1.6690225832765404
2022-02-15,Tuesday,February,2022,14601.12,14739.08,14192.83,14328.21,14557.54,-1.58,321.4,48782.2,14612.84,14247.59,59.75,18.21,0.43,IT,Neutral,No,14557.54,-1.5753348436617842
2022-02-16,Wednesday,February,2022,14313.35,14415.6,14205.73,14307.94,14328.21,-0.14,226.3,32895.6,14585.36,14253.89,50.61,19.1,0.94,Metal,Neutral,No,14328.21,-0.141469171655068
2022-02-17,Thursday,February,2022,14324.89,14561.01,14211.38,14446.53,14307.94,0.97,236.0,34051.4,14560.26,14260.42,56.19,19.13,1.85,IT,Neutral,No,14307.94,0.9686230163112239
2022-02-18,Friday,February,2022,14428.87,14729.55,14247.99,14547.19,14446.53,0.7,374.8,49856.4,14541.87,14267.43,61.7,19.52,0.6,Auto,Bullish,No,14446.53,0.6967763192960514
2022-02-21,Monday,February,2022,14544.93,14915.82,14318.03,14686.71,14547.19,0.96,293.4,39695.8,14526.75,14275.05,62.32,19.94,1.06,FMCG,Bullish,No,14547.19,0.9590855691030268
2022-02-22,Tuesday,February,2022,14744.66,14886.72,14611.31,14753.3,14686.71,0.45,328.3,45967.2,14515.65,14282.8,66.37,21.08,1.63,FMCG,Neutral,No,14686.71,0.4534031107034874
2022-02-23,Wednesday,February,2022,14768.17,14769.01,14755.52,14756.36,14753.3,0.02,19.2,2840.8,14505.66,14290.46,74.45,21.24,1.29,Energy,Neutral,No,14753.3,0.020741122325183582
2022-02-24,Thursday,February,2022,14812.32,14897.74,14792.67,14878.01,14756.36,0.82,323.7,52853.8,14500.64,14298.86,80.38,21.28,1.2,IT,Unknown,No,14756.36,0.8243902967940577
2022-02-25,Friday,February,2022,14875.74,14991.98,14583.24,14698.09,14878.01,-1.21,313.4,48848.5,14493.01,14307.12,69.36,21.14,1.16,FMCG,Neutral,No,14878.01,-1.2093015127695175
2022-02-28,Monday,February,2022,14691.26,14867.41,14377.23,14551.71,14698.09,-1.0,312.4,41914.2,14479.45,14313.46,66.94,20.82,0.97,Banking,Neutral,No,14698.09,-0.9959117136988617
2022-03-01,Tuesday,March,2022,14552.24,14747.47,14481.54,14676.17,14551.71,0.86,244.8,37488.4,14467.39,14320.44,69.62,19.94,1.13,Energy,Unknown,No,14551.71,0.8552946698360603
2022-03-02,Wednesday,March,2022,14620.28,14745.83,14514.5,14639.91,14676.17,-0.25,359.0,55820.8,14461.75,14326.46,64.65,19.74,0.59,Auto,Bullish,No,14676.17,-0.24706718442209524
2022-03-03,Thursday,March,2022,14521.72,14995.47,14311.57,14781.56,14639.91,0.97,256.1,37206.5,14456.82,14332.37,63.72,19.76,1.74,IT,Bullish,No,14639.91,0.9675605929271398
2022-03-04,Friday,March,2022,14746.94,14841.53,14311.57,14721.41,14781.56,-0.41,239.3,34031.6,14442.71,14338.74,55.43,19.62,0.62,IT,Neutral,No,14781.56,-0.4069259266274983
2022-03-07,Monday,March,2022,14766.78,15029.23,14545.11,14806.96,14721.41,0.58,190.2,39537.4,14432.42,14345.48,67.54,18.85,1.27,IT,Bullish,No,14721.41,0.5811264002564922
2022-03-08,Tuesday,March,2022,14870.06,14963.43,14716.15,14809.13,14806.96,0.01,218.4,32467.0,14422.47,14352.66,68.61,19.37,1.45,Pharma,Bullish,No,14806.96,0.014655270224273403
2022-03-09,Wednesday,March,2022,14720.17,14899.72,14549.16,14728.62,14809.13,-0.54,236.9,33253.7,14412.23,14359.96,60.95,19.61,0.87,Auto,Bullish,No,14809.13,-0.5436511125231421
2022-03-10,Thursday,March,2022,14785.47,15002.25,14662.64,14878.65,14728.62,1.02,267.3,48776.7,14408.45,14368.6,62.39,19.4,1.34,Energy,Bullish,No,14728.62,1.0186290365288726
2022-03-11,Friday,March,2022,14852.21,15114.08,14687.25,14948.06,14878.65,0.47,281.3,42422.6,14408.35,14378.02,60.31,19.15,0.66,Auto,Bullish,No,14878.65,0.46650737802152653
2022-03-14,Monday,March,2022,14884.09,15122.75,14687.25,14711.74,14948.06,-1.58,370.7,55408.2,14405.64,14385.66,48.55,19.17,0.77,IT,Neutral,No,14948.06,-1.5809409381551836
2022-03-15,Tuesday,March,2022,14758.49,14901.33,14351.14,14491.4,14711.74,-1.5,267.3,42233.6,14396.06,14391.86,52.29,19.33,0.2,Realty,Neutral,No,14711.74,-1.4977154299899276
2022-03-16,Wednesday,March,2022,14469.43,14658.17,14132.52,14319.31,14491.4,-1.19,259.7,39761.4,14389.94,14397.85,33.62,18.67,1.01,Metal,Bearish,No,14491.4,-1.187531915480907
2022-03-17,Thursday,March,2022,14431.67,14495.48,14335.55,14399.22,14319.31,0.56,300.8,39256.6,14388.67,14404.33,40.69,19.58,0.68,IT,Neutral,No,14319.31,0.558057615904676
2022-03-18,Friday,March,2022,14370.14,14495.48,14118.37,14178.98,14399.22,-1.53,307.1,39537.4,14387.29,14409.2,38.9,19.13,0.24,Metal,Bearish,No,14399.22,-1.529527293839526
2022-03-21,Monday,March,2022,14167.22,14188.05,13760.54,13780.8,14178.98,-2.81,222.9,32252.3,14380.65,14412.98,27.07,21.72,0.41,Pharma,Bearish,No,14178.98,-2.8082414955095523
2022-03-22,Tuesday,March,2022,13740.43,13970.4,13688.53,13917.83,13780.8,0.99,242.1,39537.4,14372.3,14416.86,32.42,21.81,1.76,FMCG,Bearish,No,13780.8,0.9943544641820552
2022-03-23,Wednesday,March,2022,13924.09,14119.99,13615.15,13809.44,13917.83,-0.78,128.1,19169.7,14361.36,14420.61,25.94,21.8,0.77,FMCG,Bearish,No,13917.83,-0.7787851985546556
2022-03-24,Thursday,March,2022,13842.46,13971.55,13406.42,13532.62,13809.44,-2.0,273.3,37635.7,14338.29,14422.94,23.43,23.72,0.22,FMCG,Bearish,No,13809.44,-2.004570786360632
2022-03-25,Friday,March,2022,13462.37,13555.67,13326.12,13419.12,13532.62,-0.84,323.9,44665.5,14316.0,14425.01,52.29,23.52,0.77,Energy,Bearish,No,13532.62,-0.8387141588251203
2022-03-28,Monday,March,2022,13445.52,13564.07,13106.43,13223.01,13419.12,-1.46,274.0,37716.1,14291.38,14425.64,17.75,22.77,0.2,Banking,Bearish,No,13419.12,-1.4614222095040552
2022-03-29,Tuesday,March,2022,13206.8,13348.39,12664.54,12801.79,13223.01,-3.19,368.3,44189.9,14262.99,14424.33,15.59,25.62,0.26,Banking,Bearish,No,13223.01,-3.1855076869789807
2022-03-30,Wednesday,March,2022,12768.73,12910.64,12318.52,12456.97,12801.79,-2.69,346.8,45388.8,14229.3,14421.49,9.56,27.28,0.2,FMCG,Bearish,No,12801.79,-2.6935295767232668
2022-03-31,Thursday,March,2022,12404.6,12650.35,12294.52,12539.07,12456.97,0.66,253.4,30502.3,14196.88,14419.2,9.94,28.21,1.14,IT,Bearish,No,12456.97,0.6590687783626384
2022-04-01,Friday,April,2022,12575.88,12901.78,12405.72,12729.54,12539.07,1.52,274.7,34440.0,14170.38,14417.74,16.53,28.47,1.53,Auto,Bearish,No,12539.07,1.5190121755441286
2022-04-04,Monday,April,2022,12740.49,12830.65,12688.04,12778.04,12729.54,0.38,348.0,40145.4,14146.42,14417.13,19.29,28.71,1.21,Realty,Bearish,No,12729.54,0.38100355550946846
2022-04-05,Tuesday,April,2022,12755.73,13094.06,12671.58,13008.24,12778.04,1.8,206.3,28680.0,14128.7,14417.67,26.98,28.46,1.73,Pharma,Bearish,No,12778.04,1.8015282468985767
2022-04-06,Wednesday,April,2022,13038.66,13237.86,12873.32,13072.09,13008.24,0.49,258.2,36813.4,14112.49,14418.66,26.56,29.22,1.53,Realty,Bearish,No,13008.24,0.49084272737895646
2022-04-07,Thursday,April,2022,13092.87,13247.7,12718.92,12871.13,13072.09,-1.54,331.4,38902.9,14084.21,14419.73,26.75,29.26,0.87,Pharma,Bearish,No,13072.09,-1.537321116975181
2022-04-08,Friday,April,2022,12904.64,13158.39,12782.26,13034.78,12871.13,1.27,229.1,30670.2,14060.83,14421.38,35.53,29.35,1.41,Banking,Bearish,No,12871.13,1.2714501368566822
2022-04-11,Monday,April,2022,13098.93,13175.27,12863.74,12939.15,13034.78,-0.73,295.7,41787.0,14037.79,14422.58,30.71,29.07,0.98,Metal,Bearish,No,13034.78,-0.7336525817850474
2022-04-12,Tuesday,April,2022,12947.59,13091.96,12349.14,12488.39,12939.15,-3.48,360.4,39537.4,14003.58,14421.76,27.05,33.03,0.2,Banking,Bearish,No,12939.15,-3.483690968881265
2022-04-13,Wednesday,April,2022,12560.79,12755.14,12505.98,12699.73,12488.39,1.69,332.0,44675.6,13975.34,14421.71,35.2,32.08,1.04,Metal,Bearish,No,12488.39,1.6922918006244212
2022-04-14,Thursday,April,2022,12754.12,13050.29,12591.78,12886.27,12699.73,1.47,216.7,25791.8,13955.06,14420.81,40.77,32.02,1.36,Energy,Bearish,No,12699.73,1.468850125160148
2022-04-15,Friday,April,2022,12916.56,13098.51,12317.61,12493.61,12886.27,-3.05,382.4,45337.6,13928.92,14417.18,38.17,34.4,0.2,Energy,Bearish,No,12886.27,-3.047119143087952
2022-04-18,Monday,April,2022,12430.22,12624.31,12359.42,12552.82,12493.61,0.47,377.4,45912.7,13899.36,14414.18,45.42,34.35,1.16,IT,Bearish,No,12493.61,0.4739222690639385
2022-04-19,Tuesday,April,2022,12556.95,12787.41,12359.42,12174.33,12552.82,-3.02,321.1,42853.7,13863.91,14408.91,44.87,37.07,0.37,Energy,Bearish,No,12552.82,-3.0151790593667385
2022-04-20,Wednesday,April,2022,12183.33,12345.03,12134.47,12295.72,12174.33,1.0,244.4,31744.3,13831.17,14404.96,45.64,37.2,1.57,Auto,Bearish,No,12174.33,0.9970979922509035
2022-04-21,Thursday,April,2022,12303.67,12394.56,12214.54,12305.42,12295.72,0.08,322.9,42799.0,13794.62,14400.82,41.88,37.18,1.27,Banking,Bearish,No,12295.72,0.07888923950773707
2022-04-22,Friday,April,2022,12301.37,12470.62,12213.47,12382.14,12305.42,0.62,325.2,40162.6,13755.9,14396.36,52.29,36.6,1.09,Metal,Bearish,No,12305.42,0.6234651072454199
2022-04-25,Monday,April,2022,12406.14,12832.05,12312.04,12735.45,12382.14,2.85,463.6,61601.7,13719.45,14393.59,45.07,35.27,1.83,Metal,Bearish,No,12382.14,2.8533839869360333
2022-04-26,Tuesday,April,2022,12765.22,13083.47,12590.35,12906.66,12735.45,1.34,264.2,35678.6,13691.02,14393.45,47.12,35.59,1.27,Auto,Bearish,No,12735.45,1.3443576787628164
2022-04-27,Wednesday,April,2022,12841.91,13265.47,12716.69,13137.37,12906.66,1.79,328.6,43764.5,13667.61,14395.15,54.59,34.82,1.33,FMCG,Bearish,No,12906.66,1.7875267497555598
2022-04-28,Thursday,April,2022,13190.77,13396.87,13129.11,13334.54,13137.37,1.5,321.6,46125.6,13645.37,14397.68,55.11,34.11,1.67,FMCG,Bearish,No,13137.37,1.5008331195665499
2022-04-29,Friday,April,2022,13275.48,13604.96,13163.49,13491.15,13334.54,1.17,231.4,29084.7,13624.25,14401.1,59.21,24.57,1.23,Auto,Bearish,No,13334.54,1.174468710581683
2022-05-02,Monday,May,2022,13474.72,13618.26,13188.57,13330.58,13491.15,-1.19,213.2,25905.7,13597.13,14403.32,65.56,24.57,0.21,Metal,Bearish,No,13491.15,-1.1901876415279626
2022-05-03,Tuesday,May,2022,13295.08,13429.14,13113.5,13247.07,13330.58,-0.63,177.1,22541.2,13567.0,14404.1,60.62,33.6,0.88,Auto,Bearish,No,13330.58,-0.6264543628259251
2022-05-04,Wednesday,May,2022,13218.39,13388.76,13044.5,13214.82,13247.07,-0.24,202.1,24507.9,13536.17,14404.03,56.78,33.41,0.94,Banking,Bearish,No,13247.07,-0.24345006103236416
2022-05-05,Thursday,May,2022,13257.9,13810.53,13147.1,13696.06,13214.82,3.64,319.0,39848.4,13512.53,14406.75,73.93,33.73,2.3,IT,Bearish,No,13214.82,3.6416689746814543
2022-05-06,Friday,May,2022,13701.06,13854.49,13521.14,13674.27,13696.06,-0.16,187.4,25210.9,13492.06,14408.87,72.66,33.74,1.38,Pharma,Bearish,No,13696.06,-0.15909684975094338
2022-05-09,Monday,May,2022,13702.27,13806.48,13600.45,13704.65,13674.27,0.22,170.7,21992.6,13475.12,14410.95,85.98,32.82,1.08,Pharma,Bearish,No,13674.27,0.22216908105514369
2022-05-10,Tuesday,May,2022,13730.63,14002.18,13656.31,13926.79,13704.65,1.62,330.5,48699.0,13460.13,14413.91,86.62,33.45,1.35,FMCG,Bearish,No,13704.65,1.6209096912361953
2022-05-11,Wednesday,May,2022,13846.78,14044.69,13799.22,13996.62,13926.79,0.5,268.6,38194.8,13447.26,14416.1,86.97,32.68,0.97,IT,Bearish,No,13926.79,0.5014077185051252
2022-05-12,Thursday,May,2022,13973.2,14172.54,13656.0,13853.64,13996.62,-1.02,237.3,31958.1,13428.7,14416.88,81.26,32.73,0.37,IT,Bearish,No,13996.62,-1.0215323413795714
2022-05-13,Friday,May,2022,13884.75,13964.0,13857.47,13936.62,13853.64,0.6,229.3,30592.4,13413.01,14417.52,78.83,32.01,0.97,FMCG,Unknown,No,13853.64,0.5989761535596521
2022-05-16,Monday,May,2022,13964.08,14205.83,13838.18,14078.89,13936.62,1.02,306.3,43668.2,13398.45,14418.66,78.53,32.32,0.96,IT,Bearish,No,13936.62,1.0208357550108893
2022-05-17,Tuesday,May,2022,13964.08,14632.67,13869.7,14492.98,14078.89,2.94,341.6,48854.5,13392.12,14421.66,80.29,31.45,2.02,IT,Bearish,No,14078.89,2.9412119847516403
2022-05-18,Wednesday,May,2022,14537.76,14597.03,14356.66,14415.44,14492.98,-0.54,211.2,27740.2,13385.86,14423.37,75.51,31.59,0.62,Energy,Bearish,No,14492.98,-0.5350176430244095
2022-05-19,Thursday,May,2022,14442.08,14609.66,13845.3,14007.84,14415.44,-2.83,285.7,41342.6,13368.44,14422.5,60.9,34.34,0.2,FMCG,Bearish,No,14415.44,-2.82752382168009
2022-05-20,Friday,May,2022,13967.38,14003.67,13595.28,13630.69,14007.84,-2.69,436.7,59522.3,13342.1,14419.63,55.8,36.42,0.2,FMCG,Bearish,No,14007.84,-2.6924208157717366
2022-05-23,Monday,May,2022,13967.38,13724.93,13389.0,13465.5,13630.69,-1.21,184.1,23683.9,13317.17,14415.26,54.09,36.26,0.56,FMCG,Bearish,No,13630.69,-1.2118975635129294
2022-05-24,Tuesday,May,2022,13456.24,13615.81,13247.17,13406.15,13465.5,-0.44,223.2,28668.3,13295.47,14410.39,53.55,35.81,1.38,Pharma,Bearish,No,13465.5,-0.44075600608963916
2022-05-25,Wednesday,May,2022,13425.94,13741.53,13388.39,13703.2,13406.15,2.22,275.3,37368.7,13283.14,14405.98,50.14,35.96,2.08,Banking,Bearish,No,13406.15,2.215774103676306
2022-05-26,Thursday,May,2022,13629.19,13952.71,13475.62,13797.24,13703.2,0.69,262.8,38634.8,13271.1,14402.49,52.38,35.85,0.77,Realty,Unknown,No,13703.2,0.6862630626422955
2022-05-27,Friday,May,2022,13782.65,13954.43,13486.5,13656.71,13797.24,-1.02,244.6,32890.2,13260.66,14398.97,49.11,35.93,0.48,Banking,Bearish,No,13797.24,-1.0185370407414862
2022-05-30,Monday,May,2022,13705.08,13873.55,13535.18,13656.71,13656.71,0.34,242.1,35429.7,13259.12,14395.29,45.57,35.51,0.54,Pharma,Bearish,No,13656.71,0.0
2022-05-31,Tuesday,May,2022,13725.78,13856.14,13378.46,13506.74,13703.63,-1.44,242.4,32248.3,13250.89,14390.89,40.74,35.1,0.4,Pharma,Bearish,No,13656.71,-1.0981414996730496
2022-06-01,Wednesday,June,2022,13538.82,13763.11,13475.92,13699.46,13506.74,1.43,263.1,38421.5,13248.69,14385.79,47.14,35.06,1.58,Banking,Bearish,No,13506.74,1.4268431908809922
2022-06-02,Thursday,June,2022,13689.86,13745.15,13582.98,13638.07,13699.46,-0.45,161.7,23956.0,13250.8,14379.89,44.41,34.77,1.17,Realty,Bearish,No,13699.46,-0.4481198528993071
2022-06-03,Friday,June,2022,13661.16,13826.22,13579.38,13743.94,13638.07,0.78,198.0,24603.7,13257.3,14374.89,52.29,34.09,1.57,Banking,Bearish,No,13638.07,0.7762828611379822
2022-06-06,Monday,June,2022,13737.22,13992.19,13678.67,13932.8,13743.94,1.37,267.3,33053.8,13271.5,14372.16,38.38,34.21,1.55,IT,Bearish,No,13743.94,1.3741328905684886
2022-06-07,Tuesday,June,2022,13894.14,14190.69,13781.7,14076.77,13932.8,1.03,281.0,36660.4,13297.0,14371.23,43.17,34.25,1.06,FMCG,Bearish,No,13932.8,1.0333170647680376
2022-06-08,Wednesday,June,2022,14066.12,14172.17,13781.7,13998.38,14076.77,-0.56,239.2,30953.5,13327.82,14369.14,49.78,34.08,1.07,Energy,Bearish,No,14076.77,-0.5568749080932717
2022-06-09,Thursday,June,2022,14059.44,14176.18,13928.19,14044.81,13998.38,0.33,318.3,44297.6,13357.94,14366.95,61.39,32.62,1.12,Banking,Bearish,No,13998.38,0.33168123740032984
2022-06-10,Friday,June,2022,14092.52,14460.28,13993.32,14359.2,14044.81,2.24,238.7,36085.4,13390.53,14366.53,72.72,31.15,1.8,Auto,Bearish,No,14044.81,2.2384781282196142
2022-06-13,Monday,June,2022,14316.46,14441.11,14164.33,14288.74,14359.2,-0.49,229.0,35740.3,13420.75,14365.85,72.31,30.8,1.42,Banking,Bearish,No,14359.2,-0.4906958604936274
2022-06-14,Tuesday,June,2022,14270.85,14389.54,13789.5,13905.15,14288.74,-2.68,221.6,30307.1,13438.68,14363.13,54.89,33.25,0.2,Auto,Unknown,No,14288.74,-2.684561409893386
2022-06-15,Wednesday,June,2022,13866.59,14206.91,13836.64,14176.29,13905.15,1.95,305.7,44970.6,13460.77,14360.47,58.46,32.44,2.27,Pharma,Bearish,No,13905.15,1.949925027777487
2022-06-16,Thursday,June,2022,14183.92,14313.27,13929.66,14057.87,14176.29,-0.84,221.9,32039.8,13484.5,14356.54,59.04,31.68,1.26,Banking,Bearish,No,14176.29,-0.8353384418631395
2022-06-17,Friday,June,2022,14099.93,14349.36,13988.32,14236.67,14057.87,1.27,251.8,35082.1,13508.54,14353.51,61.33,31.78,1.44,Banking,Bearish,No,14057.87,1.27188542787776
2022-06-20,Monday,June,2022,14323.45,14339.16,13770.89,13786.01,14236.67,-3.17,342.5,49305.2,13525.48,14349.8,55.36,33.83,0.2,Banking,Bearish,No,14236.67,-3.1654874349127984
2022-06-21,Tuesday,June,2022,13726.97,13885.92,13461.9,13619.61,13786.01,-1.21,307.2,42608.9,13548.1,14344.81,48.45,32.35,0.38,Metal,Bearish,No,13786.01,-1.2070207405913649
2022-06-22,Wednesday,June,2022,13654.68,13762.18,13561.73,13619.61,13619.61,0.36,254.9,36654.0,13567.49,14340.29,50.61,31.81,1.18,Metal,Bearish,No,13619.61,0.0
2022-06-23,Thursday,June,2022,13668.82,13812.92,13402.12,13544.92,13669.14,-0.91,193.5,24603.6,13580.66,14334.86,46.15,31.6,0.72,FMCG,Bearish,No,13619.61,-0.5484004314367336
2022-06-24,Friday,June,2022,13530.0,13635.84,13344.96,13450.18,13544.92,-0.7,241.7,31600.6,13599.79,14328.4,40.31,30.97,0.56,Metal,Bearish,No,13544.92,-0.6994504212649449
2022-06-27,Monday,June,2022,13412.44,13424.23,13192.19,13203.8,13450.18,-1.83,222.1,30329.9,13612.81,14320.22,33.17,31.19,0.2,FMCG,Bearish,No,13450.18,-1.8317970465822837
2022-06-28,Tuesday,June,2022,13274.3,13393.8,12753.83,12869.68,13203.8,-2.53,247.3,29438.5,13626.72,14311.27,30.19,33.7,0.2,FMCG,Bearish,No,13203.8,-2.530483648646594
2022-06-29,Wednesday,June,2022,12806.79,12934.67,12423.17,12548.47,12869.68,-2.5,372.0,49204.8,13631.78,14300.75,52.29,36.03,0.2,Auto,Bearish,No,12869.68,-2.495866253084777
2022-06-30,Thursday,June,2022,12530.03,12688.94,12348.15,12506.76,12548.47,-0.33,168.4,19517.3,13635.8,14291.09,17.52,36.03,0.38,Energy,Bearish,No,12548.47,-0.33239112019233524
2022-07-01,Friday,July,2022,12520.54,12709.31,12374.35,12562.63,12506.76,0.45,205.4,24897.7,13639.41,14281.67,19.58,35.24,1.49,IT,Bearish,No,12506.76,0.44671841468133217
2022-07-04,Monday,July,2022,12579.71,12740.65,12157.27,12314.82,12562.63,-1.97,333.8,38949.0,13631.0,14272.16,20.56,33.91,0.2,IT,Bearish,No,12562.63,-1.9725965024839502
2022-07-05,Tuesday,July,2022,12360.88,12511.13,12225.59,12375.67,12314.82,0.49,243.5,27488.8,13620.38,14261.97,13.85,33.48,1.07,Metal,Bearish,No,12314.82,0.49412009270131735
2022-07-06,Wednesday,July,2022,12342.97,12417.44,12225.59,12340.78,12375.67,-0.28,318.4,37490.7,13604.45,14251.5,14.33,32.89,0.96,Metal,Bearish,No,12375.67,-0.2819241301683013
2022-07-07,Thursday,July,2022,12363.9,12576.42,12288.14,12499.82,12340.78,1.29,208.2,28166.5,13587.75,14240.67,13.63,32.36,1.35,Banking,Bearish,No,12340.78,1.2887353959798251
2022-07-08,Friday,July,2022,12497.46,12646.88,12176.38,12323.72,12499.82,-1.41,364.6,40681.0,13564.41,14229.51,15.4,32.34,0.87,Pharma,Bearish,No,12499.82,-1.408820287012136
2022-07-11,Monday,July,2022,12325.21,12404.66,12048.05,12126.22,12323.72,-1.6,336.1,36817.8,13540.32,14216.87,15.17,31.92,0.38,Banking,Bearish,No,12323.72,-1.602600513481319
2022-07-12,Tuesday,July,2022,12109.5,12232.04,11957.81,12080.05,12126.22,-0.38,284.7,35796.9,13516.98,14203.88,12.88,31.68,0.7,IT,Bearish,No,12126.22,-0.3807451951226357
2022-07-13,Wednesday,July,2022,12085.92,12531.71,11906.6,12348.49,12080.05,2.22,305.2,36684.1,13499.65,14192.77,23.82,30.74,1.93,Banking,Bearish,No,12080.05,2.222176232714273
2022-07-14,Thursday,July,2022,12343.22,12490.09,12274.98,12421.42,12348.49,0.59,192.2,22583.5,13474.16,14181.22,27.27,29.96,1.42,FMCG,Bearish,No,12348.49,0.5905985266214759
2022-07-15,Friday,July,2022,12408.14,12655.19,12272.73,12518.57,12421.42,0.78,264.5,33170.4,13451.04,14169.57,33.79,28.62,2.01,IT,Bearish,No,12421.42,0.7821166984129
2022-07-18,Monday,July,2022,12498.85,12558.69,12409.98,12469.68,12518.57,-0.39,182.2,21659.5,13426.35,14156.86,52.29,28.11,0.3,Banking,Bearish,No,12518.57,-0.39053981405223936
2022-07-19,Tuesday,July,2022,12483.61,12667.37,12354.46,12537.66,12469.68,0.55,187.8,23037.2,13398.56,14144.63,49.66,28.68,1.21,Banking,Bearish,No,12469.68,0.5451623457859348
2022-07-20,Wednesday,July,2022,12487.6,12721.94,12307.09,12540.67,12537.66,0.02,230.2,39537.4,13369.44,14133.69,51.1,28.53,1.21,IT,Bearish,No,12537.66,0.024007669692751425
2022-07-21,Thursday,July,2022,12533.43,12700.81,12166.66,12331.35,12540.67,-1.67,368.0,41902.5,13339.0,14122.07,43.16,27.42,0.2,IT,Bearish,No,12540.67,-1.669129320841707
2022-07-22,Friday,July,2022,12302.95,12550.37,12223.48,12469.82,12331.35,1.12,267.3,39537.4,13309.66,14112.2,54.9,26.87,1.8,Banking,Bearish,No,12331.35,1.1229103058464756
2022-07-25,Monday,July,2022,12465.22,12747.21,12287.03,12567.56,12469.82,0.78,337.3,38511.9,13279.44,14103.08,55.93,26.04,1.05,Metal,Bearish,No,12469.82,0.783812436747281
2022-07-26,Tuesday,July,2022,12563.41,12712.23,12474.2,12622.6,12567.56,0.44,167.3,22412.3,13242.03,14094.73,58.6,26.3,1.18,FMCG,Bearish,No,12567.56,0.4379529518856554
2022-07-27,Wednesday,July,2022,12655.43,12872.52,12409.49,12626.08,12622.6,0.03,203.0,26782.2,13206.24,14085.75,54.26,25.83,1.34,Energy,Bearish,No,12622.6,0.02756959738880709
2022-07-28,Thursday,July,2022,12651.04,12773.85,12409.49,12670.84,12626.08,0.35,220.2,26685.2,13179.5,14076.96,62.85,25.89,0.79,FMCG,Bearish,No,12626.08,0.3545043275505954
2022-07-29,Friday,July,2022,12681.93,12817.01,12464.34,12598.53,12670.84,-0.57,219.6,25554.4,13158.86,14067.32,69.27,26.19,0.77,Banking,Bearish,No,12670.84,-0.5706803968797609
2022-08-01,Monday,August,2022,12605.06,12737.79,12420.27,12552.44,12598.53,-0.37,224.1,30112.5,13140.6,14057.7,69.27,24.63,1.11,IT,Neutral,No,12598.53,-0.3658363316990168
2022-08-02,Tuesday,August,2022,12545.25,12603.06,12499.78,12557.55,12552.44,0.04,230.1,29932.9,13123.62,14047.74,60.86,24.57,1.06,Metal,Neutral,No,12552.44,0.04070921669411495
2022-08-03,Wednesday,August,2022,12549.66,12719.14,12257.88,12425.69,12557.55,-1.05,349.4,41599.6,13098.07,14034.48,50.21,24.36,0.85,Banking,Neutral,No,12557.55,-1.0500455901031551
2022-08-04,Thursday,August,2022,12360.53,12691.07,12250.79,12579.39,12425.69,1.24,269.0,30569.3,13073.72,14022.1,52.82,24.21,1.65,Metal,Neutral,No,12425.69,1.2369534408149478
2022-08-05,Friday,August,2022,12607.08,12679.9,12511.28,12583.97,12579.39,0.04,167.1,22871.9,13052.26,14009.58,55.53,23.08,0.85,Pharma,Neutral,No,12579.39,0.036408760679173854
2022-08-08,Monday,August,2022,12594.03,12786.98,12531.13,12723.43,12583.97,1.11,210.7,26294.9,13032.66,13997.28,58.41,23.14,1.86,Realty,Neutral,No,12583.97,1.108235318424956
2022-08-09,Tuesday,August,2022,12594.03,12840.62,12562.67,12633.28,12723.43,-0.71,274.8,32468.5,13015.19,13983.28,53.88,24.57,0.51,Metal,Neutral,No,12723.43,-0.7085353556391605
2022-08-10,Wednesday,August,2022,12612.26,12709.28,12476.42,12573.13,12633.28,-0.48,293.0,39873.6,12992.66,13969.02,61.59,22.24,1.25,Metal,Neutral,No,12633.28,-0.47612338205122856
2022-08-11,Thursday,August,2022,12620.67,12667.76,12451.21,12497.84,12573.13,-0.6,211.2,25651.2,12969.86,13955.86,51.43,22.57,0.91,Banking,Neutral,No,12573.13,-0.5988166828784802
2022-08-12,Friday,August,2022,12490.65,12549.79,12382.36,12441.26,12497.84,-0.45,297.7,36765.4,12943.8,13941.06,43.27,23.14,0.67,IT,Neutral,No,12497.84,-0.45271822971009335
2022-08-15,Monday,August,2022,12419.87,12519.92,12406.36,12506.32,12441.26,0.52,376.1,48904.7,12915.27,13925.64,43.87,23.2,0.91,IT,Neutral,No,12441.26,0.5229373873707285
2022-08-16,Tuesday,August,2022,12564.3,12624.14,12372.16,12431.37,12506.32,-0.6,329.3,43551.7,12882.37,13908.29,40.46,22.15,0.88,Pharma,Neutral,No,12506.32,-0.5992969954390972
2022-08-17,Wednesday,August,2022,12444.94,12764.13,12277.46,12594.64,12431.37,1.31,241.3,39537.4,12854.29,13893.37,46.65,21.79,1.37,Pharma,Neutral,No,12431.37,1.3133709317637445
2022-08-18,Thursday,August,2022,12657.78,12819.86,12363.14,12523.5,12594.64,-0.56,310.3,41958.9,12823.87,13878.0,46.7,21.63,0.96,Banking,Neutral,No,12594.64,-0.5648434572167161
2022-08-19,Friday,August,2022,12529.91,12643.68,12280.25,12392.78,12523.5,-1.04,328.2,44191.7,12784.54,13862.81,43.47,21.41,0.59,Pharma,Neutral,No,12523.5,-1.0437976603984456
2022-08-22,Monday,August,2022,12422.8,12626.85,11981.89,12181.98,12392.78,-1.7,310.3,35980.7,12742.4,13846.8,36.85,21.46,0.46,Banking,Bearish,No,12392.78,-1.7009904153870326
2022-08-23,Tuesday,August,2022,12219.57,12401.8,12062.43,12244.35,12181.98,0.51,299.3,36628.2,12709.19,13830.07,43.32,21.3,1.32,FMCG,Neutral,No,12181.98,0.5119857363088824
2022-08-24,Wednesday,August,2022,12234.01,12353.15,11853.29,11969.86,12244.35,-2.24,267.3,48779.6,12665.06,13811.32,29.39,22.75,0.23,Auto,Bearish,No,12244.35,-2.24176865248053
2022-08-25,Thursday,August,2022,11982.29,12227.3,11860.38,12104.15,11969.86,1.12,350.3,42293.5,12625.98,13793.48,52.29,24.37,1.3,Metal,Bearish,No,11969.86,1.1219011751181638
2022-08-26,Friday,August,2022,12109.75,12498.43,12008.57,12394.87,12104.15,2.4,372.0,45942.7,12589.15,13777.92,40.67,24.36,1.91,Auto,Neutral,No,12104.15,2.40182086309242
2022-08-29,Monday,August,2022,12425.82,12462.63,12123.72,12159.74,12394.87,-1.9,362.0,45061.7,12556.62,13761.91,52.29,24.61,0.26,Realty,Bearish,No,12394.87,-1.8969944823947407
2022-08-30,Tuesday,August,2022,12120.88,12581.06,12036.83,12494.42,12159.74,2.75,292.7,38527.3,12534.12,13747.57,48.19,23.96,2.12,Realty,Neutral,No,12159.74,2.752361481413256
2022-08-31,Wednesday,August,2022,12516.95,12553.34,12487.18,12523.55,12494.42,0.23,231.5,29952.3,12511.21,13732.4,50.6,23.73,1.21,FMCG,Neutral,No,12494.42,0.2331440755153036
2022-09-01,Thursday,September,2022,12558.13,12603.62,12406.41,12451.52,12523.55,-0.58,203.9,26031.3,12489.34,13716.17,50.24,23.37,1.02,Banking,Neutral,No,12523.55,-0.5751564053323446
2022-09-02,Friday,September,2022,12426.01,13041.61,12257.61,12867.23,12451.52,3.34,453.3,56830.1,12477.68,13701.82,57.22,23.91,2.32,Banking,Neutral,No,12451.52,3.338628536917574
2022-09-05,Monday,September,2022,12833.2,12939.84,12451.9,12556.24,12867.23,-2.42,262.4,33804.7,12464.73,13687.97,52.28,27.1,0.2,Metal,Bearish,No,12867.23,-2.416914907093444
2022-09-06,Tuesday,September,2022,12833.2,12629.73,12447.1,12582.73,12556.24,0.21,99.2,11491.7,12458.99,13673.63,49.77,26.89,0.47,FMCG,Bearish,No,12556.24,0.2109708001758471
2022-09-07,Wednesday,September,2022,12661.19,12789.17,12533.02,12661.0,12582.73,0.62,166.0,20637.1,12461.24,13659.89,52.64,26.82,1.16,IT,Bearish,No,12582.73,0.6220430701445587
2022-09-08,Thursday,September,2022,12633.21,12764.82,12253.49,12382.48,12661.0,-2.2,318.8,37014.9,12458.75,13643.84,52.29,28.82,0.34,IT,Bearish,No,12661.0,-2.1998262380538693
2022-09-09,Friday,September,2022,12435.15,12611.33,12187.74,12382.48,12382.48,-0.16,106.5,13265.4,12454.76,13627.72,53.53,28.36,0.91,IT,Bearish,No,12382.48,0.0
2022-09-12,Monday,September,2022,12355.19,12559.19,12168.46,12372.21,12362.9,0.08,110.2,12985.3,12455.91,13611.58,52.55,28.11,0.81,Banking,Bearish,No,12382.48,-0.08293976650881275
2022-09-13,Tuesday,September,2022,12355.19,12551.06,12211.22,12348.6,12372.21,-0.19,269.5,33319.0,12455.37,13594.9,58.38,27.29,1.31,IT,Bearish,No,12372.21,-0.19083090248224663
2022-09-14,Wednesday,September,2022,12370.12,12394.14,12340.21,12364.21,12348.6,0.13,142.7,18622.3,12455.83,13578.31,56.08,26.55,0.8,Pharma,Bearish,No,12348.6,0.12641109113582724
2022-09-15,Thursday,September,2022,12442.18,12655.21,11871.3,12364.21,12364.21,-2.31,398.7,47519.6,12447.4,13560.2,42.58,28.53,0.2,IT,Bearish,No,12364.21,0.0
2022-09-16,Friday,September,2022,12130.48,12293.19,11815.76,11976.41,12078.09,-0.84,183.1,20695.2,12440.45,13542.74,45.42,26.98,0.59,Unknown,Bearish,No,12364.21,-3.136472123977183
2022-09-19,Monday,September,2022,11984.07,12120.65,11815.76,11630.29,11976.41,-2.89,240.6,26432.1,12430.53,13523.68,28.54,30.48,0.2,Pharma,Bearish,No,11976.41,-2.8900146204079435
2022-09-20,Tuesday,September,2022,11641.1,11893.8,11548.75,11800.19,11630.29,1.46,230.3,29383.9,12424.94,13506.14,33.21,30.59,1.31,Metal,Bearish,No,11630.29,1.4608406153242923
2022-09-21,Wednesday,September,2022,11824.23,12093.14,11802.94,12071.4,11800.19,2.3,255.0,32511.4,12419.4,13490.22,41.92,30.52,1.76,Banking,Bearish,No,11800.19,2.298352823132501
2022-09-22,Thursday,September,2022,12168.5,12093.14,12098.41,12184.54,12071.4,0.94,188.8,20872.2,12414.66,13475.5,33.35,30.61,1.34,FMCG,Bearish,No,12071.4,0.9372566562287824
2022-09-23,Friday,September,2022,12187.02,12282.03,12018.54,12112.98,12184.54,-0.59,243.0,32040.8,12406.55,13460.66,37.76,30.29,0.51,Banking,Bearish,No,12184.54,-0.5873016133559519
2022-09-26,Monday,September,2022,12066.01,12182.76,11988.83,12105.33,12112.98,-0.06,233.4,26064.5,12399.26,13445.04,36.68,29.71,0.65,Metal,Bearish,No,12112.98,-0.06315539198446325
2022-09-27,Tuesday,September,2022,12114.22,12352.12,11964.32,12201.15,12105.33,0.79,342.2,43029.5,12392.53,13429.65,37.3,28.46,1.48,Banking,Bearish,No,12105.33,0.7915521509946422
2022-09-28,Wednesday,September,2022,12177.7,12271.39,11965.84,12058.62,12201.15,-1.17,257.3,31346.4,12382.89,13415.34,40.33,28.27,0.6,Energy,Bearish,No,12201.15,-1.168168574273727
2022-09-29,Thursday,September,2022,12066.26,12248.68,12007.22,12189.03,12058.62,1.08,290.7,32220.9,12380.04,13401.14,45.13,28.32,1.66,Metal,Bearish,No,12058.62,1.0814670335411503
2022-09-30,Friday,September,2022,12231.12,12483.16,12108.77,12359.53,12189.03,1.4,209.2,24796.9,12377.84,13385.8,49.67,28.03,1.66,FMCG,Bearish,No,12189.03,1.3987987559305375
2022-10-03,Monday,October,2022,12378.22,12436.19,12141.24,12198.37,12359.53,-1.3,231.6,29810.1,12370.45,13370.19,46.39,28.75,0.48,IT,Bearish,No,12359.53,-1.3039330783613927
2022-10-04,Tuesday,October,2022,12378.22,12293.59,12158.72,12275.51,12198.37,0.63,329.4,38873.7,12363.51,13355.03,47.93,28.13,1.34,Auto,Bearish,No,12198.37,0.6323795720247821
2022-10-05,Wednesday,October,2022,12268.04,12391.18,12060.78,12183.07,12275.51,-0.75,342.2,41526.5,12354.65,13339.75,52.69,27.96,0.97,Energy,Bearish,No,12275.51,-0.7530440690447934
2022-10-06,Thursday,October,2022,12144.1,12237.73,11715.54,11806.57,12183.07,-3.09,474.7,58264.6,12337.36,13323.44,46.19,30.61,0.2,Pharma,Bearish,No,12183.07,-3.090354073316496
2022-10-07,Friday,October,2022,11851.75,11954.0,11672.21,11773.79,11806.57,-0.28,226.4,24371.8,12320.87,13307.54,53.75,24.57,0.45,Banking,Bearish,No,11806.57,-0.2776420247370645
2022-10-10,Monday,October,2022,11802.78,11962.18,11523.84,11681.6,11773.79,-0.78,180.0,22425.6,12303.45,13291.71,46.77,29.67,0.45,Energy,Bearish,No,11773.79,-0.7830103985207865
2022-10-11,Tuesday,October,2022,11643.46,12422.01,11538.62,12311.16,11681.6,5.39,428.8,47950.2,12298.53,13278.42,55.47,29.86,2.97,Banking,Bearish,No,11681.6,5.389330228735785
2022-10-12,Wednesday,October,2022,12404.27,12531.75,12144.03,12270.13,12311.16,-0.33,267.3,25372.5,12295.41,13266.64,52.02,30.55,1.41,FMCG,Bearish,No,12311.16,-0.3332748498110711
2022-10-13,Thursday,October,2022,12262.14,12361.08,12153.83,12252.69,12270.13,-0.14,193.2,24917.7,12288.88,13255.59,53.38,29.39,0.94,Unknown,Bearish,No,12270.13,-0.14213378342363686
2022-10-14,Friday,October,2022,12263.55,12425.98,12125.71,12287.87,12252.69,0.29,241.1,32066.5,12282.96,13245.79,54.36,29.05,1.48,Metal,Bearish,No,12252.69,0.2871206241241743
2022-10-17,Monday,October,2022,12275.43,12281.93,12086.92,12093.32,12287.87,-1.58,345.5,43958.0,12270.36,13235.69,47.54,28.76,0.75,FMCG,Bearish,No,12287.87,-1.5832687032008075
2022-10-18,Tuesday,October,2022,12108.56,12435.83,12049.2,12375.16,12093.32,2.33,272.1,31834.3,12265.19,13225.89,56.78,29.69,1.57,Auto,Bearish,No,12093.32,2.3305428120648437
2022-10-19,Wednesday,October,2022,12378.65,12458.56,11970.28,12048.05,12375.16,-2.64,470.8,62232.5,12254.69,13214.35,47.21,33.28,0.2,Banking,Bearish,No,12375.16,-2.6432789555852256
2022-10-20,Thursday,October,2022,11997.53,12108.14,11924.56,12034.94,12048.05,-0.11,229.9,27188.7,12245.43,13201.1,43.16,33.05,1.16,Metal,Bearish,No,12048.05,-0.10881428944931973
2022-10-21,Friday,October,2022,12077.31,12135.69,11652.43,11709.03,12034.94,-2.71,440.6,50315.2,12230.79,13186.97,40.36,36.32,0.2,IT,Bearish,No,12034.94,-2.708031780798241
2022-10-24,Monday,October,2022,11679.94,12028.09,11590.33,11936.51,11709.03,1.94,340.7,43638.3,12219.39,13174.39,43.69,35.9,1.9,FMCG,Bearish,No,11709.03,1.9427740812005738
2022-10-25,Tuesday,October,2022,11969.35,12058.61,11878.4,11967.65,11936.51,0.26,267.3,39608.0,12210.12,13163.12,45.9,35.24,1.41,Realty,Bearish,No,11936.51,0.26088027404994774
2022-10-26,Wednesday,October,2022,11959.33,12051.06,11561.65,11651.01,11967.65,-2.65,286.1,33707.4,12191.25,13150.66,46.97,38.79,0.36,Unknown,Bearish,No,11967.65,-2.6457993006145686
2022-10-27,Thursday,October,2022,11653.22,11755.79,11184.94,11284.26,11651.01,-3.15,351.7,43382.6,12166.46,13136.29,41.56,41.24,0.2,Pharma,Bearish,No,11651.01,-3.147795770495433
2022-10-28,Friday,October,2022,11300.58,11622.12,11187.67,11507.15,11284.26,1.98,286.2,30299.6,12148.75,13123.55,47.12,40.89,1.81,IT,Bearish,No,11284.26,1.9752292130808702
2022-10-31,Monday,October,2022,11511.89,11568.25,11345.4,11401.22,11507.15,-0.92,277.4,31885.4,12133.13,13110.68,31.85,40.44,0.99,FMCG,Bearish,No,11507.15,-0.9205580877975893
2022-11-01,Tuesday,November,2022,11426.66,11541.76,11359.12,11473.94,11401.22,0.64,259.2,27554.3,12117.73,13098.57,34.32,40.05,0.77,FMCG,Unknown,No,11401.22,0.637826478219008
2022-11-02,Wednesday,November,2022,11449.56,11743.25,11315.7,11607.55,11473.94,1.16,300.9,37651.3,12110.48,13087.2,37.85,40.0,0.67,Realty,Bearish,No,11473.94,1.1644648655997745
2022-11-03,Thursday,November,2022,11643.66,11692.94,11315.7,11389.32,11607.55,-1.88,267.3,37572.2,12096.18,13072.72,34.17,39.64,0.53,Banking,Bearish,No,11607.55,-1.88006943756434
2022-11-04,Friday,November,2022,11354.11,11408.25,10859.38,10911.41,11389.32,-4.2,472.4,48809.5,12066.51,13056.26,31.07,43.31,0.2,IT,Bearish,No,11389.32,-4.196124088180856
2022-11-07,Monday,November,2022,10881.53,11034.17,10828.12,10980.28,10911.41,0.63,222.3,23467.2,12042.92,13040.7,26.02,42.98,1.26,Metal,Bearish,No,10911.41,0.631174156227296
2022-11-08,Tuesday,November,2022,10999.35,11097.66,10920.15,11018.32,10980.28,0.35,265.3,29328.8,12013.4,13024.8,30.34,41.22,1.18,Metal,Bearish,No,10980.28,0.3464392529152176
2022-11-09,Wednesday,November,2022,11053.01,11209.04,10920.46,11076.21,11018.32,0.53,415.0,48038.0,11984.46,13009.62,32.01,41.3,1.54,IT,Bearish,No,11018.32,0.5253977012829489
2022-11-10,Thursday,November,2022,11085.64,11514.41,10973.72,11399.33,11076.21,2.92,362.0,41162.4,11963.41,12997.12,44.18,40.59,2.02,IT,Bearish,No,11076.21,2.917243353096419
2022-11-11,Friday,November,2022,11450.36,11631.0,11398.74,11578.8,11399.33,1.57,267.3,22891.2,11937.64,12986.01,43.16,40.22,1.68,FMCG,Bearish,No,11399.33,1.5743907755982092
2022-11-14,Monday,November,2022,11549.84,12096.33,11373.67,11914.6,11578.8,2.9,323.3,40123.3,11924.81,12975.43,49.09,39.13,2.11,Energy,Bearish,No,11578.8,2.9001278198086253
2022-11-15,Tuesday,November,2022,11872.95,11934.9,11790.32,11852.16,11914.6,-0.52,218.8,23953.2,11910.2,12964.95,53.78,38.15,1.06,Banking,Bearish,No,11914.6,-0.5240629144075378
2022-11-16,Wednesday,November,2022,11881.97,11934.9,11766.8,11784.66,11852.16,-0.57,195.5,24464.7,11892.67,12954.21,60.58,37.84,0.64,Unknown,Bearish,No,11852.16,-0.5695164425724931
2022-11-17,Thursday,November,2022,11788.98,12299.55,11608.65,12114.24,11784.66,2.8,363.4,43103.9,11887.31,12944.12,62.28,36.66,2.02,FMCG,Bearish,No,11784.66,2.7966865399595737
2022-11-18,Friday,November,2022,12143.54,12200.04,12080.7,12137.17,12114.24,0.19,277.4,34696.8,11882.79,12933.22,65.41,36.58,0.36,Unknown,Bearish,No,12114.24,0.1892813746466992
2022-11-21,Monday,November,2022,12099.74,12191.17,12080.7,11814.21,12137.17,-2.66,278.7,31903.5,11871.63,12919.5,56.45,38.99,0.2,Pharma,Bearish,No,12137.17,-2.660916836461885
2022-11-22,Tuesday,November,2022,11798.5,11886.56,11630.68,11718.14,11814.21,-0.81,159.3,19298.2,11859.02,12906.45,52.13,38.82,1.04,Auto,Bearish,No,11814.21,-0.8131732887768182
2022-11-23,Wednesday,November,2022,11779.41,11901.06,11627.99,11749.33,11718.14,0.27,381.7,39537.4,11846.73,12893.65,57.46,37.52,0.69,Auto,Bearish,No,11718.14,0.26616852162545
2022-11-24,Thursday,November,2022,11742.24,11749.9,11713.41,11721.05,11749.33,-0.24,175.8,21435.6,11839.58,12880.03,70.61,37.91,0.55,Energy,Bearish,No,11749.33,-0.24069457577581577
2022-11-25,Friday,November,2022,11771.21,11851.22,11664.68,11744.51,11721.05,0.2,314.8,38239.2,11834.95,12866.01,69.91,37.79,1.26,Banking,Bearish,No,11721.05,0.20015271669347837
2022-11-28,Monday,November,2022,11771.88,11848.78,11511.25,11586.95,11744.51,-1.34,333.7,40656.2,11834.08,12850.52,63.95,36.66,0.37,Pharma,Bearish,No,11744.51,-1.3415629941138412
2022-11-29,Tuesday,November,2022,11577.03,11848.78,11418.95,11750.78,11586.95,1.41,253.5,29789.5,11833.09,12835.5,65.73,35.66,1.85,Unknown,Bearish,No,11586.95,1.4139182442316565
2022-11-30,Wednesday,November,2022,11800.55,11869.3,11338.93,11750.78,11750.78,-2.94,324.2,34907.7,11819.77,12818.75,50.14,37.54,0.2,Auto,Bearish,No,11750.78,0.0
2022-12-01,Thursday,December,2022,11416.54,11639.78,11339.85,11562.12,11405.37,1.37,251.5,30913.7,11807.32,12802.17,49.61,36.88,1.91,FMCG,Bearish,No,11750.78,-1.6055104427110358
2022-12-02,Friday,December,2022,11416.54,11839.72,11434.93,11710.43,11562.12,1.28,256.8,30965.4,11799.27,12787.23,44.78,36.59,1.94,Energy,Bearish,No,11562.12,1.2827232376069395
2022-12-05,Monday,December,2022,11707.62,11825.23,11478.2,11594.68,11710.43,-0.99,307.1,34281.4,11789.06,12772.44,43.59,34.5,1.05,Banking,Bearish,No,11710.43,-0.9884350958931483
2022-12-06,Tuesday,December,2022,11609.94,11754.73,11550.68,11695.04,11594.68,0.87,267.3,20029.2,11778.94,12757.54,47.81,33.26,1.14,IT,Unknown,No,11594.68,0.865569381819943
2022-12-07,Wednesday,December,2022,11655.45,11843.45,11542.23,11729.51,11695.04,0.29,311.6,36548.6,11772.35,12742.99,38.99,32.5,0.76,Metal,Bearish,No,11695.04,0.2947403343639641
2022-12-08,Thursday,December,2022,11761.15,11857.03,11701.75,11797.45,11729.51,0.58,210.4,23368.8,11764.52,12728.07,40.52,32.26,1.57,FMCG,Bearish,No,11729.51,0.5792228319853132
2022-12-09,Friday,December,2022,11813.07,12092.38,11680.61,11958.29,11797.45,1.36,199.5,25661.5,11756.5,12714.25,54.42,32.06,1.45,Metal,Bearish,No,11797.45,1.3633454687241746
2022-12-12,Monday,December,2022,11937.8,12025.65,11623.05,11709.22,11958.29,-2.08,337.5,41799.4,11746.72,12698.76,49.75,33.03,0.37,IT,Bearish,No,11958.29,-2.0828228785219416
2022-12-13,Tuesday,December,2022,11664.66,11917.26,11629.98,11881.93,11709.22,1.47,436.9,49922.0,11738.84,12684.13,53.44,32.22,1.83,IT,Bearish,No,11709.22,1.4749915024228852
2022-12-14,Wednesday,December,2022,11872.99,11879.8,11660.44,11667.13,11881.93,-1.81,261.7,27781.3,11728.52,12668.82,48.72,32.0,0.2,Energy,Bearish,No,11881.93,-1.8077871187593353
2022-12-15,Thursday,December,2022,11675.89,11853.17,11600.04,11776.67,11667.13,0.94,274.2,29397.4,11727.93,12653.31,50.73,30.59,1.49,Banking,Bearish,No,11667.13,0.9388769988849089
2022-12-16,Friday,December,2022,11782.18,11839.5,11450.78,11506.76,11776.67,-2.29,345.8,38175.8,11722.59,12636.1,48.26,32.13,0.2,Metal,Bearish,No,11776.67,-2.2919042479750207
2022-12-19,Monday,December,2022,11511.93,11592.99,11426.05,11507.08,11506.76,0.0,333.3,35649.3,11719.1,12620.08,44.32,32.77,1.24,IT,Bearish,No,11506.76,0.002780973966604926
2022-12-20,Tuesday,December,2022,11530.34,11620.31,11288.85,11377.63,11507.08,-1.12,220.6,39537.4,11700.43,12604.51,49.28,32.38,0.74,Realty,Bearish,No,11507.08,-1.1249595900958431
2022-12-21,Wednesday,December,2022,11338.35,11620.31,11334.44,11660.8,11377.63,2.49,397.6,45628.8,11688.24,12591.22,52.4,31.55,2.09,Energy,Bearish,No,11377.63,2.4888311537640098
2022-12-22,Thursday,December,2022,11658.51,11717.74,11593.8,11653.0,11660.8,-0.07,137.9,15581.1,11676.24,12577.49,48.5,30.52,0.85,FMCG,Bearish,No,11660.8,-0.06689077936333075
2022-12-23,Friday,December,2022,11663.41,12224.1,11576.14,12133.31,11653.0,4.12,431.3,39537.4,11673.15,12567.26,61.81,30.87,2.16,Energy,Bearish,No,11653.0,4.1217712177121735
2022-12-26,Monday,December,2022,12150.08,12258.17,12048.02,12156.06,12133.31,0.19,273.6,35528.6,11674.41,12559.13,52.29,30.42,1.06,Auto,Bearish,No,12133.31,0.1875003605776165
2022-12-27,Tuesday,December,2022,12150.08,12325.27,11703.4,11835.88,12156.06,-2.63,415.5,52054.7,11663.62,12548.72,52.14,32.57,0.2,Metal,Bearish,No,12156.06,-2.6339126328761155
2022-12-28,Wednesday,December,2022,11828.65,12076.59,11688.1,11934.78,11835.88,0.84,179.3,20904.0,11661.36,12539.35,52.73,32.22,1.09,FMCG,Bearish,No,11835.88,0.8355948184672493
2022-12-29,Thursday,December,2022,11936.69,12133.33,11852.59,12048.44,11934.78,0.95,146.4,16472.5,11661.63,12531.93,51.82,31.7,1.11,Realty,Bearish,No,11934.78,0.9523426489637835
2022-12-30,Friday,December,2022,12021.64,12133.33,11805.42,11893.53,12048.44,-1.29,273.3,35443.4,11665.32,12524.3,53.87,31.01,0.76,Banking,Bearish,No,12048.44,-1.2857266168898203
2023-01-02,Monday,January,2023,11907.38,12099.11,11835.02,12026.02,11893.53,1.11,240.9,27903.7,11667.11,12518.32,53.08,31.5,1.96,Pharma,Bearish,No,11893.53,1.1139670055904325
2023-01-03,Tuesday,January,2023,11994.62,12122.04,11480.92,11604.19,12026.02,-3.51,316.6,38730.8,11659.84,12512.33,48.76,35.49,0.2,Unknown,Bearish,No,12026.02,-3.507644258033829
2023-01-04,Wednesday,January,2023,11624.16,11839.75,11549.05,11604.19,11604.19,1.37,209.5,24462.9,11662.09,12508.86,49.75,35.88,1.67,Banking,Bearish,No,11604.19,0.0
2023-01-05,Thursday,January,2023,11805.41,11991.26,11756.62,11941.91,11763.73,1.51,265.9,33542.2,11675.25,12505.88,58.69,34.9,1.71,FMCG,Bearish,No,11604.19,2.91032807977118
2023-01-06,Friday,January,2023,11958.69,12156.51,11756.62,12140.12,11941.91,1.66,404.2,48889.9,11687.91,12502.93,61.72,33.8,1.28,IT,Bearish,No,11941.91,1.65978474130186
2023-01-09,Monday,January,2023,12186.86,12444.33,12135.55,12392.16,12140.12,2.08,247.8,33321.4,11707.72,12501.0,67.96,32.85,1.9,Banking,Bearish,No,12140.12,2.0760915048615587
2023-01-10,Tuesday,January,2023,12375.3,12461.14,12083.72,12168.12,12392.16,-1.81,365.6,47159.6,11721.61,12496.8,59.17,33.27,0.2,FMCG,Bearish,No,12392.16,-1.8079172638184065
2023-01-11,Wednesday,January,2023,12124.36,12268.86,11826.58,11969.23,12168.12,-1.63,214.8,24477.3,11728.84,12491.29,55.35,24.57,0.57,Realty,Bearish,No,12168.12,-1.6345170823430506
2023-01-12,Thursday,January,2023,11963.42,12061.31,11826.58,11875.5,11969.23,-0.78,214.2,25083.1,11738.56,12486.31,44.98,33.18,0.96,FMCG,Bearish,No,11969.23,-0.7830913099673042
2023-01-13,Friday,January,2023,11853.62,12031.57,11753.36,11930.66,11875.5,0.46,151.2,16598.2,11758.95,12480.79,45.67,32.98,1.4,IT,Unknown,No,11875.5,0.4644857058650149
2023-01-16,Monday,January,2023,11913.0,12008.46,11776.69,11871.82,11930.66,-0.49,375.1,48124.6,11776.78,12475.45,50.77,32.15,1.03,Realty,Bearish,No,11930.66,-0.4931831097357577
2023-01-17,Tuesday,January,2023,11792.69,12141.43,11637.98,11984.21,11871.82,0.95,324.3,39537.4,11796.1,12472.93,51.05,31.3,0.94,FMCG,Bearish,No,11871.82,0.946695620385075
2023-01-18,Wednesday,January,2023,11990.52,12110.8,11724.65,11843.46,11984.21,-1.17,321.5,34408.0,11811.44,12468.65,45.7,31.31,0.42,IT,Bearish,No,11984.21,-1.1744620629978948
2023-01-19,Thursday,January,2023,11844.22,12109.91,11750.16,12014.5,11843.46,1.44,330.2,39643.6,11823.75,12464.29,52.52,29.87,1.83,Energy,Bearish,No,11843.46,1.4441725644364138
2023-01-20,Friday,January,2023,12044.89,12112.41,11853.83,11920.65,12014.5,-0.78,210.9,25659.2,11830.58,12461.43,47.77,29.11,0.85,IT,Bearish,No,12014.5,-0.7811394564900775
2023-01-23,Monday,January,2023,11940.43,12247.22,11905.11,12211.1,11920.65,2.44,341.1,39346.3,11836.51,12459.72,63.63,28.52,1.91,IT,Bearish,No,11920.65,2.436528209451672
2023-01-24,Tuesday,January,2023,12204.68,12382.99,11765.06,11939.49,12211.1,-2.22,271.0,32812.6,11838.26,12458.54,53.76,30.66,0.2,IT,Bearish,No,12211.1,-2.2242877382054083
2023-01-25,Wednesday,January,2023,11972.19,12106.45,11505.57,11636.06,11939.49,-2.54,512.0,64289.9,11835.29,12455.24,43.79,32.36,0.2,IT,Bearish,No,11939.49,-2.541398334434723
2023-01-26,Thursday,January,2023,11667.01,11751.32,11377.94,11460.76,11636.06,-1.51,229.0,26907.1,11822.22,12451.02,36.09,31.81,0.28,Auto,Bearish,No,11636.06,-1.5065236858524214
2023-01-27,Friday,January,2023,11444.02,11854.72,11270.35,11677.5,11460.76,1.89,261.2,39537.4,11813.03,12447.5,35.15,30.9,1.21,FMCG,Bearish,No,11460.76,1.8911485800243595
2023-01-30,Monday,January,2023,11684.37,11777.49,11496.57,11588.93,11677.5,-0.76,354.4,38150.4,11808.52,12441.76,37.25,31.33,0.91,Energy,Bearish,No,11677.5,-0.7584671376578866
2023-01-31,Tuesday,January,2023,11641.45,11696.55,11461.95,11516.46,11588.93,-0.63,245.2,26368.7,11804.49,12434.81,52.29,30.87,0.2,Pharma,Bearish,No,11588.93,-0.6253381459720713
2023-02-01,Wednesday,February,2023,11527.74,11676.29,11150.97,11296.54,11516.46,-1.91,353.6,39819.6,11795.43,12425.61,37.25,31.23,0.2,Banking,Bearish,No,11516.46,-1.9096145864267167
2023-02-02,Thursday,February,2023,11527.74,11478.34,11236.27,11445.42,11296.54,1.32,280.1,31822.2,11789.92,12416.16,39.74,30.9,2.03,Banking,Bearish,No,11296.54,1.3179256657348106
2023-02-03,Friday,February,2023,11406.88,11611.9,11333.92,11538.1,11445.42,0.81,218.8,25358.4,11785.79,12406.4,43.04,31.89,1.21,Banking,Bearish,No,11445.42,0.8097562168972419
2023-02-06,Monday,February,2023,11487.17,11998.79,11450.44,11960.55,11538.1,3.66,355.3,42562.9,11793.26,12399.55,49.56,31.2,1.99,Auto,Bearish,No,11538.1,3.6613480555723985
2023-02-07,Tuesday,February,2023,11887.07,12256.51,11829.98,12197.93,11960.55,1.98,369.1,43593.4,11802.2,12394.3,52.29,30.71,2.33,Metal,Bearish,No,11960.55,1.9846913394451011
2023-02-08,Wednesday,February,2023,12180.22,12287.4,11799.48,11904.23,12197.93,-2.41,357.0,44162.9,11812.18,12387.75,48.12,33.74,0.2,IT,Bearish,No,12197.93,-2.4077855832915973
2023-02-09,Thursday,February,2023,11898.0,12009.23,11729.47,11840.16,11904.23,-0.54,319.2,35618.5,11817.74,12378.47,48.61,34.62,1.42,Realty,Bearish,No,11904.23,-0.5382120473142715
2023-02-10,Friday,February,2023,11805.48,11847.88,11729.47,11840.16,11840.16,-1.51,368.0,45938.7,11816.77,12368.41,40.14,34.23,0.41,Banking,Bearish,No,11840.16,0.0
2023-02-13,Monday,February,2023,11637.66,11814.98,11412.63,11589.21,11661.6,-0.62,285.9,31108.4,11816.66,12357.83,43.23,34.58,1.07,Metal,Bearish,No,11840.16,-2.1194814934933373
2023-02-14,Tuesday,February,2023,11556.04,11698.35,11551.92,11694.18,11589.21,0.91,327.7,37677.2,11816.64,12346.67,51.22,34.9,1.99,Energy,Bearish,No,11589.21,0.9057563026297838
2023-02-15,Wednesday,February,2023,11638.75,11737.89,11054.36,11149.33,11694.18,-4.66,496.6,52164.5,11805.04,12332.43,44.35,38.9,0.2,IT,Bearish,No,11694.18,-4.6591552379046695
2023-02-16,Thursday,February,2023,11143.65,11456.43,11047.58,11149.33,11149.33,1.88,334.9,38940.8,11796.26,12319.95,44.2,37.87,1.52,Banking,Bearish,No,11149.33,0.0
2023-02-17,Friday,February,2023,11381.3,11506.19,11278.25,11402.95,11358.51,0.39,220.0,24974.3,11785.15,12307.29,46.56,37.74,1.34,IT,Bearish,No,11149.33,2.274755523426079
2023-02-20,Monday,February,2023,11385.5,11516.63,10756.96,10882.29,11402.95,-4.57,357.7,37947.5,11768.61,12291.3,39.95,41.1,0.2,Banking,Bearish,No,11402.95,-4.566011426867607
2023-02-21,Tuesday,February,2023,10919.38,11205.59,10873.54,11158.75,10882.29,2.54,305.8,33953.8,11754.15,12274.63,47.85,40.78,2.23,Auto,Bearish,No,10882.29,2.5404579367026527
2023-02-22,Wednesday,February,2023,11163.88,11218.63,10873.54,10926.1,11158.75,-2.08,413.3,44446.3,11739.33,12257.19,42.12,42.98,0.2,Auto,Bearish,No,11158.75,-2.084910944326198
2023-02-23,Thursday,February,2023,10955.37,11049.64,10569.76,10661.5,10926.1,-2.42,361.4,41267.6,11717.02,12240.45,37.36,45.21,0.2,Energy,Bearish,No,10926.1,-2.4217241284630413
2023-02-24,Friday,February,2023,10662.51,10820.45,10482.87,10640.48,10661.5,-0.2,205.8,20252.5,11699.7,12225.5,28.46,43.81,0.9,Auto,Bearish,No,10661.5,-0.19715799840548173
2023-02-27,Monday,February,2023,10661.91,10722.39,10384.79,10444.04,10640.48,-1.85,386.1,42688.9,11678.44,12210.4,21.0,42.31,0.25,IT,Bearish,No,10640.48,-1.8461573162112868
2023-02-28,Tuesday,February,2023,10399.83,10586.66,10324.64,10510.66,10444.04,0.64,267.3,24362.0,11661.1,12195.92,25.09,40.94,0.48,Metal,Bearish,No,10444.04,0.6378757645508728
2023-03-01,Wednesday,March,2023,10537.22,10790.12,10422.34,10673.76,10510.66,1.55,338.9,39537.4,11641.36,12180.77,29.86,40.01,1.52,Banking,Bearish,No,10510.66,1.551757929568651
2023-03-02,Thursday,March,2023,10673.97,10920.79,10640.22,10886.37,10673.76,1.99,397.4,46888.7,11626.02,12166.22,36.77,38.51,1.34,Energy,Bearish,No,10673.76,1.9918941403966415
2023-03-03,Friday,March,2023,10922.23,11051.43,10833.87,10962.74,10886.37,0.7,291.3,29871.1,11602.61,12152.75,39.32,37.8,1.1,FMCG,Bearish,No,10886.37,0.7015194229113927
2023-03-06,Monday,March,2023,10954.44,11037.47,10855.88,10938.79,10962.74,-0.22,294.7,31013.5,11578.27,12138.92,36.76,37.34,0.6,Banking,Bearish,No,10962.74,-0.21846728098996152
2023-03-07,Tuesday,March,2023,10995.95,11057.12,10800.13,10860.55,10938.79,-0.72,284.4,30114.2,11558.76,12125.69,43.95,37.1,0.96,Banking,Bearish,No,10938.79,-0.7152527839002448
2023-03-08,Wednesday,March,2023,10877.94,11070.31,10769.03,10960.57,10860.55,0.92,151.3,17073.5,11539.28,12112.0,41.26,36.84,1.3,IT,Bearish,No,10860.55,0.9209478341336345
2023-03-09,Thursday,March,2023,10930.8,11112.55,10680.07,10860.66,10960.57,-0.91,344.6,40767.3,11515.52,12098.11,38.38,37.05,0.26,Banking,Bearish,No,10960.57,-0.9115401844977028
2023-03-10,Friday,March,2023,10897.42,10992.17,10671.72,10765.32,10860.66,-0.88,312.4,34259.4,11492.96,12083.22,46.93,36.2,1.13,FMCG,Bearish,No,10860.66,-0.8778472026561935
2023-03-13,Monday,March,2023,10731.16,10896.17,10721.08,10885.94,10765.32,1.12,257.1,29982.2,11470.16,12067.98,42.21,37.29,1.47,IT,Bearish,No,10765.32,1.1204497404629012
2023-03-14,Tuesday,March,2023,10849.57,11030.79,10800.58,10981.2,10885.94,0.88,228.1,27076.9,11457.7,12052.5,51.71,36.32,1.15,IT,Bearish,No,10885.94,0.8750737189438874
2023-03-15,Wednesday,March,2023,11023.66,11177.08,10835.58,10988.51,10981.2,0.07,230.7,25180.5,11442.19,12037.46,62.05,36.28,0.8,Banking,Bearish,No,10981.2,0.06656831675954805
2023-03-16,Thursday,March,2023,10999.57,11098.48,10922.11,11020.87,10988.51,0.29,162.7,17832.1,11423.77,12022.34,52.29,36.87,1.08,Pharma,Bearish,No,10988.51,0.2944894257729263
2023-03-17,Friday,March,2023,10999.57,11059.73,10891.6,10927.75,11020.87,-0.84,319.2,33137.3,11399.52,12005.18,69.12,37.64,0.34,Auto,Bearish,No,11020.87,-0.8449423684337152
2023-03-20,Monday,March,2023,10911.23,11233.68,10791.01,11111.25,10927.75,1.68,293.5,33274.1,11373.91,11989.29,71.73,37.62,1.96,Realty,Bearish,No,10927.75,1.6792111825398641
2023-03-21,Tuesday,March,2023,10911.23,11233.68,11078.31,11361.33,11111.25,2.25,276.1,28984.8,11357.77,11976.57,73.41,37.42,2.09,Banking,Bearish,No,11111.25,2.25069186635167
2023-03-22,Wednesday,March,2023,11352.07,11444.48,11078.31,11328.33,11361.33,-0.29,274.4,31920.1,11344.95,11962.33,67.14,36.53,0.81,Unknown,Bearish,No,11361.33,-0.29045895154880635
2023-03-23,Thursday,March,2023,11335.18,11516.44,11078.31,11476.58,11328.33,1.31,313.1,38756.8,11336.97,11949.43,68.88,36.99,1.32,Banking,Bearish,No,11328.33,1.3086659728309469
2023-03-24,Friday,March,2023,11437.77,11510.15,11335.4,11407.58,11476.58,-0.6,299.3,35923.7,11326.51,11935.28,66.67,36.29,0.54,Banking,Bearish,No,11476.58,-0.6012244065740839
2023-03-27,Monday,March,2023,11405.61,11495.48,11252.32,11341.69,11407.58,-0.58,172.0,20089.8,11315.91,11923.06,67.26,35.27,0.89,Pharma,Bearish,No,11407.58,-0.5775984038683
2023-03-28,Tuesday,March,2023,11347.65,11785.69,11261.44,11696.83,11341.69,3.13,416.0,51952.1,11310.16,11913.44,72.33,33.13,2.13,FMCG,Bearish,No,11341.69,3.131279377235662
2023-03-29,Wednesday,March,2023,11715.58,11978.46,11261.44,11865.75,11696.83,1.44,398.4,49446.0,11310.61,11904.43,79.26,33.52,1.7,IT,Bearish,No,11696.83,1.4441519625402788
2023-03-30,Thursday,March,2023,11877.77,12123.19,11773.19,12017.38,11865.75,1.28,280.5,33908.7,11310.66,11896.79,85.29,32.67,1.51,Banking,Bearish,No,11865.75,1.2778796114868356
2023-03-31,Friday,March,2023,12005.36,12327.94,11958.23,12279.73,12017.38,2.18,320.4,39510.0,11317.85,11890.94,86.38,32.29,1.46,Pharma,Bearish,No,12017.38,2.1830881606473325
2023-04-03,Monday,April,2023,12290.22,12834.77,12109.02,12648.29,12279.73,3.0,282.3,32899.6,11326.59,11888.16,88.08,31.48,1.78,FMCG,Bearish,No,12279.73,3.0013689226066154
2023-04-04,Tuesday,April,2023,12685.5,12779.03,12402.3,12494.42,12648.29,-1.22,286.5,35327.0,11337.69,11886.28,82.24,31.59,0.64,Banking,Bearish,No,12648.29,-1.2165280840335002
2023-04-05,Wednesday,April,2023,12438.79,12508.6,12406.48,12476.19,12494.42,-0.15,165.9,20790.9,11354.49,11885.92,81.34,32.12,0.74,Realty,Bearish,No,12494.42,-0.14590513205094405
2023-04-06,Thursday,April,2023,12470.0,12519.67,12458.91,12476.19,12476.19,0.26,303.0,37672.9,11375.45,11885.93,84.96,32.16,1.5,IT,Bearish,No,12476.19,0.0
2023-04-07,Friday,April,2023,12516.38,12620.28,12087.6,12188.78,12508.55,-2.56,496.8,63896.6,11385.67,11884.06,72.48,34.26,0.2,IT,Bearish,No,12476.19,-2.303668026857557
2023-04-10,Monday,April,2023,12155.06,12377.13,12102.85,12324.2,12188.78,1.11,267.3,48481.6,11400.38,11884.11,71.09,33.69,0.94,FMCG,Bearish,No,12188.78,1.111021775764269
2023-04-11,Tuesday,April,2023,12358.57,12485.75,12059.72,12185.12,12324.2,-1.13,225.7,29123.9,11413.75,11883.16,67.94,33.79,0.6,IT,Bearish,No,12324.2,-1.128511384106067
2023-04-12,Wednesday,April,2023,12207.03,12629.62,12107.01,12526.98,12185.12,2.81,312.2,40999.5,11438.36,11884.09,70.34,33.15,1.88,IT,Bearish,No,12185.12,2.8055530023503974
2023-04-13,Thursday,April,2023,12564.49,12933.93,12266.03,12633.83,12526.98,0.85,298.6,40748.8,11462.13,11884.76,73.4,32.38,1.69,Realty,Bearish,No,12526.98,0.8529589733519201
2023-04-14,Friday,April,2023,12715.69,12950.48,12678.1,12912.3,12633.83,2.2,314.0,39518.5,11489.61,11887.7,77.72,30.86,1.75,IT,Bearish,No,12633.83,2.204161366743097
2023-04-17,Monday,April,2023,12925.09,13325.1,12767.01,13164.09,12912.3,1.95,316.5,38969.0,11513.68,11892.89,76.88,30.17,1.83,Auto,Bearish,No,12912.3,1.9500011616830533
2023-04-18,Tuesday,April,2023,13152.91,13510.83,13105.01,13461.81,13164.09,2.26,477.8,67647.6,11538.96,11899.8,77.92,30.28,1.71,Banking,Bearish,No,13164.09,2.261607144891894
2023-04-19,Wednesday,April,2023,13499.71,13736.01,13346.84,13582.21,13461.81,0.89,199.3,27548.1,11572.52,11905.97,77.68,29.95,1.6,Banking,Bearish,No,13461.81,0.8943819590381951
2023-04-20,Thursday,April,2023,13558.25,13743.9,13160.28,13342.98,13582.21,-1.76,325.6,45291.1,11602.58,11910.58,68.96,29.38,0.81,Banking,Bearish,No,13582.21,-1.7613481163963713
2023-04-21,Friday,April,2023,13361.56,13450.05,12980.9,13067.44,13342.98,-2.07,348.3,50035.6,11630.69,11913.32,57.73,31.39,0.2,Auto,Bearish,No,13342.98,-2.065055932033167
2023-04-24,Monday,April,2023,13108.09,13387.68,13041.46,13319.97,13067.44,1.93,377.8,47248.5,11665.31,11917.57,64.69,30.77,1.47,FMCG,Bearish,No,13067.44,1.9325131777915097
2023-04-25,Tuesday,April,2023,13353.22,13468.58,13254.76,13369.99,13319.97,0.38,186.9,24544.0,11698.82,11921.73,65.73,29.98,1.06,IT,Bearish,No,13319.97,0.37552637130564437
2023-04-26,Wednesday,April,2023,13426.44,13493.95,13259.73,13326.74,13369.99,-0.32,325.2,40674.9,11742.37,11925.66,64.34,29.74,1.17,Pharma,Bearish,No,13369.99,-0.3234856570573351
2023-04-27,Thursday,April,2023,13315.82,13576.81,13123.51,13383.52,13326.74,0.43,257.0,36876.4,11782.87,11930.92,73.07,29.14,0.95,Auto,Bearish,No,13326.74,0.4260606870097312
2023-04-28,Friday,April,2023,13411.99,13520.23,13123.51,13423.45,13383.52,0.3,185.1,39537.4,11823.28,11935.69,72.04,28.26,0.43,Auto,Bearish,No,13383.52,0.2983520030604825
2023-05-01,Monday,May,2023,13427.19,13520.23,13296.17,13434.5,13423.45,0.08,213.3,26565.2,11874.33,11940.03,76.41,28.42,1.27,IT,Bearish,No,13423.45,0.08231862896646742
2023-05-02,Tuesday,May,2023,13444.71,13937.45,13311.94,13801.16,13434.5,2.73,413.0,54124.6,11927.18,11945.92,76.65,27.52,1.68,IT,Bearish,No,13434.5,2.7292418772563165
2023-05-03,Wednesday,May,2023,13811.65,14482.14,13651.87,14316.52,13801.16,3.73,524.9,79225.3,11994.98,11954.37,80.06,27.33,2.14,Metal,Bearish,No,13801.16,3.734178866124301
2023-05-04,Thursday,May,2023,14339.67,14428.46,14188.94,14277.34,14316.52,-0.27,212.6,31133.4,12067.3,11962.4,76.67,27.28,0.79,Auto,Bearish,No,14316.52,-0.2736698583175261
2023-05-05,Friday,May,2023,14275.91,14433.94,14062.46,14219.87,14277.34,-0.4,367.2,51052.1,12138.89,11970.51,72.32,27.35,0.24,IT,Bearish,No,14277.34,-0.40252596071816843
2023-05-08,Monday,May,2023,14159.27,14496.83,13972.29,14307.89,14219.87,0.62,325.3,43366.5,12216.17,11979.29,69.63,27.39,0.85,Auto,Bearish,No,14219.87,0.6189930006392366
2023-05-09,Tuesday,May,2023,14314.51,14420.11,14035.41,14139.72,14307.89,-1.18,248.8,33924.5,12288.75,11987.2,62.65,26.57,0.86,IT,Bearish,No,14307.89,-1.1753654801651403
2023-05-10,Wednesday,May,2023,14155.07,14192.84,13954.32,13991.65,14139.72,-1.05,309.1,45353.7,12355.1,11995.03,65.36,26.4,0.64,Banking,Bearish,No,14139.72,-1.0471918821589092
2023-05-11,Thursday,May,2023,13989.89,14203.91,13801.38,14015.07,13991.65,0.17,280.7,38411.5,12417.68,12002.21,75.48,26.8,1.34,IT,Bearish,No,13991.65,0.16738554780887224
2023-05-12,Friday,May,2023,14033.38,14155.39,13469.13,13587.27,14015.07,-3.05,363.0,48952.8,12470.17,12007.22,56.57,30.17,0.47,Auto,Bearish,No,14015.07,-3.0524285643953206
2023-05-15,Monday,May,2023,13582.24,13691.13,13258.24,13365.39,13587.27,-1.63,264.3,36092.2,12518.7,12010.43,49.9,30.68,0.2,FMCG,Bearish,No,13587.27,-1.6329991234442316
2023-05-16,Tuesday,May,2023,13354.52,13497.51,13160.62,13303.06,13365.39,-0.47,235.4,33901.4,12567.55,12013.78,49.47,30.35,0.74,Banking,Bearish,No,13365.39,-0.46635376895099906
2023-05-17,Wednesday,May,2023,13358.58,13905.8,13175.34,13717.64,13303.06,3.12,347.9,45338.5,12622.69,12019.5,56.47,30.11,2.01,Metal,Bearish,No,13303.06,3.1164258448808013
2023-05-18,Thursday,May,2023,13810.52,13908.74,13649.17,13746.94,13717.64,0.21,247.2,33629.0,12680.42,12025.75,56.29,30.11,1.52,FMCG,Bearish,No,13717.64,0.2135935919006556
2023-05-19,Friday,May,2023,13783.22,14124.38,13603.73,13942.81,13746.94,1.42,421.2,56499.3,12743.97,12033.26,59.21,29.89,1.15,Energy,Bearish,No,13746.94,1.4248261794988484
2023-05-22,Monday,May,2023,13918.78,14034.14,13575.25,13688.71,13942.81,-1.82,340.3,46267.7,12800.02,12039.17,47.87,29.89,0.49,IT,Bearish,No,13942.81,-1.822444686544537
2023-05-23,Tuesday,May,2023,13697.95,13934.58,13554.19,13789.85,13688.71,0.74,365.2,52339.3,12856.2,12045.96,52.29,30.51,1.63,Realty,Bearish,No,13688.71,0.7388570581157848
2023-05-24,Wednesday,May,2023,13697.95,13872.93,13469.52,13545.0,13789.85,-1.78,344.5,46495.1,12907.33,12050.71,34.97,30.74,0.67,Energy,Bearish,No,13789.85,-1.7755813152427353
2023-05-25,Thursday,May,2023,13572.25,13904.02,13477.45,13807.58,13545.0,1.94,488.7,71992.4,12963.06,12057.13,42.2,30.09,1.8,FMCG,Bearish,No,13545.0,1.9385751199704684
2023-05-26,Friday,May,2023,13815.37,14313.51,13644.91,14139.05,13807.58,2.4,288.4,41211.4,13027.29,12065.87,47.07,30.58,1.58,Metal,Bearish,No,13807.58,2.40063791048105
2023-05-29,Monday,May,2023,14165.14,14444.36,14163.12,14442.3,14139.05,2.14,201.0,28365.8,13093.91,12077.17,55.01,30.5,2.04,Pharma,Bearish,No,14139.05,2.1447692737489437
2023-05-30,Tuesday,May,2023,14519.79,14676.63,13808.34,13959.12,14442.3,-3.35,409.5,60390.2,13145.86,12085.74,49.52,33.43,0.2,FMCG,Bearish,No,14442.3,-3.345588998982146
2023-05-31,Wednesday,May,2023,13881.93,14014.06,13704.57,13959.12,13959.12,-0.88,288.4,39355.7,13196.02,12095.07,47.41,33.12,0.86,Realty,Bearish,No,13959.12,0.0
2023-06-01,Thursday,June,2023,13881.93,14017.56,13510.49,13711.28,13836.26,-0.9,360.1,49527.9,13240.72,12103.11,51.97,32.95,0.2,IT,Bearish,No,13959.12,-1.7754700869395785
2023-06-02,Friday,June,2023,13750.74,14179.15,13585.4,14010.68,13711.28,2.18,441.1,67915.3,13292.78,12111.19,59.99,32.91,2.26,IT,Bearish,No,13711.28,2.1836035731164385
2023-06-05,Monday,June,2023,14008.82,14130.8,13874.28,13996.15,14010.68,-0.1,131.6,19474.1,13345.87,12120.37,60.89,33.76,0.62,Metal,Bearish,No,14010.68,-0.10370660096441182
2023-06-06,Tuesday,June,2023,14021.04,14061.88,13812.73,13853.08,13996.15,-1.02,261.3,38769.2,13388.99,12127.16,52.33,33.1,0.52,Pharma,Bearish,No,13996.15,-1.0222096790903192
2023-06-07,Wednesday,June,2023,13845.19,13923.8,13586.82,13664.4,13853.08,-1.36,297.4,41392.6,13424.97,12132.87,48.66,32.66,1.05,IT,Bearish,No,13853.08,-1.3620075824293247
2023-06-08,Thursday,June,2023,13728.36,13825.73,13256.4,13351.09,13664.4,-2.29,268.1,34707.7,13451.64,12137.37,40.72,34.32,0.37,IT,Bearish,No,13664.4,-2.2928924797283416
2023-06-09,Friday,June,2023,13397.6,13626.92,13256.4,13439.2,13351.09,0.66,244.4,36072.6,13474.83,12140.23,45.87,33.92,1.0,Banking,Bearish,No,13351.09,0.6599461167590105
2023-06-12,Monday,June,2023,13451.24,13682.31,13300.54,13530.72,13439.2,0.68,319.3,40991.7,13492.48,12145.1,45.7,33.26,1.26,IT,Bearish,No,13439.2,0.6809929162450042
2023-06-13,Tuesday,June,2023,13598.68,13882.89,13533.14,13816.3,13530.72,2.11,393.1,58361.6,13518.92,12151.27,52.29,32.98,1.79,Banking,Bearish,No,13530.72,2.1106046093629898
2023-06-14,Wednesday,June,2023,13829.14,14043.22,13696.22,13909.53,13816.3,0.67,276.0,41548.3,13547.58,12157.51,51.77,33.03,1.35,Banking,Bearish,No,13816.3,0.6747826842208217
2023-06-15,Thursday,June,2023,13912.29,13998.06,13718.11,13803.21,13909.53,-0.76,360.3,52891.6,13573.48,12164.61,43.68,34.1,0.68,Energy,Bearish,No,13909.53,-0.7643680268132822
2023-06-16,Friday,June,2023,13864.09,14342.81,13788.99,14265.54,13803.21,3.35,403.0,53052.9,13615.01,12174.13,46.86,33.72,2.02,Banking,Bearish,No,13803.21,3.3494382828342233
2023-06-19,Monday,June,2023,14205.66,14355.02,14044.31,14193.54,14265.54,-0.5,322.1,48955.2,13652.4,12183.23,54.87,34.03,1.04,FMCG,Bearish,No,14265.54,-0.5047127553531097
2023-06-20,Tuesday,June,2023,14200.69,14648.99,14095.29,14541.06,14193.54,2.45,289.2,43430.2,13699.52,12194.19,63.4,34.73,1.74,FMCG,Bearish,No,14193.54,2.4484378104405145
2023-06-21,Wednesday,June,2023,14556.47,14845.84,14507.81,14796.38,14541.06,1.76,259.9,39846.5,13744.9,12206.36,69.65,33.05,1.26,Realty,Bearish,No,14541.06,1.7558554878392616
2023-06-22,Thursday,June,2023,14786.5,14953.7,14558.81,14725.32,14796.38,-0.48,368.8,57419.1,13786.73,12219.59,64.11,32.93,0.75,FMCG,Bearish,No,14796.38,-0.48025260232570055
2023-06-23,Friday,June,2023,14692.39,14818.86,14281.56,14405.56,14725.32,-2.17,301.7,43379.3,13816.6,12231.74,57.21,34.43,0.27,Banking,Bearish,No,14725.32,-2.171497801066464
2023-06-26,Monday,June,2023,14402.45,14643.78,14308.34,14548.71,14405.56,0.99,330.0,45775.0,13844.29,12246.33,62.26,33.3,1.43,Banking,Bearish,No,14405.56,0.9937135383837882
2023-06-27,Tuesday,June,2023,14482.79,15005.82,14280.47,14799.08,14548.71,1.72,273.0,41007.0,13871.04,12261.32,69.57,32.89,1.63,Pharma,Bearish,No,14548.71,1.720908589146397
2023-06-28,Wednesday,June,2023,14868.05,15356.91,14685.82,15170.97,14799.08,2.51,366.0,51180.0,13902.81,12276.82,80.76,33.97,1.44,Banking,Bearish,No,14799.08,2.512926479213569
2023-06-29,Thursday,June,2023,15243.95,15373.32,14991.34,15119.65,15170.97,-0.34,228.8,35803.2,13938.35,12291.5,78.76,24.57,1.04,Realty,Bearish,No,15170.97,-0.33827764473860084
2023-06-30,Friday,June,2023,15122.98,15140.41,15031.26,15048.6,15119.65,-0.47,286.6,42982.1,13977.97,12306.17,76.16,34.81,0.78,Unknown,Bearish,No,15119.65,-0.4699182851454846
2023-07-03,Monday,July,2023,15122.98,15347.73,14847.5,15159.12,15048.6,0.73,299.1,45362.1,14014.75,12321.44,52.29,35.31,1.07,FMCG,Bearish,No,15048.6,0.734420477652409
2023-07-04,Tuesday,July,2023,15091.95,15417.84,15000.4,15324.87,15159.12,1.09,234.4,33664.3,14053.85,12337.06,75.29,35.15,1.64,Pharma,Bearish,No,15159.12,1.093401200069661
2023-07-05,Wednesday,July,2023,15294.81,15659.93,15182.11,15545.38,15324.87,1.44,335.9,39537.4,14098.22,12354.5,79.91,34.43,1.26,Banking,Bearish,No,15324.87,1.4389029074961053
2023-07-06,Thursday,July,2023,15614.54,16027.07,15508.53,15918.99,15545.38,2.4,268.8,43742.5,14148.93,12373.15,79.28,34.32,2.34,IT,Bearish,No,15545.38,2.403350706126197
2023-07-07,Friday,July,2023,15919.38,15964.23,15529.9,15573.78,15918.99,-2.17,434.4,69801.6,14191.94,12389.22,72.28,35.82,0.78,Banking,Bearish,No,15918.99,-2.1685420997186324
2023-07-10,Monday,July,2023,15549.78,15806.56,15529.9,15653.0,15573.78,0.51,266.9,41763.6,14236.31,12406.49,69.65,34.48,1.47,Metal,Bearish,No,15573.78,0.508675478913914
2023-07-11,Tuesday,July,2023,15655.18,15961.77,15582.71,15888.22,15653.0,1.5,267.3,18807.5,14278.05,12424.55,69.44,33.4,1.3,FMCG,Bearish,No,15653.0,1.5027151344790095
2023-07-12,Wednesday,July,2023,15862.51,16229.41,15710.19,16075.05,15888.22,1.18,199.6,32494.7,14313.22,12444.01,73.08,32.47,1.57,Energy,Bearish,No,15888.22,1.1759026498877783
2023-07-13,Thursday,July,2023,15999.02,16067.11,15915.72,15983.74,16075.05,-0.57,289.6,49512.4,14347.35,12464.9,79.27,32.68,0.89,Metal,Bearish,No,16075.05,-0.5680231165688411
2023-07-14,Friday,July,2023,15969.05,16117.33,15870.32,16018.29,15983.74,0.22,267.3,44239.1,14383.32,12486.12,78.4,32.8,0.86,Pharma,Bearish,No,15983.74,0.21615716972373855
2023-07-17,Monday,July,2023,15968.07,16119.14,15290.75,15436.79,16018.29,-3.63,384.9,56363.5,14405.89,12504.9,60.93,35.79,0.2,IT,Bearish,No,16018.29,-3.6302251988195993
2023-07-18,Tuesday,July,2023,15456.61,15587.9,15209.36,15339.66,15436.79,-0.63,261.1,38138.5,14429.89,12520.04,53.19,35.36,0.79,Auto,Bearish,No,15436.79,-0.6292111248517407
2023-07-19,Wednesday,July,2023,15382.38,15543.69,15137.37,15297.8,15339.66,-0.27,277.2,38423.8,14456.02,12535.18,53.38,35.2,0.2,IT,Bearish,No,15339.66,-0.2728874042840623
2023-07-20,Thursday,July,2023,15265.12,15543.69,15100.43,15585.46,15297.8,1.88,391.0,65821.9,14487.42,12551.84,59.42,34.52,2.07,Auto,Bearish,No,15297.8,1.8804011034266357
2023-07-21,Friday,July,2023,15594.56,15802.42,14895.61,15096.84,15585.46,-3.14,436.3,72443.5,14517.62,12565.89,49.04,38.15,0.41,FMCG,Bearish,No,15585.46,-3.1351015626102727
2023-07-24,Monday,July,2023,15594.56,15583.9,14975.41,15460.26,15096.84,2.41,303.9,49958.0,14559.51,12582.72,51.98,37.77,1.78,Banking,Bearish,No,15096.84,2.407258737590119
2023-07-25,Tuesday,July,2023,15426.08,15808.12,15228.2,15607.9,15460.26,0.95,349.2,53550.0,14605.61,12598.89,50.93,37.5,1.5,Energy,Bearish,No,15460.26,0.9549645348784522
2023-07-26,Wednesday,July,2023,15501.25,16408.09,15397.23,16298.72,15607.9,4.43,301.5,47705.1,14657.23,12620.14,55.17,36.84,2.58,FMCG,Bearish,No,15607.9,4.4260919149917655
2023-07-27,Thursday,July,2023,15501.25,16591.4,16068.07,16409.07,16298.72,0.68,236.8,40991.3,14710.47,12642.01,62.15,35.84,1.08,Banking,Bearish,No,16298.72,0.6770470319141648
2023-07-28,Friday,July,2023,15501.25,16575.4,16047.5,16250.54,16409.07,-0.97,306.0,49825.6,14756.63,12664.72,58.5,35.41,1.48,Metal,Bearish,No,16409.07,-0.9661120343809785
2023-07-31,Monday,July,2023,16257.53,16460.41,15861.65,16062.09,16250.54,-1.16,206.3,36048.5,14804.1,12685.35,52.51,35.02,0.43,Metal,Bearish,No,16250.54,-1.1596537715054436
2023-08-01,Tuesday,August,2023,16073.81,16571.71,16039.01,16535.91,16062.09,2.95,366.6,57948.2,14859.02,12708.19,56.14,34.9,2.0,Auto,Bearish,No,16062.09,2.9499274378365437
2023-08-02,Wednesday,August,2023,16597.5,16673.51,16248.8,16323.56,16535.91,-1.28,267.3,50111.3,14914.59,12731.55,54.38,34.04,0.24,Realty,Bearish,No,16535.91,-1.2841748654897152
2023-08-03,Thursday,August,2023,16272.95,16634.8,16106.64,16466.51,16323.56,0.88,216.9,39279.1,14967.77,12757.46,55.62,33.35,1.55,Metal,Bearish,No,16323.56,0.8757280887257369
2023-08-04,Friday,August,2023,16426.01,16557.58,15964.71,16093.62,16466.51,-2.26,347.3,61238.5,15006.86,12780.39,58.7,35.95,0.45,Unknown,Bearish,No,16466.51,-2.264535715218329
2023-08-07,Monday,August,2023,16062.49,16209.01,15907.62,16054.06,16093.62,-0.25,158.9,27475.1,15039.09,12803.66,59.6,24.57,1.18,Banking,Bearish,No,16093.62,-0.24581169432359723
2023-08-08,Tuesday,August,2023,16044.89,16290.51,15910.65,16155.34,16054.06,0.63,311.7,49395.7,15083.02,12827.06,61.35,34.77,0.84,IT,Bearish,No,16054.06,0.6308684532137083
2023-08-09,Wednesday,August,2023,16165.98,16273.37,16013.04,16120.13,16155.34,-0.22,262.9,45241.4,15128.7,12849.63,57.58,33.81,1.01,FMCG,Bearish,No,16155.34,-0.21794651180353336
2023-08-10,Thursday,August,2023,16140.93,16307.03,15748.4,15912.14,16120.13,-1.29,329.7,50189.6,15172.71,12872.24,62.56,32.39,0.69,Energy,Bearish,No,16120.13,-1.290250140662636
2023-08-11,Friday,August,2023,15822.28,15970.31,15524.46,15671.08,15912.14,-1.51,292.8,43634.3,15205.92,12896.04,53.38,32.91,0.2,Metal,Bearish,No,15912.14,-1.5149439358879415
2023-08-14,Monday,August,2023,15727.26,15846.48,15423.58,15541.4,15671.08,-0.83,161.8,25379.5,15236.83,12918.85,48.93,32.26,0.84,Energy,Bearish,No,15671.08,-0.8275115690813925
2023-08-15,Tuesday,August,2023,15563.29,15689.6,15156.03,15280.04,15541.4,-1.68,297.6,48749.9,15265.36,12940.15,30.96,32.16,0.25,FMCG,Bearish,No,15541.4,-1.6817017771886624
2023-08-16,Wednesday,August,2023,15320.5,15739.08,15160.13,15576.04,15280.04,1.94,418.6,59952.2,15303.6,12962.65,35.44,31.99,1.56,Banking,Bearish,No,15280.04,1.9371677037494663
2023-08-17,Thursday,August,2023,15464.41,15637.77,15377.45,15550.33,15576.04,-0.17,289.2,45558.9,15347.58,12983.41,37.17,31.93,1.12,Banking,Bearish,No,15576.04,-0.1650612093959758
2023-08-18,Friday,August,2023,15589.14,15773.85,15533.75,15718.0,15550.33,1.08,378.1,60734.1,15393.16,13004.1,43.65,32.49,1.42,Pharma,Bearish,No,15550.33,1.0782407833145669
2023-08-21,Monday,August,2023,15671.08,15725.79,15263.77,15317.25,15718.0,-2.55,354.1,55104.0,15428.89,13021.12,26.87,34.65,0.2,Realty,Bearish,No,15718.0,-2.549624634177376
2023-08-22,Tuesday,August,2023,15296.54,15521.0,15205.28,15428.95,15317.25,0.73,214.7,31260.9,15461.14,13039.0,32.35,33.9,0.9,IT,Bearish,No,15317.25,0.7292431735461701
2023-08-23,Wednesday,August,2023,15495.33,15711.3,15205.28,15219.86,15428.95,-1.36,323.9,44999.7,15487.35,13056.18,26.03,33.51,0.5,Auto,Bearish,No,15428.95,-1.3551797108682064
2023-08-24,Thursday,August,2023,15249.89,15379.99,14802.06,14929.42,15219.86,-1.91,305.7,49244.7,15509.87,13070.25,26.88,33.02,0.43,Unknown,Bearish,No,15219.86,-1.908296134130015
2023-08-25,Friday,August,2023,14899.11,14977.84,14795.25,14873.84,14929.42,-0.37,205.2,30976.0,15522.04,13083.94,26.71,32.86,0.88,Banking,Bearish,No,14929.42,-0.37228505862920275
2023-08-28,Monday,August,2023,14909.37,15249.42,14778.03,15116.26,14873.84,1.63,196.1,31231.3,15540.49,13100.45,30.58,32.45,1.51,Energy,Bearish,No,14873.84,1.6298413859500982
2023-08-29,Tuesday,August,2023,15132.62,15190.47,15028.06,15085.73,15116.26,-0.2,250.2,36721.1,15551.39,13117.28,30.63,32.74,0.86,Auto,Bearish,No,15116.26,-0.2019679470980299
2023-08-30,Wednesday,August,2023,15067.29,15176.63,14890.74,14999.59,15085.73,-0.57,304.9,41549.1,15555.45,13133.54,52.29,32.31,1.24,Auto,Bearish,No,15085.73,-0.5710031930837913
2023-08-31,Thursday,August,2023,15021.0,15116.51,14667.01,14760.86,14999.59,-1.59,231.0,32457.9,15556.16,13148.74,32.12,31.5,0.53,Energy,Bearish,No,14999.59,-1.5915768364335263
2023-09-01,Friday,September,2023,14744.11,14889.32,14704.2,14849.13,14760.86,0.6,339.1,46056.9,15565.03,13164.26,36.18,30.72,1.26,IT,Bearish,No,14760.86,0.5980003875112874
2023-09-04,Monday,September,2023,14866.37,15246.29,14682.43,15059.95,14849.13,1.42,305.0,42058.3,15575.26,13181.62,45.52,30.55,1.41,Auto,Bearish,No,14849.13,1.4197464767296235
2023-09-05,Tuesday,September,2023,15076.86,15247.52,14978.96,15059.95,15059.95,0.59,256.1,36581.4,15582.26,13198.62,40.5,29.93,1.07,IT,Bearish,No,15059.95,0.0
2023-09-06,Wednesday,September,2023,15172.03,15384.93,15052.99,15265.16,15149.15,0.77,184.8,28963.7,15584.14,13217.91,43.9,30.67,1.82,Banking,Bearish,No,15059.95,1.3626207258324172
2023-09-07,Thursday,September,2023,15353.29,15518.91,14979.67,15143.02,15265.16,-0.8,292.0,47027.8,15584.61,13235.82,37.46,30.11,0.9,Auto,Bearish,No,15265.16,-0.800122632189898
2023-09-08,Friday,September,2023,15185.96,15539.33,15043.1,15394.51,15143.02,1.66,232.5,38092.7,15591.53,13254.24,51.8,29.2,1.79,IT,Bearish,No,15143.02,1.6607651578086788
2023-09-11,Monday,September,2023,15440.69,15637.83,15312.4,15508.97,15394.51,0.74,267.3,33666.1,15598.53,13273.81,51.86,28.39,1.01,Pharma,Bearish,No,15394.51,0.7435118103791489
2023-09-12,Tuesday,September,2023,15484.45,16078.42,15375.32,15508.97,15508.97,2.95,262.8,43270.7,15611.35,13295.16,65.59,28.17,2.28,FMCG,Bearish,No,15508.97,0.0
2023-09-13,Wednesday,September,2023,15893.22,16066.66,15450.24,15620.71,15965.9,-2.16,492.5,69544.4,15612.85,13314.62,64.12,29.88,0.2,Pharma,Bearish,No,15508.97,0.7204862734275699
2023-09-14,Thursday,September,2023,15611.91,16477.16,15450.24,16346.86,15620.71,4.65,439.2,70035.0,15621.41,13337.37,73.62,29.59,2.65,Metal,Bearish,No,15620.71,4.648636329590662
2023-09-15,Friday,September,2023,16323.01,16826.65,16183.01,16683.56,16346.86,2.06,284.3,43745.6,15643.61,13360.99,74.39,29.21,1.72,Banking,Bearish,No,16346.86,2.0597227846815884
2023-09-18,Monday,September,2023,16713.57,17007.17,16505.46,16798.01,16683.56,0.69,251.6,44609.1,15666.51,13386.44,75.97,28.16,1.63,Banking,Bearish,No,16683.56,0.6860046656708585
2023-09-19,Tuesday,September,2023,16788.05,17431.06,16575.21,17212.83,16798.01,2.47,310.4,49364.7,15693.0,13413.09,80.52,27.78,1.67,IT,Bearish,No,16798.01,2.469459179986221
2023-09-20,Wednesday,September,2023,17281.31,17438.14,16939.91,17095.05,17212.83,-0.68,243.7,38377.1,15713.4,13440.23,52.29,28.49,0.94,Pharma,Bearish,No,17212.83,-0.6842570338520886
2023-09-21,Thursday,September,2023,17005.86,17438.14,16684.54,16826.19,17095.05,-1.57,322.2,49098.4,15730.25,13465.48,76.83,26.45,0.59,Metal,Bearish,No,17095.05,-1.5727359674291717
2023-09-22,Friday,September,2023,16812.09,17438.14,16633.49,16932.62,16826.19,0.63,227.1,41957.2,15748.53,13492.61,76.15,26.24,0.98,Banking,Bearish,No,16826.19,0.6325258421544051
2023-09-25,Monday,September,2023,16951.56,17255.2,16833.01,17135.37,16932.62,1.2,286.6,51916.2,15782.5,13520.75,76.88,25.19,1.56,Energy,Bearish,No,16932.62,1.1973929610420597
2023-09-26,Tuesday,September,2023,17085.22,17204.88,16952.1,17135.37,17135.37,-0.37,378.6,62478.6,15817.15,13549.22,74.8,25.13,0.83,Banking,Unknown,No,17135.37,0.0
2023-09-27,Wednesday,September,2023,17118.02,17250.67,16616.96,16746.73,17071.67,-1.9,207.0,33809.1,15846.12,13574.65,70.86,25.34,0.35,Auto,Bearish,No,17135.37,-2.2680572406665247
2023-09-28,Thursday,September,2023,16790.56,17080.07,16616.96,17013.27,16746.73,1.59,230.0,35682.6,15874.68,13601.45,70.97,24.97,1.42,IT,Neutral,No,16746.73,1.591594299305004
2023-09-29,Friday,September,2023,16991.26,17352.12,16694.77,17054.53,17013.27,0.24,261.7,41578.2,15913.83,13626.06,70.41,24.18,1.1,Banking,Neutral,No,17013.27,0.24251657676624422
2023-10-02,Monday,October,2023,17190.06,17954.37,17080.02,17840.17,17054.53,4.61,522.3,89665.4,15961.43,13654.48,72.77,24.72,2.55,Banking,Neutral,No,17054.53,4.606635304520262
2023-10-03,Tuesday,October,2023,17780.34,18166.17,17604.84,17988.61,17840.17,0.83,440.8,77515.5,16009.05,13685.24,80.21,24.72,1.44,IT,Neutral,No,17840.17,0.8320548514952623
2023-10-04,Wednesday,October,2023,17915.95,18187.47,17773.84,18044.34,17988.61,0.31,260.3,48096.5,16043.96,13715.79,76.13,24.81,1.2,Realty,Neutral,No,17988.61,0.3098071501911463
2023-10-05,Thursday,October,2023,18018.67,18212.4,17202.36,17389.33,18044.34,-3.63,335.2,56544.2,16063.56,13742.49,59.89,27.94,0.2,Banking,Bearish,No,18044.34,-3.6300025381920222
2023-10-06,Friday,October,2023,17399.26,17511.72,17055.61,17166.57,17389.33,-1.28,375.2,70265.0,16081.88,13768.86,55.01,27.19,0.82,IT,Bearish,No,17389.33,-1.2810154272763932
2023-10-09,Monday,October,2023,17083.49,17234.97,16812.89,16963.31,17166.57,-1.18,287.4,47219.7,16099.91,13793.55,46.4,27.88,1.06,Realty,Bearish,No,17166.57,-1.1840455023921401
2023-10-10,Tuesday,October,2023,16994.82,17310.97,16916.66,17231.72,16963.31,1.58,303.0,56823.4,16113.82,13821.68,51.89,28.63,1.73,FMCG,Bearish,No,16963.31,1.5822973228691795
2023-10-11,Wednesday,October,2023,17358.91,17582.09,16412.95,16626.72,17231.72,-3.51,285.4,49634.1,16119.89,13846.0,47.47,33.24,0.2,IT,Bearish,No,17231.72,-3.510966984143196
2023-10-12,Thursday,October,2023,16557.24,16733.51,15851.82,16022.4,16626.72,-3.63,478.7,82833.6,16111.01,13866.4,39.77,37.62,0.2,Auto,Bearish,No,16626.72,-3.6346314847426395
2023-10-13,Friday,October,2023,16031.84,16069.27,15966.25,16003.61,16022.4,-0.12,170.6,28411.5,16109.21,13885.72,36.73,37.46,1.0,FMCG,Bearish,No,16022.4,-0.11727331735569611
2023-10-16,Monday,October,2023,16049.6,16178.9,15289.54,15413.72,16003.61,-3.69,445.4,69594.4,16096.4,13900.83,32.69,40.63,0.2,Metal,Bearish,No,16003.61,-3.6859808505705978
2023-10-17,Tuesday,October,2023,15449.13,15690.81,15411.46,15652.65,15413.72,1.55,300.4,47106.0,16086.35,13918.25,38.37,40.8,0.76,Banking,Bearish,No,15413.72,1.5501124971778408
2023-10-18,Wednesday,October,2023,15754.0,15850.82,15678.35,15652.65,15652.65,0.78,270.8,40936.1,16079.44,13937.28,36.42,40.93,0.99,Realty,Bearish,No,15652.65,0.0
2023-10-19,Thursday,October,2023,15752.86,15936.92,15482.68,15665.72,15775.07,-0.69,258.0,38786.1,16074.52,13956.23,35.0,39.79,0.98,Banking,Bearish,No,15652.65,0.08350023797887073
2023-10-20,Friday,October,2023,15759.06,15873.09,15728.42,15842.29,15665.72,1.13,230.5,34495.0,16077.94,13975.79,25.14,38.95,1.78,Auto,Bearish,No,15665.72,1.1271106594526235
2023-10-23,Monday,October,2023,15839.43,16397.86,15646.49,16200.52,15842.29,2.26,280.1,44338.9,16091.12,13997.43,28.86,38.19,1.91,Pharma,Bearish,No,15842.29,2.2612261232435436
2023-10-24,Tuesday,October,2023,16175.72,16347.95,16021.81,16193.86,16200.52,-0.04,278.9,41795.1,16109.4,14018.48,27.86,37.03,1.17,Auto,Bearish,No,16200.52,-0.04110979153755469
2023-10-25,Wednesday,October,2023,16175.72,16410.21,16029.65,16153.7,16193.86,-0.25,231.5,36555.2,16120.95,14040.03,52.29,36.89,1.12,IT,Bearish,No,16193.86,-0.24799522782091393
2023-10-26,Thursday,October,2023,16135.88,16929.49,15950.13,16736.82,16153.7,3.61,354.9,63363.8,16144.68,14063.64,44.53,36.17,2.21,Metal,Bearish,No,16153.7,3.6098231364950375
2023-10-27,Friday,October,2023,16790.6,17106.45,16426.92,16741.85,16736.82,0.03,190.8,34309.1,16165.16,14087.75,47.03,36.81,0.73,FMCG,Bearish,No,16736.82,0.03005349881279022
2023-10-30,Monday,October,2023,16717.11,16761.96,16248.39,16292.1,16741.85,-2.69,399.3,66912.7,16184.66,14108.15,37.98,38.16,0.3,IT,Bearish,No,16741.85,-2.686381732006906
2023-10-31,Tuesday,October,2023,16229.83,16469.61,15780.74,16017.38,16292.1,-1.69,265.1,40396.8,16196.42,14128.54,41.48,37.9,0.2,Energy,Bearish,No,16292.1,-1.6862160188066682
2023-11-01,Wednesday,November,2023,15956.29,16145.62,15593.96,15781.21,16017.38,-1.47,390.6,58440.4,16207.65,14149.27,46.24,37.68,0.66,Banking,Bearish,No,16017.38,-1.4744608668833485
2023-11-02,Thursday,November,2023,15814.62,16036.42,15732.69,15953.77,15781.21,1.09,264.7,40354.0,16228.14,14171.73,49.26,37.28,1.79,Banking,Bearish,No,15781.21,1.0934522764731052
2023-11-03,Friday,November,2023,15902.85,16063.46,15673.08,15832.98,15953.77,-0.76,237.2,37556.1,16247.32,14192.51,57.24,36.97,0.83,IT,Unknown,No,15953.77,-0.7571251183889506
2023-11-06,Monday,November,2023,15823.0,16010.51,15766.8,15953.85,15832.98,0.76,295.0,51548.5,16264.07,14214.34,55.42,37.01,1.41,FMCG,Bearish,No,15832.98,0.7634065097031689
2023-11-07,Tuesday,November,2023,15922.76,16628.97,15826.75,16529.31,15953.85,3.61,377.0,57444.7,16292.94,14239.4,61.68,36.49,2.53,Banking,Bearish,No,15953.85,3.6070290243420926
2023-11-08,Wednesday,November,2023,16485.73,16492.66,15661.84,15668.42,16529.31,-5.21,517.6,81108.0,16306.32,14261.26,50.03,41.93,0.2,Realty,Bearish,No,16529.31,-5.208263381835063
2023-11-09,Thursday,November,2023,15632.84,15673.57,15025.41,15064.66,15668.42,-3.85,417.1,65125.0,16312.4,14279.36,41.18,44.46,0.2,Auto,Bearish,No,15668.42,-3.8533559861172995
2023-11-10,Friday,November,2023,15074.03,15217.64,14874.76,15017.83,15064.66,-0.31,131.4,18729.6,16315.77,14296.75,35.57,44.7,1.2,Realty,Bearish,No,15064.66,-0.3108599862194031
2023-11-13,Monday,November,2023,14883.66,15179.02,14736.6,15030.51,15017.83,0.08,160.2,26338.0,16315.18,14312.1,35.82,45.47,1.07,Energy,Bearish,No,15017.83,0.08443297067552563
2023-11-14,Tuesday,November,2023,15068.57,15581.6,14920.35,15429.82,15030.51,2.66,367.0,54917.5,16320.8,14328.26,41.89,44.83,1.23,Banking,Bearish,No,15030.51,2.656663014095992
2023-11-15,Wednesday,November,2023,15369.88,15554.16,15207.81,15391.86,15429.82,-0.25,205.3,34331.9,16323.33,14345.7,32.83,44.18,0.89,Banking,Bearish,No,15429.82,-0.2460171278731646
2023-11-16,Thursday,November,2023,15337.95,15784.5,15207.98,15651.87,15391.86,1.69,426.6,68071.0,16333.51,14364.76,36.94,43.43,1.53,Banking,Bearish,No,15391.86,1.6892695229816295
2023-11-17,Friday,November,2023,15584.07,15751.03,15035.41,15198.24,15651.87,-2.9,322.0,44084.4,16329.58,14382.44,36.9,46.34,0.2,Energy,Bearish,No,15651.87,-2.8982479409808604
2023-11-20,Monday,November,2023,15584.07,15472.1,15023.54,15284.22,15198.24,0.57,169.6,24942.8,16325.09,14400.92,40.81,44.48,1.63,Auto,Bearish,No,15198.24,0.5657233995515242
2023-11-21,Tuesday,November,2023,15351.34,15489.28,14920.78,15056.07,15284.22,-1.49,298.1,40587.4,16306.89,14417.73,40.89,42.76,0.81,Unknown,Bearish,No,15284.22,-1.4927160169115574
2023-11-22,Wednesday,November,2023,15049.94,15144.19,14776.65,14869.77,15056.07,-1.24,297.7,43218.0,16291.87,14436.33,36.42,42.95,0.65,Realty,Bearish,No,15056.07,-1.2373746933960805
2023-11-23,Thursday,November,2023,15049.94,15067.71,14776.65,14956.75,14869.77,0.58,302.1,49093.1,16264.07,14454.32,38.93,43.76,1.12,Pharma,Bearish,No,14869.77,0.5849451605505638
2023-11-24,Friday,November,2023,14980.93,15154.67,14911.19,15084.45,14956.75,0.85,112.0,17837.4,16232.09,14472.73,39.04,44.14,0.73,Pharma,Bearish,No,14956.75,0.8537951092316228
2023-11-27,Monday,November,2023,14980.93,15290.42,14658.48,14827.6,15084.45,-1.7,397.1,60295.1,16192.68,14492.45,26.67,43.55,0.66,IT,Bearish,No,15084.45,-1.702746868463884
2023-11-28,Tuesday,November,2023,14782.96,15048.62,14759.63,15024.91,14827.6,1.33,207.1,31356.5,16148.92,14511.79,39.22,42.46,1.55,Unknown,Bearish,No,14827.6,1.3306941109822188
2023-11-29,Wednesday,November,2023,15096.73,15207.88,14566.26,14674.3,15024.91,-2.33,404.8,57887.8,16100.5,14530.53,42.85,43.02,0.53,Pharma,Bearish,No,15024.91,-2.3335247931601626
2023-11-30,Thursday,November,2023,14659.6,14810.25,14280.8,14429.08,14674.3,-1.67,422.4,57432.2,16052.56,14549.36,39.95,42.36,0.56,Auto,Bearish,No,14674.3,-1.6710848217632142
2023-12-01,Friday,December,2023,14441.25,14723.78,14384.64,14666.29,14429.08,1.64,345.7,46265.2,16007.24,14569.49,44.22,42.23,1.38,Pharma,Bearish,No,14429.08,1.6439717570351051
2023-12-04,Monday,December,2023,14659.69,14721.94,14624.39,14686.57,14666.29,0.14,158.1,21780.5,15958.26,14590.71,36.6,41.12,1.2,Metal,Bearish,No,14666.29,0.13827627845896157
2023-12-05,Tuesday,December,2023,14666.94,14683.35,14382.88,14398.99,14686.57,-1.96,308.3,39537.4,15904.81,14610.15,33.58,41.66,0.45,Banking,Bearish,No,14686.57,-1.9581154755671335
2023-12-06,Wednesday,December,2023,14439.58,14538.67,14328.92,14427.93,14398.99,0.2,275.4,39893.4,15858.43,14628.92,28.09,40.54,1.37,Unknown,Bearish,No,14398.99,0.20098631917933488
2023-12-07,Thursday,December,2023,14455.42,14538.67,14328.92,14491.86,14427.93,0.44,244.1,33283.3,15808.0,14646.95,35.3,39.43,1.07,Auto,Bearish,No,14427.93,0.4430989060800842
2023-12-08,Friday,December,2023,14396.81,14607.05,14231.15,14440.88,14491.86,-0.35,174.7,27621.5,15755.73,14664.34,32.19,38.26,0.7,FMCG,Bearish,No,14491.86,-0.35178369098239554
2023-12-11,Monday,December,2023,14459.04,14484.98,13788.63,13813.41,14440.88,-4.35,453.1,57291.7,15675.19,14678.71,27.55,42.5,0.2,FMCG,Bearish,No,14440.88,-4.3450953127510195
2023-12-12,Tuesday,December,2023,13900.34,14641.15,13759.74,14494.54,13813.41,4.93,424.0,56476.3,15605.31,14696.88,44.25,42.43,2.64,Metal,Bearish,No,13813.41,4.930933057080048
2023-12-13,Wednesday,December,2023,14502.62,14543.11,14172.02,14211.7,14494.54,-1.95,355.6,52382.4,15528.66,14713.14,39.23,41.99,0.2,Auto,Bearish,No,14494.54,-1.9513554759240386
2023-12-14,Thursday,December,2023,14189.92,14314.05,14162.28,14286.23,14211.7,0.52,182.4,27387.4,15466.6,14730.26,38.28,40.89,1.02,Auto,Bearish,No,14211.7,0.5244270565801336
2023-12-15,Friday,December,2023,14269.8,14315.26,14031.71,14286.23,14286.23,-1.47,178.4,27485.5,15404.8,14746.82,38.82,40.33,0.9,IT,Bearish,No,14286.23,0.0
2023-12-18,Monday,December,2023,14052.83,14359.71,13879.96,14185.21,14076.56,0.77,197.3,28157.8,15349.24,14763.32,37.16,40.2,1.25,IT,Bearish,No,14286.23,-0.7071144731675217
2023-12-19,Tuesday,December,2023,14136.31,14408.22,14091.23,14362.42,14185.21,1.25,179.4,24044.7,15291.85,14780.22,44.96,40.59,1.77,Realty,Bearish,No,14185.21,1.2492589112180994
2023-12-20,Wednesday,December,2023,14354.46,14534.86,14084.09,14263.35,14362.42,-0.69,217.0,33662.4,15244.58,14796.6,47.19,41.64,1.43,Auto,Bearish,No,14362.42,-0.6897862616467121
2023-12-21,Thursday,December,2023,14255.25,14380.85,14124.51,14250.06,14263.35,-0.09,264.9,41374.0,15209.14,14812.74,42.36,40.96,0.92,Energy,Bearish,No,14263.35,-0.09317586681951205
2023-12-22,Friday,December,2023,14275.72,14420.39,14191.11,14335.43,14250.06,0.6,226.1,35157.8,15175.77,14829.78,43.71,40.78,1.01,FMCG,Bearish,No,14250.06,0.5990851968342645
2023-12-25,Monday,December,2023,14312.96,14367.22,14112.06,14165.76,14335.43,-1.18,278.4,42368.9,15150.81,14845.05,45.64,40.75,0.32,Banking,Bearish,No,14335.43,-1.1835710543736746
2023-12-26,Tuesday,December,2023,14251.22,14473.79,13942.87,14164.08,14165.76,-0.01,160.3,20786.8,15121.04,14859.07,45.01,41.37,1.35,IT,Bearish,No,14165.76,-0.011859582542696551
2023-12-27,Wednesday,December,2023,14124.28,14239.22,14044.53,14159.27,14164.08,-0.03,222.9,33801.0,15088.73,14873.22,43.57,41.9,0.97,IT,Bearish,No,14164.08,-0.033959141716225064
2023-12-28,Thursday,December,2023,14165.53,14342.01,14085.31,14261.24,14159.27,0.72,198.4,30859.0,15060.64,14887.14,46.59,40.94,1.3,Auto,Bearish,No,14159.27,0.7201642457556028
2023-12-29,Friday,December,2023,14229.26,14425.69,13930.59,14125.59,14261.24,-0.95,196.7,28075.7,15026.3,14900.73,57.28,40.87,0.6,Banking,Bearish,No,14261.24,-0.9511795608236004
2024-01-01,Monday,January,2024,14102.76,14307.44,13665.63,13866.89,14125.59,-1.83,299.7,43824.8,14979.63,14913.36,31.79,40.4,0.39,IT,Bearish,No,14125.59,-1.8314279261963624
2024-01-02,Tuesday,January,2024,13855.26,13958.35,13665.63,13838.42,13866.89,-0.21,189.7,27096.2,14932.52,14924.07,37.29,39.16,1.74,Banking,Bearish,No,13866.89,-0.2053091933375064
2024-01-03,Wednesday,January,2024,13846.88,14023.25,13208.82,13379.23,13838.42,-3.32,267.3,39537.4,14877.03,14931.64,25.53,41.93,0.2,FMCG,Bearish,No,13838.42,-3.318225635585569
2024-01-04,Thursday,January,2024,13411.46,13542.6,13208.82,13467.86,13379.23,0.66,248.1,33998.6,14811.65,14938.89,32.43,40.59,0.64,Realty,Unknown,No,13379.23,0.662444699732354
2024-01-05,Friday,January,2024,13411.46,13677.52,12935.53,13159.07,13467.86,-2.29,278.9,39558.7,14740.0,14943.29,23.45,42.98,0.24,IT,Bearish,No,13467.86,-2.2927918763634376
2024-01-08,Monday,January,2024,13099.98,13297.51,13063.89,13260.98,13159.07,0.77,195.9,25959.5,14679.37,14946.35,20.35,41.54,1.12,Banking,Bearish,No,13159.07,0.774446826409464
2024-01-09,Tuesday,January,2024,13315.47,13373.31,13056.58,13113.54,13260.98,-1.11,360.0,48059.9,14621.3,14949.44,19.83,40.87,0.86,Auto,Bearish,No,13260.98,-1.1118333637483708
2024-01-10,Wednesday,January,2024,13075.1,13519.39,12901.84,13342.59,13113.54,1.75,357.1,47946.2,14572.52,14953.78,28.61,40.44,1.61,Auto,Bearish,No,13113.54,1.7466679477852607
2024-01-11,Thursday,January,2024,13332.72,13696.58,13241.49,13603.49,13342.59,1.96,338.4,44030.8,14525.52,14959.25,34.07,40.76,2.02,FMCG,Bearish,No,13342.59,1.9553924687785478
2024-01-12,Friday,January,2024,13605.74,13789.26,13361.33,13544.02,13603.49,-0.44,245.6,34219.9,14479.74,14966.03,35.78,40.82,0.27,IT,Bearish,No,13603.49,-0.43716722693955257
2024-01-15,Monday,January,2024,13539.87,13723.75,13456.8,13640.07,13544.02,0.71,291.6,39849.8,14433.46,14972.61,38.51,40.66,1.43,Metal,Bearish,No,13544.02,0.7091690650190953
2024-01-16,Tuesday,January,2024,13582.29,13726.77,13336.2,13479.58,13640.07,-1.18,256.0,32661.9,14372.47,14979.08,52.29,39.41,1.04,Realty,Bearish,No,13640.07,-1.1766068649207797
2024-01-17,Wednesday,January,2024,13514.44,13969.57,13443.79,13896.92,13479.58,3.1,374.9,56219.4,14337.04,14985.93,43.38,38.83,1.94,Pharma,Bearish,No,13479.58,3.0960905310106113
2024-01-18,Thursday,January,2024,13779.42,14074.12,13673.36,13966.62,13896.92,0.5,220.7,33598.8,14315.08,14992.59,47.04,39.17,1.07,FMCG,Unknown,No,13896.92,0.5015499837374089
2024-01-19,Friday,January,2024,14007.67,14100.03,13967.36,14059.57,13966.62,0.67,259.8,33278.6,14295.91,14998.33,53.82,37.99,1.12,Banking,Bearish,No,13966.62,0.6655153501706133
2024-01-22,Monday,January,2024,14108.34,14218.51,13880.99,13990.23,14059.57,-0.49,261.9,37537.0,14275.11,15002.46,52.96,36.88,0.7,Unknown,Bearish,No,14059.57,-0.4931872027380648
2024-01-23,Tuesday,January,2024,14028.14,14091.11,13826.46,13888.8,13990.23,-0.73,269.9,36849.0,14244.29,15004.59,61.56,37.54,1.11,IT,Bearish,No,13990.23,-0.7250059505812291
2024-01-24,Wednesday,January,2024,13876.12,14289.38,13650.08,14060.33,13888.8,1.24,259.0,36605.3,14217.66,15006.99,62.96,36.82,1.16,Banking,Bearish,No,13888.8,1.2350239041529913
2024-01-25,Thursday,January,2024,14065.79,14160.27,13821.73,13915.2,14060.33,-1.03,267.3,42536.9,14182.92,15009.85,67.81,36.65,0.86,Metal,Bearish,No,14060.33,-1.0321948346873735
2024-01-26,Friday,January,2024,13887.26,13931.83,13806.15,13850.6,13915.2,-0.46,231.2,31858.4,14155.97,15013.76,64.14,24.57,0.41,Metal,Bearish,No,13915.2,-0.46424054271588167
2024-01-29,Monday,January,2024,13853.45,14002.62,13238.3,13382.39,13850.6,-3.38,381.2,49212.2,14117.93,15014.07,55.59,40.27,0.2,Metal,Bearish,No,13850.6,-3.3804311726567873
2024-01-30,Tuesday,January,2024,13407.65,13450.13,13275.42,13317.62,13382.39,-0.48,135.0,16603.8,14083.16,15013.81,49.44,39.1,0.89,Energy,Bearish,No,13382.39,-0.4839942641037858
2024-01-31,Wednesday,January,2024,13273.87,13803.03,13121.12,13645.99,13317.62,2.47,289.2,37901.7,14058.69,15015.41,50.92,38.71,1.52,Pharma,Bearish,No,13317.62,2.465680804828483
2024-02-01,Thursday,February,2024,13640.49,14098.39,13561.81,14017.53,13645.99,2.72,404.5,58632.5,14039.9,15018.58,59.03,38.44,1.59,FMCG,Bearish,No,13645.99,2.722704618719498
2024-02-02,Friday,February,2024,13997.46,14370.59,13887.59,14258.67,14017.53,1.72,351.6,39537.4,14023.39,15022.75,52.29,38.56,1.95,Metal,Bearish,No,14017.53,1.7202745419485417
2024-02-05,Monday,February,2024,14308.84,14421.82,14205.23,14318.14,14258.67,0.42,239.4,33473.7,14013.2,15027.17,65.73,38.12,1.3,FMCG,Bearish,No,14258.67,0.4170795733402859
2024-02-06,Tuesday,February,2024,14277.72,14377.45,13951.96,14050.1,14318.14,-1.87,281.9,35981.6,13993.7,15028.42,53.04,36.16,0.41,Banking,Bearish,No,14318.14,-1.8720308643441053
2024-02-07,Wednesday,February,2024,14076.49,14354.09,13960.37,14236.65,14050.1,1.33,294.6,40735.5,13984.95,15028.02,55.13,36.27,1.65,Auto,Bearish,No,14050.1,1.3277485569497673
2024-02-08,Thursday,February,2024,14234.4,14589.69,14158.29,14512.09,14236.65,1.93,171.2,22795.6,13986.61,15029.19,58.04,35.84,1.24,IT,Bearish,No,14236.65,1.9347248123680816
2024-02-09,Friday,February,2024,14506.68,14559.37,14340.21,14392.48,14512.09,-0.82,269.9,37599.5,13981.14,15030.06,57.02,35.28,0.46,Auto,Bearish,No,14512.09,-0.8242093316675999
2024-02-12,Monday,February,2024,14420.81,14667.46,14303.2,14548.81,14392.48,1.09,198.9,30894.3,13978.38,15031.26,61.3,35.7,1.45,FMCG,Bearish,No,14392.48,1.0861922337220544
2024-02-13,Tuesday,February,2024,14532.05,14625.19,14040.53,14131.1,14548.81,-2.87,362.3,52358.2,13973.02,15031.22,51.12,38.72,0.2,FMCG,Bearish,No,14548.81,-2.8710939245202813
2024-02-14,Wednesday,February,2024,14135.48,14625.19,14094.71,14474.4,14131.1,2.43,351.3,52702.4,13973.95,15033.63,58.31,38.27,1.39,Banking,Bearish,No,14131.1,2.4293933239450523
2024-02-15,Thursday,February,2024,14522.65,14794.74,14370.79,14641.63,14474.4,1.16,256.1,37525.7,13976.95,15036.76,52.29,38.1,1.3,Banking,Bearish,No,14474.4,1.1553501354114821
2024-02-16,Friday,February,2024,14607.5,14723.41,14181.84,14295.27,14641.63,-2.37,385.9,59825.6,13974.03,15040.3,63.64,39.81,0.28,IT,Bearish,No,14641.63,-2.365583613299877
2024-02-19,Monday,February,2024,14306.89,14359.16,14215.03,14267.15,14295.27,-0.2,191.9,27604.0,13983.11,15044.81,64.35,39.24,0.88,IT,Bearish,No,14295.27,-0.19670842173670594
2024-02-20,Tuesday,February,2024,14304.87,14412.26,14204.03,14311.38,14267.15,0.31,191.7,25263.7,13979.45,15049.85,61.0,38.98,0.84,IT,Bearish,No,14267.15,0.31001286171379405
2024-02-21,Wednesday,February,2024,14331.43,14437.8,13971.15,14075.62,14311.38,-1.65,341.2,52186.1,13976.72,15051.64,51.01,38.71,0.2,Realty,Bearish,No,14311.38,-1.6473603523908833
2024-02-22,Thursday,February,2024,14129.72,14583.58,14074.94,14527.26,14075.62,3.21,353.8,47625.5,13981.55,15055.55,54.33,38.17,2.01,Energy,Bearish,No,14075.62,3.2086686057168308
2024-02-23,Friday,February,2024,14522.04,14821.92,13846.42,14138.37,14527.26,-2.68,438.3,68155.0,13982.78,15056.52,47.38,39.84,0.34,Banking,Bearish,No,14527.26,-2.6769673014732263
2024-02-26,Monday,February,2024,14166.85,14279.74,13846.72,13957.95,14138.37,-1.28,285.4,39321.2,13978.24,15057.87,48.62,39.01,1.04,Banking,Bearish,No,14138.37,-1.2761018420086618
2024-02-27,Tuesday,February,2024,14004.12,14213.18,13904.41,14112.69,13957.95,1.11,307.9,39746.3,13973.24,15059.48,48.13,39.74,1.4,Energy,Bearish,No,13957.95,1.1086155201874184
2024-02-28,Wednesday,February,2024,14041.07,14480.89,13791.88,14228.37,14112.69,0.82,316.5,48312.1,13972.54,15062.9,45.5,38.45,0.7,Realty,Bearish,No,14112.69,0.8196878128833006
2024-02-29,Thursday,February,2024,14211.01,14350.65,13973.02,14111.69,14228.37,-0.82,257.0,33314.1,13969.77,15064.42,45.54,37.98,1.0,FMCG,Bearish,No,14228.37,-0.820051769809193
2024-03-01,Friday,March,2024,14211.01,14309.07,13854.47,14034.6,14111.69,-0.55,155.8,20442.1,13963.76,15063.9,41.62,36.66,1.02,FMCG,Bearish,No,14111.69,-0.5462846760380943
2024-03-04,Monday,March,2024,14073.36,14191.26,13429.67,13543.12,14034.6,-3.5,439.1,58484.8,13951.31,15059.4,40.64,40.3,0.2,IT,Bearish,No,14034.6,-3.50191669160503
2024-03-05,Tuesday,March,2024,13553.01,14007.47,13441.1,13892.76,13543.12,2.58,417.4,60031.7,13945.88,15059.07,40.76,40.0,1.8,Pharma,Bearish,No,13543.12,2.5816798492518664
2024-03-06,Wednesday,March,2024,13950.97,14289.96,13887.09,14224.83,13892.76,2.39,320.8,42175.5,13947.19,15061.01,43.71,39.44,2.23,FMCG,Bearish,No,13892.76,2.3902377929223544
2024-03-07,Thursday,March,2024,14202.03,14353.64,13728.12,13876.26,14224.83,-2.45,405.2,57605.6,13939.49,15061.84,43.68,41.41,0.66,Banking,Bearish,No,14224.83,-2.450433502544492
2024-03-08,Friday,March,2024,13824.85,14353.64,13612.02,13922.11,13876.26,0.33,166.4,24465.5,13935.42,15061.4,44.82,41.22,0.88,FMCG,Bearish,No,13876.26,0.3304204447019612
2024-03-11,Monday,March,2024,13955.3,14206.4,13755.62,14006.0,13922.11,0.6,258.9,33531.0,13938.2,15061.44,45.47,41.85,1.87,IT,Bearish,No,13922.11,0.6025667086382697
2024-03-12,Tuesday,March,2024,14001.25,14045.46,13731.06,13774.56,14006.0,-1.65,286.9,40685.6,13936.93,15061.05,45.53,42.31,0.6,Unknown,Bearish,No,14006.0,-1.6524346708553512
2024-03-13,Wednesday,March,2024,13739.94,13984.12,13527.82,13771.51,13774.56,-0.02,126.5,19019.8,13944.77,15061.59,37.06,42.04,1.75,Energy,Bearish,No,13774.56,-0.022142268065181554
2024-03-14,Thursday,March,2024,13842.09,13981.08,13777.16,13915.81,13771.51,1.05,295.7,44995.6,13953.73,15064.41,45.84,41.37,0.95,Pharma,Bearish,No,13771.51,1.047815381174608
2024-03-15,Friday,March,2024,13946.99,14006.09,13802.48,13861.22,13915.81,-0.39,186.4,24089.0,13967.77,15066.52,48.1,40.01,0.72,IT,Bearish,No,13915.81,-0.3922876210583512
2024-03-18,Monday,March,2024,13888.3,13952.8,13826.41,13890.89,13861.22,0.21,253.3,37013.2,13980.37,15068.32,45.42,39.93,0.43,Banking,Bearish,No,13861.22,0.21405042269006677
2024-03-19,Tuesday,March,2024,13957.29,14047.12,13475.82,13563.11,13890.89,-2.36,281.0,40754.5,13989.36,15067.06,37.38,41.93,0.2,Metal,Bearish,No,13890.89,-2.3596760178793357
2024-03-20,Wednesday,March,2024,13547.36,13716.46,13543.71,13563.11,13563.11,1.1,174.1,25731.1,13996.77,15066.07,42.53,41.62,1.62,IT,Bearish,No,13563.11,0.0
2024-03-21,Thursday,March,2024,13770.92,13883.99,13215.84,13325.25,13712.77,-2.83,322.6,41471.4,13991.2,15063.68,52.29,43.83,0.61,Auto,Bearish,No,13563.11,-1.7537275742805343
2024-03-22,Friday,March,2024,13341.98,13434.86,13095.93,13187.74,13325.25,-1.03,334.2,42047.1,13984.08,15058.29,43.23,44.33,0.45,Auto,Bearish,No,13325.25,-1.031950620063415
2024-03-25,Monday,March,2024,13164.41,13490.65,13056.91,13381.38,13187.74,1.47,267.3,34420.5,13978.9,15054.23,39.65,43.05,1.6,Metal,Bearish,No,13187.74,1.4683334672961357
2024-03-26,Tuesday,March,2024,13381.1,13462.52,13300.6,13382.01,13381.38,0.0,222.4,29163.2,13976.95,15048.44,30.29,42.07,0.91,Banking,Bearish,No,13381.38,0.00470803459733614
2024-03-27,Wednesday,March,2024,13389.5,13657.15,13367.65,13634.9,13382.01,1.89,321.1,40488.9,13971.71,15042.63,44.09,41.26,1.85,Energy,Bearish,No,13382.01,1.8897759006307677
2024-03-28,Thursday,March,2024,13680.42,13968.39,13585.23,13871.87,13634.9,1.74,311.5,45684.8,13969.82,15038.36,48.88,41.2,1.54,FMCG,Bearish,No,13634.9,1.7379665417421555
2024-03-29,Friday,March,2024,13815.69,14121.8,13637.72,13942.2,13871.87,0.51,357.7,46310.1,13967.47,15036.05,48.56,40.14,1.09,Banking,Bearish,No,13871.87,0.5069972541553512
2024-04-01,Monday,April,2024,13869.07,14101.94,13814.16,14046.33,13942.2,0.75,254.6,38042.9,13968.59,15033.53,56.49,39.83,0.73,Energy,Bearish,No,13942.2,0.7468692171967064
2024-04-02,Tuesday,April,2024,14013.14,14212.81,13950.21,14149.27,14046.33,0.73,142.0,18515.2,13973.8,15030.29,58.61,39.89,1.33,Energy,Bearish,No,14046.33,0.7328604696030957
2024-04-03,Wednesday,April,2024,14146.39,14435.28,14007.48,14294.91,14149.27,1.03,248.6,35399.4,13978.49,15025.91,58.64,39.27,1.79,Banking,Bearish,No,14149.27,1.0293110527963591
2024-04-04,Thursday,April,2024,14325.55,14369.21,14085.27,14294.91,14294.91,-1.17,283.1,39074.4,13982.75,15020.95,55.79,38.8,0.23,Pharma,Bearish,No,14294.91,0.0
2024-04-05,Friday,April,2024,14108.92,14234.54,13967.91,14093.39,14128.33,-0.25,156.7,22532.8,13987.61,15016.17,54.38,38.16,1.19,Banking,Bearish,No,14294.91,-1.4097325551542503
2024-04-08,Monday,April,2024,14111.03,14248.98,13814.7,13951.09,14093.39,-1.01,256.7,35946.9,13998.98,15010.13,59.13,37.15,0.69,Auto,Bearish,No,14093.39,-1.0096931965978324
2024-04-09,Tuesday,April,2024,14018.19,14154.4,13937.61,13951.09,13951.09,0.88,250.0,35877.8,14014.1,15003.88,58.6,36.19,0.67,Pharma,Bearish,No,13951.09,0.0
2024-04-10,Wednesday,April,2024,14001.77,14071.79,13937.61,13942.63,14073.51,-0.93,373.5,46878.2,14020.03,14995.86,66.76,35.78,0.59,Pharma,Unknown,No,13951.09,-0.06064042307806018
2024-04-11,Thursday,April,2024,13936.94,13969.88,13768.35,13800.97,13942.63,-1.02,230.7,29466.9,14015.7,14985.27,66.61,35.22,0.58,Banking,Bearish,No,13942.63,-1.0160206503364133
2024-04-12,Friday,April,2024,13901.14,14191.44,13833.92,14123.14,13800.97,2.33,391.0,55410.6,14012.99,14978.02,68.78,35.45,1.91,Auto,Bearish,No,13800.97,2.3344011326740084
2024-04-15,Monday,April,2024,14093.03,14375.82,13948.28,14229.67,14123.14,0.75,248.7,33475.8,14011.22,14970.9,52.29,34.33,1.42,Banking,Bearish,No,14123.14,0.7542940167696466
2024-04-16,Tuesday,April,2024,14194.8,14397.09,14033.65,14235.47,14229.67,0.04,273.6,35647.9,14014.93,14962.64,66.38,34.41,1.06,Energy,Bearish,No,14229.67,0.040759905184022345
2024-04-17,Wednesday,April,2024,14257.72,14375.41,14104.29,14221.69,14235.47,-0.1,308.6,41410.2,14014.63,14953.37,60.86,34.21,1.18,Banking,Bearish,No,14235.47,-0.0968004568869088
2024-04-18,Thursday,April,2024,14199.09,14277.78,13606.72,13682.55,14221.69,-3.79,439.9,63558.5,13998.04,14941.87,43.76,37.69,0.2,Energy,Unknown,No,14221.69,-3.7909699902051104
2024-04-19,Friday,April,2024,13726.71,13962.62,13612.87,13847.78,13682.55,1.21,276.2,38566.5,13987.15,14931.01,45.36,37.07,1.35,Metal,Bearish,No,13682.55,1.2075965371951967
2024-04-22,Monday,April,2024,13950.6,13962.62,13708.01,13773.11,13847.78,-0.54,316.0,40825.3,13971.63,14922.69,41.09,36.95,0.78,Unknown,Bearish,No,13847.78,-0.5392200049394203
2024-04-23,Tuesday,April,2024,13776.2,14276.57,13656.12,14153.21,13773.11,2.76,266.5,34067.0,13972.07,14916.76,46.98,37.01,2.27,Energy,Bearish,No,13773.11,2.7597252908021392
2024-04-24,Wednesday,April,2024,14269.45,14525.66,14112.67,14367.79,14153.21,1.52,305.1,42587.6,13969.94,14912.11,55.0,24.57,0.96,FMCG,Bearish,No,14153.21,1.5161224909402302
2024-04-25,Thursday,April,2024,14348.27,14760.51,14260.19,14670.45,14367.79,2.11,248.4,35402.6,13970.52,14907.54,60.84,37.11,1.88,Energy,Bearish,No,14367.79,2.1065174254356434
2024-04-26,Friday,April,2024,14663.07,14809.44,14592.87,14738.88,14670.45,0.47,291.2,44937.9,13979.39,14905.75,65.22,36.35,1.61,Pharma,Bearish,No,14670.45,0.46644785947260287
2024-04-29,Monday,April,2024,14696.44,14785.34,14592.34,14681.15,14738.88,-0.39,245.6,39081.6,13987.67,14901.85,62.04,35.57,0.91,IT,Bearish,No,14738.88,-0.3916851212575146
2024-04-30,Tuesday,April,2024,14661.33,15508.61,14480.26,15319.41,14681.15,4.35,424.0,63291.7,14007.83,14900.41,52.29,35.35,3.45,Banking,Bearish,No,14681.15,4.347479591176443
2024-05-01,Wednesday,May,2024,15308.44,15601.83,14925.2,15216.84,15319.41,-0.67,231.5,36552.5,14030.66,14895.0,73.66,34.62,0.63,Metal,Bearish,No,15319.41,-0.6695427565421886
2024-05-02,Thursday,May,2024,15235.74,15614.3,15074.33,15450.61,15216.84,1.54,336.3,53362.4,14049.12,14890.21,72.86,33.9,1.47,Energy,Bearish,No,15216.84,1.5362585135941524
2024-05-03,Friday,May,2024,15392.85,16010.4,15274.21,15887.95,15450.61,2.83,250.4,39163.4,14084.11,14888.39,75.64,33.17,1.78,Pharma,Bearish,No,15450.61,2.830567854602505
2024-05-06,Monday,May,2024,15863.28,15928.41,15679.03,15743.67,15887.95,-0.91,380.0,54631.7,14119.83,14886.8,72.36,31.43,0.63,IT,Bearish,No,15887.95,-0.9081096050780665
2024-05-07,Tuesday,May,2024,15720.42,15991.07,15659.77,15929.62,15743.67,1.18,269.8,42750.0,14156.17,14883.77,74.09,31.12,1.58,FMCG,Bearish,No,15743.67,1.1811096142132091
2024-05-08,Wednesday,May,2024,15972.32,16127.42,15739.11,15893.45,15929.62,-0.23,153.4,23669.3,14189.47,14881.62,86.34,31.55,0.81,Auto,Bearish,No,15929.62,-0.2270612858310498
2024-05-09,Thursday,May,2024,15899.01,16252.54,15821.41,16173.6,15893.45,1.76,148.9,24324.3,14230.71,14880.16,86.84,31.02,1.34,Banking,Bearish,No,15893.45,1.7626758192840424
2024-05-10,Friday,May,2024,16179.27,16448.31,15983.66,16251.83,16173.6,0.48,234.0,35180.1,14275.05,14880.95,89.22,29.57,0.68,Realty,Bearish,No,16173.6,0.48368946925854206
2024-05-13,Monday,May,2024,16255.89,16346.71,15821.61,15910.5,16251.83,-2.1,341.1,56704.6,14322.4,14880.23,78.15,31.38,0.25,Banking,Bearish,No,16251.83,-2.100255786579111
2024-05-14,Tuesday,May,2024,15827.23,16156.89,15610.52,15938.65,15910.5,0.18,247.2,41667.8,14363.32,14879.15,52.29,30.72,1.05,Pharma,Bearish,No,15910.5,0.17692718644919794
2024-05-15,Wednesday,May,2024,16015.5,16117.4,15645.97,15746.16,15938.65,-1.21,194.1,29881.5,14393.74,14877.28,69.04,30.8,0.51,FMCG,Bearish,No,15938.65,-1.2076932488008694
2024-05-16,Thursday,May,2024,15702.47,15900.4,15505.66,15703.58,15746.16,-0.27,159.8,23464.6,14430.29,14876.23,67.23,31.08,1.58,Energy,Bearish,No,15746.16,-0.2704151361347778
2024-05-17,Friday,May,2024,15745.51,15913.86,15576.78,15745.13,15703.58,0.26,314.6,50758.4,14466.75,14876.6,69.12,30.32,1.28,IT,Bearish,No,15703.58,0.264589348416089
2024-05-20,Monday,May,2024,15734.49,15913.67,14959.91,15132.23,15745.13,-3.89,329.4,54389.6,14489.28,14874.56,46.61,34.19,0.2,IT,Bearish,No,15745.13,-3.8926321980193217
2024-05-21,Tuesday,May,2024,15104.47,15609.19,14987.77,15489.52,15132.23,2.36,342.0,55098.5,14523.57,14875.6,54.53,34.07,2.0,Auto,Bearish,No,15132.23,2.361119279841774
2024-05-22,Wednesday,May,2024,15104.47,15621.04,15053.43,15134.29,15489.52,-2.29,314.2,43971.1,14550.83,14873.4,44.95,35.54,0.48,Banking,Bearish,No,15489.52,-2.2933570569004047
2024-05-23,Thursday,May,2024,15080.09,15874.55,14898.56,15685.72,15134.29,3.64,363.6,55860.9,14586.23,14874.07,46.89,35.11,2.21,Metal,Unknown,No,15134.29,3.643580240632355
2024-05-24,Friday,May,2024,15633.53,16235.02,15396.33,15992.37,15685.72,1.95,299.4,51858.8,14628.85,14875.44,53.65,35.25,1.53,Realty,Bearish,No,15685.72,1.9549628579370375
2024-05-27,Monday,May,2024,15999.93,16148.09,15936.08,16083.91,15992.37,0.57,267.3,35691.8,14672.71,14879.28,52.33,35.28,0.9,FMCG,Bearish,No,15992.37,0.5723979622782556
2024-05-28,Tuesday,May,2024,16092.95,16475.44,15933.59,16313.9,16083.91,1.43,256.1,38831.5,14727.73,14883.7,55.99,34.95,1.89,IT,Bearish,No,16083.91,1.4299383669766854
2024-05-29,Wednesday,May,2024,16354.01,16798.56,16192.32,16634.1,16313.9,1.96,376.2,65388.4,14786.15,14890.77,56.49,33.51,1.61,Auto,Bearish,No,16313.9,1.9627434273840034
2024-05-30,Thursday,May,2024,16669.86,16814.27,16323.18,16465.83,16634.1,-1.01,246.9,39463.1,14848.97,14898.46,52.94,33.55,0.61,Pharma,Bearish,No,16634.1,-1.0115966598733734
2024-05-31,Friday,May,2024,16462.4,16851.89,16236.46,16623.74,16465.83,0.96,194.4,32248.9,14917.69,14907.21,60.32,33.53,1.65,Metal,Bearish,No,16465.83,0.9590163386844139
2024-06-03,Monday,June,2024,16628.95,16710.4,16542.3,16623.72,16623.74,0.0,215.0,35133.7,14982.53,14914.74,59.99,33.38,1.01,IT,Bearish,No,16623.74,-0.00012030987010405935
2024-06-04,Tuesday,June,2024,16616.48,16822.42,15854.2,16053.15,16623.72,-3.43,334.2,56071.3,15035.96,14919.58,54.03,37.62,0.59,Energy,Bearish,No,16623.72,-3.4322642585414185
2024-06-05,Wednesday,June,2024,16121.43,16232.52,15912.51,16022.92,16053.15,-0.19,164.2,24825.3,15083.72,14924.7,54.21,38.52,0.78,IT,Bearish,No,16053.15,-0.1883119512369819
2024-06-06,Thursday,June,2024,15975.71,16554.06,15954.21,16531.81,16022.92,3.18,461.2,74542.5,15136.91,14933.55,59.23,37.76,1.95,Pharma,Bearish,No,16022.92,3.1760128615758005
2024-06-07,Friday,June,2024,16533.38,16569.26,16379.7,16415.32,16531.81,-0.7,244.5,42098.4,15186.38,14941.38,67.04,36.63,0.56,FMCG,Bearish,No,16531.81,-0.7046415365286777
2024-06-10,Monday,June,2024,16453.22,16587.19,16312.72,16446.64,16415.32,0.19,152.9,26176.8,15234.38,14948.32,63.92,35.32,0.81,Pharma,Bearish,No,16415.32,0.19079737708433164
2024-06-11,Tuesday,June,2024,16501.41,16840.0,16288.87,16625.85,16446.64,1.09,267.7,41852.5,15283.91,14955.7,72.86,34.38,1.49,IT,Bearish,No,16446.64,1.0896450582003323
2024-06-12,Wednesday,June,2024,16592.55,16797.06,16231.6,16434.16,16625.85,-1.15,282.1,44976.1,15326.7,14961.54,62.89,33.88,0.83,IT,Bearish,No,16625.85,-1.1529636078756798
2024-06-13,Thursday,June,2024,16386.31,16524.31,16036.01,16172.2,16434.16,-1.59,288.6,42139.8,15367.58,14966.69,53.15,32.93,0.36,FMCG,Bearish,No,16434.16,-1.593996894273873
2024-06-14,Friday,June,2024,16111.97,16397.22,16056.89,16341.35,16172.2,1.05,242.4,39850.5,15412.54,14971.42,54.38,32.21,1.36,Metal,Bearish,No,16172.2,1.045930671151727
2024-06-17,Monday,June,2024,16324.54,16376.28,16269.59,16321.32,16341.35,-0.12,142.9,22301.3,15459.94,14975.49,50.14,31.09,1.02,Pharma,Bearish,No,16341.35,-0.1225724924807354
2024-06-18,Tuesday,June,2024,16333.77,16491.92,15976.65,16132.85,16321.32,-1.15,253.5,36904.2,15501.13,14976.32,40.34,31.51,1.0,Auto,Bearish,No,16321.32,-1.1547472875968325
2024-06-19,Wednesday,June,2024,16110.0,16236.16,15685.25,15809.05,16132.85,-2.01,274.8,42789.1,15538.46,14977.26,38.06,32.88,0.2,Pharma,Bearish,No,16132.85,-2.007084922998733
2024-06-20,Thursday,June,2024,15842.21,16030.48,15610.86,15798.61,15809.05,-0.07,216.0,37038.4,15578.41,14974.52,34.15,33.22,1.03,Pharma,Bearish,No,15809.05,-0.06603812373291686
2024-06-21,Friday,June,2024,15795.5,16030.48,15690.12,16212.01,15798.61,2.62,372.9,65573.9,15620.19,14972.16,43.17,32.87,2.0,IT,Bearish,No,15798.61,2.6166858983163683
2024-06-24,Monday,June,2024,16241.65,16321.43,15773.45,15851.31,16212.01,-2.22,438.9,67791.8,15652.62,14967.43,46.4,24.57,0.38,IT,Bearish,No,16212.01,-2.224893767028276
2024-06-25,Tuesday,June,2024,15858.31,15986.35,15749.09,15877.0,15851.31,0.16,274.6,43155.1,15685.45,14960.75,47.4,34.31,1.08,FMCG,Bearish,No,15851.31,0.16206862398123884
2024-06-26,Wednesday,June,2024,15796.73,15986.35,15671.18,16380.09,15877.0,3.17,210.7,39537.4,15728.62,14957.18,47.29,34.22,2.36,Banking,Bearish,No,15877.0,3.1686716634124847
2024-06-27,Thursday,June,2024,16323.59,16325.73,15671.18,16123.96,16380.09,-1.56,312.8,46081.2,15777.45,14953.67,45.04,33.74,0.27,FMCG,Bearish,No,16380.09,-1.5636666221003732
2024-06-28,Friday,June,2024,16179.93,16339.98,15612.13,15768.1,16123.96,-2.21,423.8,69417.0,15815.85,14947.84,39.59,35.83,0.21,Pharma,Bearish,No,16123.96,-2.2070260655570886
2024-07-01,Monday,July,2024,15723.78,15949.29,15589.01,15813.75,15768.1,0.29,225.9,37867.0,15856.67,14941.23,37.01,35.52,0.92,Banking,Bearish,No,15768.1,0.28950856476049514
2024-07-02,Tuesday,July,2024,15854.17,16076.19,15667.28,15888.89,15813.75,0.48,267.3,57616.1,15891.38,14935.32,40.94,34.77,0.96,Banking,Bearish,No,15813.75,0.4751561141411709
2024-07-03,Wednesday,July,2024,15894.91,16599.29,15718.16,16416.74,15888.89,3.32,314.5,56125.5,15932.36,14933.67,53.73,34.47,2.14,Realty,Bearish,No,15888.89,3.3221326348159135
2024-07-04,Thursday,July,2024,16368.25,16570.12,16148.38,16350.03,16416.74,-0.41,187.8,33259.8,15965.95,14930.35,50.14,34.01,1.16,Metal,Bearish,No,16416.74,-0.4063535147660311
2024-07-05,Friday,July,2024,16386.8,16830.19,16145.54,16586.0,16350.03,1.44,281.0,42201.2,16002.89,14928.01,53.91,33.12,1.25,FMCG,Bearish,No,16350.03,1.4432389420692153
2024-07-08,Monday,July,2024,16562.23,16703.97,16260.52,16400.88,16586.0,-1.12,267.7,48103.3,16037.29,14920.82,53.96,32.58,0.9,Auto,Bearish,No,16586.0,-1.1161220306282347
2024-07-09,Tuesday,July,2024,16408.34,16764.65,16394.78,16750.8,16400.88,2.13,374.7,61252.6,16065.91,14914.63,63.8,32.99,1.61,Banking,Bearish,No,16400.88,2.1335440537336914
2024-07-10,Wednesday,July,2024,16740.25,16931.84,16413.68,16603.71,16750.8,-0.88,264.4,47290.3,16093.65,14907.42,61.34,33.31,0.42,IT,Bearish,No,16750.8,-0.878107314277528
2024-07-11,Thursday,July,2024,16740.25,16679.76,16245.1,16455.68,16603.71,-0.89,258.4,42017.7,16113.75,14902.75,53.71,33.28,0.5,Unknown,Bearish,No,16603.71,-0.8915477324043775
2024-07-12,Friday,July,2024,16488.94,16605.85,16284.82,16401.11,16455.68,-0.33,385.2,62193.9,16124.02,14898.93,59.23,32.6,1.18,Metal,Bearish,No,16455.68,-0.3316180188238937
2024-07-15,Monday,July,2024,16438.86,16439.95,15871.65,15872.7,16401.11,-3.22,339.8,48662.6,16126.6,14893.47,49.94,35.15,0.2,FMCG,Bearish,No,16401.11,-3.221794134665275
2024-07-16,Tuesday,July,2024,15849.17,16041.89,15623.86,15816.18,15872.7,-0.36,267.3,45390.2,16124.33,14886.4,40.7,34.66,1.48,IT,Bearish,No,15872.7,-0.3560830860534152
2024-07-17,Wednesday,July,2024,15846.66,16095.43,15721.11,15968.91,15816.18,0.97,292.8,48358.7,16125.84,14883.11,47.35,34.62,1.37,Pharma,Bearish,No,15816.18,0.9656566882774448
2024-07-18,Thursday,July,2024,15927.15,16156.8,15884.76,16113.91,15968.91,0.91,243.0,42584.1,16124.64,14883.57,56.36,34.88,0.79,Pharma,Bearish,No,15968.91,0.9080143854527328
2024-07-19,Friday,July,2024,16072.75,16156.8,15527.58,15635.94,16113.91,-2.97,388.4,57382.6,16112.33,14881.73,47.18,38.11,0.2,Realty,Bearish,No,16113.91,-2.966195045150428
2024-07-22,Monday,July,2024,15647.18,15772.05,15442.43,15566.66,15635.94,-0.44,193.2,27632.2,16105.45,14882.49,44.88,37.24,1.1,Pharma,Bearish,No,15635.94,-0.44308177186661407
2024-07-23,Tuesday,July,2024,15534.15,16129.66,15442.43,16018.67,15566.66,2.9,366.3,55318.4,16107.05,14884.32,52.29,36.94,1.53,IT,Bearish,No,15566.66,2.9037057403450723
2024-07-24,Wednesday,July,2024,16012.46,16129.66,15916.74,16099.55,16018.67,0.5,244.9,37159.3,16114.12,14885.94,45.94,36.24,1.37,Banking,Bearish,No,16018.67,0.5049108321727035
2024-07-25,Thursday,July,2024,16054.2,16601.84,15864.64,16408.1,16099.55,1.92,342.6,53888.4,16128.21,14889.66,47.18,35.78,1.29,IT,Bearish,No,16099.55,1.916513194468164
2024-07-26,Friday,July,2024,16344.87,16669.59,16125.77,16449.1,16408.1,0.25,225.5,34086.3,16142.29,14892.69,50.8,36.43,1.19,IT,Bearish,No,16408.1,0.249876585345043
2024-07-29,Monday,July,2024,16459.35,16724.0,16200.48,16465.04,16449.1,0.1,324.8,50649.7,16168.94,14894.01,44.66,36.5,1.43,Banking,Bearish,No,16449.1,0.09690499784184137
2024-07-30,Tuesday,July,2024,16475.76,16718.11,16410.1,16651.75,16465.04,1.13,223.1,40280.1,16192.19,14896.3,50.88,35.68,1.49,FMCG,Bearish,No,16465.04,1.133978417301137
2024-07-31,Wednesday,July,2024,16652.71,16875.27,16432.84,16655.37,16651.75,0.02,179.8,32283.5,16222.61,14898.81,53.88,35.33,1.26,IT,Bearish,No,16651.75,0.021739456813842276
2024-08-01,Thursday,August,2024,16640.85,16786.68,16297.24,16441.33,16655.37,-1.29,299.4,47416.8,16237.72,14897.33,50.74,34.29,0.79,Metal,Bearish,No,16655.37,-1.2851110482684998
2024-08-02,Friday,August,2024,16406.63,16916.86,16250.72,16757.61,16441.33,1.92,266.0,49005.1,16253.03,14897.41,52.29,24.57,1.3,FMCG,Bearish,No,16441.33,1.9236886553581662
2024-08-05,Monday,August,2024,16703.26,17028.95,16488.5,16812.78,16757.61,0.33,276.8,44660.9,16267.6,14900.02,69.78,33.65,0.75,Unknown,Bearish,No,16757.61,0.32922355872942655
2024-08-06,Tuesday,August,2024,16756.27,16886.98,16309.82,16812.78,16812.78,-2.23,412.8,70866.7,16270.09,14902.12,58.56,35.06,0.2,IT,Bearish,No,16812.78,0.0
2024-08-07,Wednesday,August,2024,16408.26,16915.03,16288.97,16792.95,16438.04,2.16,294.5,50879.6,16273.26,14907.18,61.5,34.49,1.81,Energy,Bearish,No,16812.78,-0.11794599108534169
2024-08-08,Thursday,August,2024,16844.4,16932.43,16288.97,16616.82,16792.95,-1.05,278.3,42217.2,16276.28,14910.49,52.29,34.62,0.62,FMCG,Bearish,No,16792.95,-1.0488329924164663
2024-08-09,Friday,August,2024,16628.34,16779.36,16572.91,16723.61,16616.82,0.64,291.2,47163.2,16278.28,14914.95,71.53,34.11,0.91,Banking,Bearish,No,16616.82,0.6426620737301172
2024-08-12,Monday,August,2024,16741.68,16833.26,16602.09,16693.41,16723.61,-0.18,282.0,51326.3,16279.67,14918.64,64.9,33.22,1.04,FMCG,Bearish,No,16723.61,-0.18058302005368893
2024-08-13,Tuesday,August,2024,16630.52,16883.33,16486.09,16737.97,16693.41,0.27,442.0,67336.3,16293.37,14919.69,64.32,32.13,1.57,IT,Bearish,No,16693.41,0.2669316814239949
2024-08-14,Wednesday,August,2024,16747.3,16877.91,16433.16,16562.33,16737.97,-1.05,191.6,29670.0,16304.16,14924.16,53.68,31.76,0.86,IT,Bearish,No,16737.97,-1.0493506679722775
2024-08-15,Thursday,August,2024,16579.08,16902.0,16471.69,16793.22,16562.33,1.39,378.4,69530.8,16309.39,14932.8,57.53,30.98,1.88,Pharma,Bearish,No,16562.33,1.3940671391042165
2024-08-16,Friday,August,2024,16873.12,16984.5,16748.84,16860.13,16793.22,0.4,201.3,30815.6,16318.28,14942.01,58.45,31.08,1.02,Auto,Bearish,No,16793.22,0.3984346063470844
2024-08-19,Monday,August,2024,16859.18,17230.82,16748.84,17023.05,16860.13,0.97,231.8,39038.1,16329.81,14951.97,58.03,30.59,1.38,Metal,Bearish,No,16860.13,0.9663033440430071
2024-08-20,Tuesday,August,2024,17002.94,17150.91,16796.48,16943.94,17023.05,-0.46,251.9,46253.0,16336.17,14959.54,56.04,30.69,0.94,Realty,Unknown,No,17023.05,-0.46472283168997675
2024-08-21,Wednesday,August,2024,16904.98,17041.09,16836.91,16972.75,16943.94,0.17,232.2,42907.9,16346.95,14967.45,62.06,30.52,1.31,Pharma,Bearish,No,16943.94,0.1700312914233721
2024-08-22,Thursday,August,2024,16975.79,17115.53,16554.37,16691.77,16972.75,-1.66,379.2,69362.9,16357.34,14972.65,48.48,30.03,0.2,Metal,Bearish,No,16972.75,-1.6554771619213124
2024-08-23,Friday,August,2024,16682.01,16856.58,16299.27,16471.64,16691.77,-1.32,198.6,32590.5,16359.94,14979.01,42.69,29.07,1.01,Banking,Bearish,No,16691.77,-1.3187936330299364
2024-08-26,Monday,August,2024,16527.11,16722.56,16157.23,16350.59,16471.64,-0.73,78.5,11773.7,16360.53,14984.35,47.9,28.91,0.83,Banking,Bearish,No,16471.64,-0.7348994999890678
2024-08-27,Tuesday,August,2024,16394.83,16562.98,16048.2,16214.5,16350.59,-0.83,378.0,64633.7,16362.16,14990.14,34.45,28.92,1.12,IT,Bearish,No,16350.59,-0.8323247051023855
2024-08-28,Wednesday,August,2024,16166.1,16350.3,15666.52,15847.08,16214.5,-2.27,249.5,41191.0,16362.92,14995.03,31.24,29.6,0.56,IT,Bearish,No,16214.5,-2.2659964846279568
2024-08-29,Thursday,August,2024,15846.02,16004.86,15529.37,15686.62,15847.08,-1.01,331.4,52813.2,16360.68,14998.67,25.37,29.88,0.2,Pharma,Bearish,No,15847.08,-1.0125524702342585
2024-08-30,Friday,August,2024,15801.8,15802.23,15534.48,15534.91,15686.62,-0.97,352.5,39537.4,16347.14,15000.93,23.99,29.11,0.78,Metal,Bearish,No,15686.62,-0.9671299489628801
2024-09-02,Monday,September,2024,15466.6,15620.34,15352.78,15506.23,15534.91,-0.18,297.3,49894.7,16340.24,15004.32,22.14,28.46,1.09,IT,Bearish,No,15534.91,-0.1846164541667785
2024-09-03,Tuesday,September,2024,15497.54,15725.78,15379.15,15606.56,15506.23,0.65,282.8,45752.9,16334.83,15007.23,27.62,28.53,1.15,FMCG,Bearish,No,15506.23,0.6470302581607518
2024-09-04,Wednesday,September,2024,15641.79,15894.52,15280.99,15606.56,15606.56,-0.48,288.8,41376.3,16317.87,15011.52,52.29,28.55,0.84,Banking,Bearish,No,15606.56,0.0
2024-09-05,Thursday,September,2024,15520.88,15889.1,15280.99,15715.64,15531.95,1.18,247.1,35691.9,16309.7,15017.95,22.7,29.16,1.13,FMCG,Bearish,No,15606.56,0.6989368573215362
2024-09-06,Friday,September,2024,15700.46,15807.79,15548.43,15655.45,15715.64,-0.38,124.4,19119.5,16307.45,15022.9,15.69,29.69,0.83,Banking,Bearish,No,15715.64,-0.3829942655851031
2024-09-09,Monday,September,2024,15633.39,15710.14,15533.95,15610.59,15655.45,-0.29,213.5,31946.8,16303.38,15027.52,15.97,30.31,0.8,Unknown,Bearish,No,15655.45,-0.28654557997375085
2024-09-10,Tuesday,September,2024,15560.77,16238.66,15533.95,16131.81,15610.59,3.34,348.9,52152.5,16308.24,15036.18,32.85,29.44,1.96,IT,Bearish,No,15610.59,3.3388872553823994
2024-09-11,Wednesday,September,2024,16123.63,16457.08,16046.78,16379.01,16131.81,1.53,238.8,39982.9,16307.49,15045.93,43.53,29.35,1.4,Energy,Bearish,No,16131.81,1.5323760941890634
2024-09-12,Thursday,September,2024,16429.43,16704.12,16038.61,16311.33,16379.01,-0.41,243.7,39537.4,16306.71,15055.03,46.46,28.44,0.2,Banking,Bearish,No,16379.01,-0.41321178752562143
2024-09-13,Friday,September,2024,16249.09,16378.09,16101.13,16229.98,16311.33,-0.5,128.1,21613.8,16299.59,15063.98,47.29,27.62,0.68,IT,Bearish,No,16311.33,-0.49873308920854625
2024-09-16,Monday,September,2024,16242.97,16488.69,16059.44,16304.46,16229.98,0.46,318.1,48496.2,16297.66,15076.43,52.08,26.46,0.88,Realty,Bearish,No,16229.98,0.45890383105832266
2024-09-17,Tuesday,September,2024,16357.24,16521.82,16124.65,16288.53,16304.46,-0.1,220.7,34552.8,16288.42,15085.4,52.29,26.03,0.72,Pharma,Bearish,No,16304.46,-0.09770332780109536
2024-09-18,Wednesday,September,2024,16287.52,16460.65,15993.96,16165.79,16288.53,-0.75,228.3,34685.1,16279.66,15095.17,63.5,25.4,0.34,Energy,Bearish,No,16288.53,-0.7535363841918195
2024-09-19,Thursday,September,2024,16145.36,16217.65,15950.8,16022.54,16165.79,-0.89,267.3,40230.6,16271.0,15103.85,63.8,25.28,0.63,Metal,Bearish,No,16165.79,-0.8861305262532793
2024-09-20,Friday,September,2024,16054.95,16305.34,15840.63,16090.55,16022.54,0.42,231.7,37782.0,16264.79,15113.92,66.18,25.38,0.87,IT,Bearish,No,16022.54,0.42446453558548397
2024-09-23,Monday,September,2024,16047.09,16553.32,15840.63,16427.7,16090.55,2.1,260.4,42806.1,16275.89,15125.14,70.1,25.45,1.43,Banking,Bearish,No,16090.55,2.0953292460481556
2024-09-24,Tuesday,September,2024,16448.49,16869.61,16218.18,16636.67,16427.7,1.27,220.4,35171.6,16292.3,15136.51,75.38,25.12,1.46,FMCG,Bearish,No,16427.7,1.272058778769989
2024-09-25,Wednesday,September,2024,16628.36,17019.13,16467.02,16855.59,16636.67,1.32,206.5,32976.3,16310.03,15149.47,75.77,24.69,1.93,Pharma,Neutral,No,16636.67,1.3158883358268325
2024-09-26,Thursday,September,2024,16858.76,17700.16,16605.61,17438.31,16855.59,3.46,301.9,56757.0,16336.52,15165.41,82.6,24.55,2.19,IT,Neutral,No,16855.59,3.4571320256366054
2024-09-27,Friday,September,2024,17526.02,17957.04,17343.73,17772.19,17438.31,1.91,262.6,42458.8,16379.24,15182.59,85.75,24.1,1.96,FMCG,Neutral,No,17438.31,1.9146350764494804
2024-09-30,Monday,September,2024,17833.83,17963.26,17642.09,17771.06,17772.19,-0.01,211.5,38761.5,16423.33,15200.62,82.74,23.55,0.97,Energy,Neutral,No,17772.19,-0.0063582484769596805
2024-10-01,Tuesday,October,2024,17850.05,18093.21,17187.98,17425.36,17771.06,-1.95,385.3,60688.8,16451.47,15216.93,70.11,23.36,1.09,Banking,Neutral,No,17771.06,-1.9452975793227905
2024-10-02,Wednesday,October,2024,17382.6,17841.77,17233.92,17690.46,17425.36,1.52,200.3,33264.3,16483.28,15234.58,74.63,22.68,1.17,IT,Neutral,No,17425.36,1.5213459004577152
2024-10-03,Thursday,October,2024,17636.23,17815.28,17452.4,17631.4,17690.46,-0.33,291.7,49265.4,16507.75,15251.43,75.23,22.94,0.29,FMCG,Neutral,No,17690.46,-0.33385225709222754
2024-10-04,Friday,October,2024,17656.09,17803.64,17387.55,17534.08,17631.4,-0.55,151.2,28560.8,16529.45,15268.48,71.96,22.27,1.09,IT,Neutral,No,17631.4,-0.5519697811858372
2024-10-07,Monday,October,2024,17551.12,18029.79,17448.69,17925.17,17534.08,2.23,334.9,55681.9,16558.65,15288.77,75.77,20.29,1.96,FMCG,Neutral,No,17534.08,2.230456345585263
2024-10-08,Tuesday,October,2024,17818.88,18403.87,17687.69,18269.37,17925.17,1.92,223.2,44347.7,16591.0,15310.92,80.97,19.15,1.1,FMCG,Bullish,No,17925.17,1.9202049408736475
2024-10-09,Wednesday,October,2024,18287.87,18781.36,18089.51,18579.83,18269.37,1.7,227.7,44975.4,16629.49,15336.93,85.88,18.52,1.52,Metal,Bullish,No,18269.37,1.6993470491867142
2024-10-10,Thursday,October,2024,18693.95,18916.2,18248.56,18468.12,18579.83,-0.6,269.2,51496.5,16670.03,15361.93,82.95,18.62,1.34,FMCG,Bullish,No,18579.83,-0.6012433913550487
2024-10-11,Friday,October,2024,18573.23,18602.12,18571.77,18600.66,18468.12,0.72,273.9,50048.0,16706.89,15389.14,81.93,18.46,1.51,FMCG,Bullish,No,18468.12,0.7176691509476919
2024-10-14,Monday,October,2024,18561.62,18733.9,18571.77,18312.07,18600.66,-1.55,343.7,68039.8,16736.88,15414.39,52.29,18.38,0.2,IT,Bullish,No,18600.66,-1.5515040864141387
2024-10-15,Tuesday,October,2024,18351.13,18556.11,18210.04,18414.53,18312.07,0.56,191.9,35535.1,16776.41,15440.9,73.16,17.86,0.58,Banking,Bullish,No,18312.07,0.5595216706794979
2024-10-16,Wednesday,October,2024,18365.42,18411.69,18220.29,18266.31,18414.53,-0.8,320.4,57017.7,16805.87,15465.51,64.12,16.7,1.22,IT,Bullish,No,18414.53,-0.804907863518632
2024-10-17,Thursday,October,2024,18261.05,18469.77,17842.28,18048.58,18266.31,-1.19,374.1,68676.0,16834.51,15487.74,54.91,16.76,0.35,Banking,Neutral,No,18266.31,-1.1919758287251205
2024-10-18,Friday,October,2024,18004.17,18278.31,17644.14,17916.95,18048.58,-0.73,270.7,45904.1,16858.37,15509.6,52.48,16.75,1.05,Energy,Neutral,No,18048.58,-0.7293094525996007
2024-10-21,Monday,October,2024,17854.11,18102.76,17498.21,17745.34,17916.95,-0.96,161.1,27289.2,16879.41,15530.13,55.77,15.97,0.89,Banking,Neutral,No,17916.95,-0.957808109081069
2024-10-22,Tuesday,October,2024,17792.36,17816.08,17630.56,17654.1,17745.34,-0.51,130.1,24894.1,16897.74,15551.0,52.29,24.57,0.82,Metal,Neutral,No,17745.34,-0.5141631549466034
2024-10-23,Wednesday,October,2024,17669.27,17963.31,17504.98,17797.82,17654.1,0.81,269.6,50803.6,16922.45,15570.51,53.1,17.45,1.05,Metal,Neutral,No,17654.1,0.8140885120170452
2024-10-24,Thursday,October,2024,17821.53,17917.79,17420.61,17515.22,17797.82,-1.59,266.3,46769.0,16936.89,15588.25,49.67,17.24,0.92,Pharma,Neutral,No,17797.82,-1.5878349146131299
2024-10-25,Friday,October,2024,17548.48,17899.6,17439.56,17789.18,17515.22,1.56,237.3,41509.3,16955.47,15606.9,47.53,16.24,0.85,Metal,Neutral,No,17515.22,1.5641253721049413
2024-10-28,Monday,October,2024,17799.71,18040.84,17675.27,17915.59,17789.18,0.71,245.3,46650.3,16973.32,15626.53,43.02,15.89,1.57,Metal,Neutral,No,17789.18,0.7106004886116158
2024-10-29,Tuesday,October,2024,17859.82,18091.95,17843.91,18075.85,17915.59,0.89,242.8,44508.2,16995.96,15647.46,39.42,15.14,1.2,Energy,Bearish,No,17915.59,0.8945281735069758
2024-10-30,Wednesday,October,2024,18087.26,18168.56,18083.05,18164.33,18075.85,0.49,234.7,41907.2,17019.79,15667.98,43.56,14.87,0.93,Unknown,Neutral,No,18075.85,0.48949288691819864
2024-10-31,Thursday,October,2024,18152.46,18479.36,18001.05,18326.5,18164.33,0.89,211.4,38861.9,17052.48,15690.04,44.26,15.37,1.26,Realty,Neutral,No,18164.33,0.8927937336527041
2024-11-01,Friday,November,2024,18315.98,18718.7,18151.3,18551.9,18326.5,1.23,399.5,70152.8,17094.09,15713.54,55.16,14.85,1.75,Energy,Neutral,No,18326.5,1.2299129675606442
2024-11-04,Monday,November,2024,18499.38,18632.92,18313.54,18446.7,18551.9,-0.57,183.3,31797.4,17136.01,15738.87,50.69,14.45,0.44,Banking,Neutral,No,18551.9,-0.5670578215708403
2024-11-05,Tuesday,November,2024,18363.35,18418.53,17404.3,17456.76,18446.7,-5.37,487.4,93407.0,17160.85,15759.56,37.23,20.64,0.2,FMCG,Bearish,No,18446.7,-5.36648831498318
2024-11-06,Wednesday,November,2024,17427.05,17538.3,17089.84,17456.76,17456.76,-1.47,172.2,32399.4,17187.91,15777.33,36.78,20.47,0.69,Auto,Bearish,No,17456.76,0.0
2024-11-07,Thursday,November,2024,17427.05,17739.0,16990.35,17497.85,17199.64,1.73,235.8,40606.6,17224.13,15794.73,43.79,20.29,1.52,Auto,Unknown,No,17456.76,0.2353815942935582
2024-11-08,Friday,November,2024,17494.21,17608.78,17298.04,17412.07,17497.85,-0.49,166.5,29079.6,17261.67,15810.5,44.94,19.99,0.51,IT,Neutral,No,17497.85,-0.490231657032143
2024-11-11,Monday,November,2024,17505.22,17610.06,17286.98,17391.13,17412.07,-0.12,267.3,35891.0,17299.37,15825.86,45.92,19.8,0.71,Auto,Neutral,No,17412.07,-0.12026140487603537
2024-11-12,Tuesday,November,2024,17387.71,17665.31,17162.58,17439.51,17391.13,0.28,218.9,39899.3,17336.03,15842.81,44.27,20.33,1.63,Banking,Neutral,No,17391.13,0.278187788832568
2024-11-13,Wednesday,November,2024,17449.71,17659.45,17325.17,17534.31,17439.51,0.54,221.7,35760.2,17376.08,15859.3,50.32,20.11,1.46,Pharma,Neutral,No,17439.51,0.5435932546270104
2024-11-14,Thursday,November,2024,17535.18,17740.33,17347.17,17552.14,17534.31,0.1,192.3,32906.3,17412.81,15874.5,45.58,20.33,1.21,FMCG,Neutral,No,17534.31,0.1016863509313917
2024-11-15,Friday,November,2024,17496.18,17668.4,16969.43,17138.13,17552.14,-2.36,353.6,57572.2,17442.46,15888.23,36.9,22.89,0.85,Energy,Bearish,No,17552.14,-2.35874372013896
2024-11-18,Monday,November,2024,17137.03,17378.11,17061.1,17301.45,17138.13,0.95,284.7,54110.3,17476.28,15901.99,36.97,24.57,1.08,Pharma,Bearish,No,17138.13,0.9529627794864416
2024-11-19,Tuesday,November,2024,17246.0,17315.63,17140.44,17209.92,17301.45,-0.53,103.7,18734.4,17497.84,15917.38,33.96,21.26,0.82,Banking,Bearish,No,17301.45,-0.5290308037765763
2024-11-20,Wednesday,November,2024,17206.38,17330.39,17161.5,17285.3,17209.92,0.44,305.3,47999.0,17515.97,15931.44,31.97,20.26,1.16,IT,Bearish,No,17209.92,0.4380031981554884
2024-11-21,Thursday,November,2024,17194.04,17436.42,17125.93,17367.62,17285.3,0.48,259.4,48656.1,17537.09,15945.07,28.43,20.85,1.53,Unknown,Bearish,No,17285.3,0.4762428190427688
2024-11-22,Friday,November,2024,17364.0,17920.81,17167.65,17720.43,17367.62,2.03,202.0,38859.0,17566.9,15962.19,37.86,21.42,1.19,IT,Bearish,No,17367.62,2.031423994767281
2024-11-25,Monday,November,2024,17728.3,17965.59,17644.75,17881.32,17720.43,0.91,318.9,55122.0,17598.44,15980.27,59.81,21.66,1.33,Auto,Neutral,No,17720.43,0.9079350783248455
2024-11-26,Tuesday,November,2024,17893.13,18026.4,17722.68,17855.68,17881.32,-0.14,288.4,52958.0,17629.78,15997.99,66.98,21.71,0.95,Realty,Neutral,No,17881.32,-0.1433898615985812
2024-11-27,Wednesday,November,2024,17778.84,17901.04,17528.28,17649.59,17855.68,-1.15,159.1,29102.8,17659.46,16015.86,54.12,21.83,0.86,Banking,Neutral,No,17855.68,-1.1541985519453761
2024-11-28,Thursday,November,2024,17675.04,17871.41,17506.8,17702.91,17649.59,0.3,216.3,40049.3,17693.06,16031.73,58.05,22.54,0.97,Banking,Neutral,No,17649.59,0.302103334978318
2024-11-29,Friday,November,2024,17737.91,18144.79,17692.84,18098.8,17702.91,2.24,345.2,64895.0,17733.23,16051.54,66.21,22.85,2.11,FMCG,Neutral,No,17702.91,2.236299003949065
2024-12-02,Monday,December,2024,18046.77,18341.82,17823.13,18117.31,18098.8,0.1,289.3,53039.4,17767.02,16072.33,65.75,21.62,1.15,Pharma,Neutral,No,18098.8,0.10227197383253055
2024-12-03,Tuesday,December,2024,18170.87,18497.05,17921.11,18246.26,18117.31,0.71,284.8,56682.2,17799.21,16093.0,66.28,22.21,1.0,IT,Neutral,No,18117.31,0.71175025431478
2024-12-04,Wednesday,December,2024,18256.59,18400.81,18087.38,18231.4,18246.26,-0.08,267.3,34780.2,17826.73,16113.02,65.55,21.57,1.15,Banking,Neutral,No,18246.26,-0.08144134743227897
2024-12-05,Thursday,December,2024,18228.11,18245.58,18151.59,18169.0,18231.4,-0.34,172.2,28852.3,17841.34,16133.3,78.14,21.2,0.85,IT,Neutral,No,18231.4,-0.34226663887579367
2024-12-06,Friday,December,2024,18199.95,18283.01,18060.61,18143.41,18169.0,-0.14,138.3,22986.7,17848.77,16153.85,74.85,21.71,1.1,Pharma,Neutral,No,18169.0,-0.14084429522813663
2024-12-09,Monday,December,2024,18231.67,18536.59,18062.77,18366.44,18143.41,1.23,225.0,37343.9,17860.68,16177.96,81.67,21.77,1.05,Energy,Neutral,No,18143.41,1.2292617539922144
2024-12-10,Tuesday,December,2024,18231.67,18532.88,18114.18,18287.7,18366.44,-0.43,273.8,49349.9,17877.92,16199.94,77.4,24.57,0.78,Realty,Neutral,No,18366.44,-0.4287167246347031
2024-12-11,Wednesday,December,2024,18260.6,18545.11,18133.34,18416.77,18287.7,0.71,310.3,54555.5,17892.45,16220.9,77.97,21.99,1.54,Energy,Neutral,No,18287.7,0.7057749197548062
2024-12-12,Thursday,December,2024,18531.73,18873.66,18301.89,18642.45,18416.77,1.23,257.9,39537.4,17912.67,16244.73,76.36,22.4,1.83,FMCG,Neutral,No,18416.77,1.2254048891309404
2024-12-13,Friday,December,2024,18632.78,18769.29,18526.67,18663.0,18642.45,0.11,291.3,58357.3,17935.25,16268.43,74.3,22.29,1.17,IT,Neutral,No,18642.45,0.11023229242937099
2024-12-16,Monday,December,2024,18683.53,18906.54,18202.52,18422.42,18663.0,-1.29,309.8,60929.0,17945.19,16290.52,65.54,22.94,0.5,Metal,Neutral,No,18663.0,-1.2890746396613715
2024-12-17,Tuesday,December,2024,18412.84,18560.22,17900.79,18045.22,18422.42,-2.05,476.2,92243.5,17940.71,16311.87,59.92,24.54,0.2,Auto,Neutral,No,18422.42,-2.047505159474147
2024-12-18,Wednesday,December,2024,17958.22,18294.15,17855.22,18189.82,18045.22,0.8,149.8,26145.4,17932.91,16333.96,61.67,24.8,1.06,Pharma,Neutral,No,18045.22,0.8013202388222396
2024-12-19,Thursday,December,2024,18173.04,18371.6,17907.47,18105.29,18189.82,-0.46,267.3,41062.5,17925.65,16354.91,50.18,24.59,0.64,FMCG,Neutral,No,18189.82,-0.4647104809173419
2024-12-20,Friday,December,2024,18165.64,18314.45,18023.51,18172.26,18105.29,0.37,251.2,43929.9,17917.09,16376.46,51.51,24.12,0.87,IT,Neutral,No,18105.29,0.36989189347421403
2024-12-23,Monday,December,2024,18128.11,18773.18,17918.73,18558.83,18172.26,2.13,435.0,74047.7,17922.02,16399.8,57.51,23.22,1.68,Auto,Neutral,No,18172.26,2.1272532970582825
2024-12-24,Tuesday,December,2024,18632.23,19116.62,18266.56,18748.67,18558.83,1.02,183.3,37280.9,17928.7,16425.73,61.47,23.85,1.16,Unknown,Neutral,No,18558.83,1.0229093105545797
2024-12-25,Wednesday,December,2024,18791.62,18871.75,18607.66,18687.34,18748.67,-0.33,178.4,34111.2,17937.12,16450.6,61.5,23.34,1.06,IT,Neutral,No,18748.67,-0.32711653679966696
2024-12-26,Thursday,December,2024,18631.04,18859.31,18416.35,18644.47,18687.34,-0.23,234.8,40560.0,17949.04,16477.2,61.03,23.82,1.03,Pharma,Neutral,No,18687.34,-0.22940664642479336
2024-12-27,Friday,December,2024,18577.1,18773.12,18209.69,18403.88,18644.47,-1.29,212.0,36722.5,17958.78,16503.28,50.82,23.78,0.9,Banking,Neutral,No,18644.47,-1.2904094350764606
2024-12-30,Monday,December,2024,18335.85,18613.04,17662.64,17933.75,18403.88,-2.55,336.2,59699.4,17962.55,16526.04,43.4,26.15,0.32,Realty,Bearish,No,18403.88,-2.554515678215686
2024-12-31,Tuesday,December,2024,17911.76,18451.05,17702.97,18238.45,17933.75,1.7,205.4,34104.4,17974.24,16550.32,46.88,25.8,1.82,Realty,Bearish,No,17933.75,1.6990311563393083
2025-01-01,Wednesday,January,2025,18178.83,18529.62,17919.02,18268.53,18238.45,0.16,299.9,52288.9,17983.65,16573.49,42.97,27.07,0.81,IT,Bearish,No,18238.45,0.16492629582008397
2025-01-02,Thursday,January,2025,18335.38,18699.5,18260.85,18623.8,18268.53,1.94,416.1,80646.8,18005.82,16597.25,49.35,27.46,1.79,FMCG,Bearish,No,18268.53,1.9447103844699078
2025-01-03,Friday,January,2025,18557.67,18699.5,18447.9,18501.51,18623.8,-0.66,356.0,71403.4,18020.07,16620.05,51.37,27.35,0.85,Banking,Bearish,No,18623.8,-0.6566329105767935
2025-01-06,Monday,January,2025,18452.02,18627.57,18373.83,18548.97,18501.51,0.26,242.0,48737.5,18032.74,16642.56,59.89,26.84,0.49,Banking,Bearish,No,18501.51,0.2565196029945814
2025-01-07,Tuesday,January,2025,18633.49,18770.87,18119.75,18254.33,18548.97,-1.59,267.3,57035.0,18036.31,16663.09,51.2,26.6,0.45,Auto,Bearish,No,18548.97,-1.5884439944643793
2025-01-08,Wednesday,January,2025,18239.9,18486.69,17661.2,17903.43,18254.33,-1.92,317.3,54673.4,18031.09,16681.13,46.59,27.45,0.2,Auto,Bearish,No,18254.33,-1.9222836444832618
2025-01-09,Thursday,January,2025,17926.07,18184.62,17650.35,17908.65,17903.43,0.03,273.1,53024.1,18022.73,16700.03,52.29,27.64,0.55,IT,Bearish,No,17903.43,0.029156424215924903
2025-01-10,Friday,January,2025,17933.61,18466.93,17816.31,18346.93,17908.65,2.45,415.1,80524.0,18018.63,16721.3,46.41,27.07,1.72,IT,Bearish,No,17908.65,2.447308981972392
2025-01-13,Monday,January,2025,18266.88,18462.82,18128.95,18324.45,18346.93,-0.12,268.9,39537.4,18016.19,16743.17,42.39,27.02,0.77,FMCG,Bearish,No,18346.93,-0.12252731110872263
2025-01-14,Tuesday,January,2025,18368.58,18517.07,18307.74,18324.45,18324.45,0.72,270.2,53204.6,18036.17,16765.08,45.95,27.79,1.01,Realty,Bearish,No,18324.45,0.0
2025-01-15,Wednesday,January,2025,18489.9,18756.1,18336.6,18601.87,18455.94,0.79,301.5,55622.8,18064.21,16788.37,49.28,27.82,0.83,Unknown,Bearish,No,18324.45,1.513933569629638
2025-01-16,Thursday,January,2025,18638.28,18772.61,18383.34,18516.79,18601.87,-0.46,242.3,41386.3,18084.59,16811.95,52.01,28.3,1.38,Auto,Bearish,No,18601.87,-0.4573733716018772
2025-01-17,Friday,January,2025,18479.09,18745.34,18345.7,18610.99,18516.79,0.51,164.8,33359.1,18108.57,16834.39,63.95,27.39,0.8,Banking,Bearish,No,18516.79,0.5087274846234187
2025-01-20,Monday,January,2025,18627.01,18896.46,18390.02,18659.06,18610.99,0.26,197.4,37083.5,18133.93,16856.54,59.69,26.29,0.99,FMCG,Bearish,No,18610.99,0.2582882479653135
2025-01-21,Tuesday,January,2025,18649.38,18847.78,18469.99,18668.21,18659.06,0.05,235.2,45622.6,18158.5,16878.7,59.29,26.77,1.22,IT,Bearish,No,18659.06,0.049037840062670986
2025-01-22,Wednesday,January,2025,18673.43,18804.6,18621.7,18752.65,18668.21,0.45,267.3,34917.6,18182.87,16901.36,53.43,27.06,1.44,Banking,Bearish,No,18668.21,0.4523197457067514
2025-01-23,Thursday,January,2025,18708.93,18851.96,18667.76,18810.56,18752.65,0.31,179.0,31217.9,18208.04,16927.0,58.51,26.65,0.77,Banking,Bearish,No,18752.65,0.30880968823072924
2025-01-24,Friday,January,2025,18799.82,19230.49,18607.91,19036.17,18810.56,1.2,316.3,57464.3,18246.0,16952.94,62.22,26.67,1.33,FMCG,Bearish,No,18810.56,1.199379497473743
2025-01-27,Monday,January,2025,19091.96,19262.44,18836.0,19005.71,19036.17,-0.16,268.8,46424.8,18280.09,16979.1,71.73,26.37,1.11,Banking,Bearish,No,19036.17,-0.16001117871924408
2025-01-28,Tuesday,January,2025,18895.9,19442.65,18716.19,19259.48,19005.71,1.34,303.6,53648.8,18321.08,17004.63,91.54,26.22,1.54,IT,Bearish,No,19005.71,1.335230307102447
2025-01-29,Wednesday,January,2025,19238.34,19410.14,18894.46,19064.71,19259.48,-1.01,241.2,43270.3,18356.66,17028.12,81.73,26.76,0.78,Banking,Bearish,No,19259.48,-1.0112941782436518
2025-01-30,Thursday,January,2025,19101.24,19166.6,19031.05,19096.39,19064.71,0.17,208.0,40205.2,18391.24,17050.25,76.48,26.44,0.7,IT,Bearish,No,19064.71,0.1661708990065954
2025-01-31,Friday,January,2025,19034.07,19521.13,19031.05,19380.8,19096.39,1.49,335.4,71411.0,18424.45,17073.46,81.5,26.72,1.25,Auto,Bearish,No,19096.39,1.4893390845075947
2025-02-03,Monday,February,2025,19404.08,19535.59,19150.38,19281.06,19380.8,-0.51,191.8,39523.3,18452.44,17096.46,75.08,25.63,0.78,Energy,Bearish,No,19380.8,-0.5146330388838333
2025-02-04,Tuesday,February,2025,19308.19,19467.6,19160.0,19319.33,19281.06,0.2,142.6,25267.5,18481.72,17116.46,73.33,26.23,0.97,Energy,Bearish,No,19281.06,0.1984849380687599
2025-02-05,Wednesday,February,2025,19310.45,19532.78,18865.69,19085.43,19319.33,-1.21,311.7,63562.4,18510.43,17135.8,66.86,26.21,0.65,IT,Bearish,No,19319.33,-1.2107045120094817
2025-02-06,Thursday,February,2025,19102.68,20597.19,18993.98,20480.65,19085.43,7.31,553.5,114183.7,18565.99,17160.95,81.29,25.76,3.12,Realty,Bearish,No,19085.43,7.310393320978364
2025-02-07,Friday,February,2025,20580.72,20650.2,20186.76,20255.14,20480.65,-1.1,354.1,74023.2,18609.11,17182.79,75.22,26.37,0.93,IT,Bearish,No,20480.65,-1.1010881002312038
2025-02-10,Monday,February,2025,20214.28,20796.55,19944.22,20522.38,20255.14,1.32,221.2,42034.1,18657.22,17206.68,77.08,26.72,1.08,Banking,Bearish,No,20255.14,1.319368812064501
2025-02-11,Tuesday,February,2025,20436.93,20654.08,20333.13,20549.71,20522.38,0.13,291.1,58569.2,18703.28,17229.78,76.7,26.19,1.11,Metal,Bearish,No,20522.38,0.13317168866378123
2025-02-12,Wednesday,February,2025,20523.54,20782.34,20114.39,20371.27,20549.71,-0.87,228.8,50190.2,18746.08,17252.17,72.38,26.03,0.47,Auto,Bearish,No,20549.71,-0.8683334217368454
2025-02-13,Thursday,February,2025,20310.49,20736.53,19973.22,20397.81,20371.27,0.13,273.4,54935.2,18790.66,17273.29,70.71,25.94,0.96,IT,Bearish,No,20371.27,0.13028151902164603
2025-02-14,Friday,February,2025,20421.37,20707.85,19804.91,20086.69,20397.81,-1.53,220.1,40913.7,18829.52,17292.47,65.15,26.59,0.2,Metal,Bearish,No,20397.81,-1.5252617805539055
2025-02-17,Monday,February,2025,20059.24,20273.03,19270.2,19477.79,20086.69,-3.03,280.0,52477.1,18851.75,17310.3,52.78,29.23,0.2,Energy,Bearish,No,20086.69,-3.031360567619642
2025-02-18,Tuesday,February,2025,19513.62,20273.03,19216.09,19355.59,19477.79,-0.63,267.3,49824.6,18873.11,17327.39,53.78,28.36,0.99,Energy,Bearish,No,19477.79,-0.6273812378098373
2025-02-19,Wednesday,February,2025,19372.5,19598.23,18628.68,18848.31,19355.59,-2.62,338.1,39537.4,18881.74,17342.9,47.13,30.26,0.51,IT,Bearish,No,19355.59,-2.6208449342024647
2025-02-20,Thursday,February,2025,18809.56,19075.67,18660.81,18926.0,18848.31,0.41,250.1,51225.0,18887.41,17359.01,52.29,24.57,1.11,Metal,Bearish,No,18848.31,0.41218549567573265
2025-02-21,Friday,February,2025,18873.62,19131.47,18536.8,18793.55,18926.0,-0.7,196.7,38693.2,18890.02,17374.25,44.13,28.84,0.4,Pharma,Bearish,No,18926.0,-0.6998309204269298
2025-02-24,Monday,February,2025,18715.01,18912.53,18312.6,18507.94,18793.55,-1.52,316.8,62662.7,18891.73,17391.13,40.78,28.51,0.74,Pharma,Bearish,No,18793.55,-1.5197235221658527
2025-02-25,Tuesday,February,2025,18566.32,18742.95,18263.11,18438.52,18507.94,-0.38,315.3,61692.5,18899.6,17405.87,42.36,29.15,0.98,IT,Bearish,No,18507.94,-0.3750822619913305
2025-02-26,Wednesday,February,2025,18467.53,18618.91,18263.11,18457.54,18438.52,0.1,291.0,48497.2,18904.95,17422.49,14.62,28.84,0.98,Unknown,Bearish,No,18438.52,0.10315361536609466
2025-02-27,Thursday,February,2025,18434.79,18545.83,18242.33,18352.88,18457.54,-0.57,208.0,35306.1,18909.9,17435.83,15.26,29.47,0.65,FMCG,Bearish,No,18457.54,-0.5670311428283501
2025-02-28,Friday,February,2025,18386.26,18545.83,18239.34,18487.23,18352.88,0.73,181.0,32949.1,18916.2,17448.3,10.94,29.72,1.21,Auto,Bearish,No,18352.88,0.7320376965359036
2025-03-03,Monday,March,2025,18425.98,18790.13,18256.99,18619.37,18487.23,0.71,255.3,43847.4,18917.41,17460.98,14.38,29.75,1.25,Pharma,Bearish,No,18487.23,0.7147636503683863
2025-03-04,Tuesday,March,2025,18570.5,18920.75,18441.02,18789.74,18619.37,0.92,267.3,62204.8,18918.24,17473.36,20.73,29.04,1.55,FMCG,Bearish,No,18619.37,0.9150148474411467
2025-03-05,Wednesday,March,2025,18734.79,19092.45,18562.58,18918.55,18789.74,0.69,152.8,26422.6,18922.86,17484.78,23.62,28.92,0.98,Pharma,Bearish,No,18789.74,0.6855337008388496
2025-03-06,Thursday,March,2025,18734.79,19290.43,18708.13,19062.77,18918.55,0.76,294.4,55180.7,18931.23,17497.76,30.59,30.13,1.05,Pharma,Bearish,No,18918.55,0.7623205795370214
2025-03-07,Friday,March,2025,19028.19,19455.22,18854.84,19279.58,19062.77,1.14,267.3,74853.4,18948.74,17511.04,45.59,28.58,1.31,Pharma,Bearish,No,19062.77,1.1373478251062217
2025-03-10,Monday,March,2025,19195.48,19696.92,19082.95,19582.12,19279.58,1.57,335.6,66288.6,18981.71,17525.84,54.67,28.76,1.12,IT,Bearish,No,19279.58,1.5692250557325274
2025-03-11,Tuesday,March,2025,19587.49,19960.07,19528.28,19899.92,19582.12,1.62,206.5,42156.6,19014.94,17545.07,73.52,28.97,1.75,FMCG,Bearish,No,19582.12,1.6229090619401743
2025-03-12,Wednesday,March,2025,19934.13,20571.89,19677.88,20310.79,19899.92,2.06,253.2,56024.0,19055.78,17566.51,76.95,29.27,1.86,Energy,Bearish,No,19899.92,2.0646816670619916
2025-03-13,Thursday,March,2025,20302.51,20455.95,20041.86,20194.48,20310.79,-0.57,207.4,39966.6,19087.19,17584.82,52.29,29.09,0.9,Metal,Bearish,No,20310.79,-0.5726512853512902
2025-03-14,Friday,March,2025,20263.53,20441.89,20070.41,20248.64,20194.48,0.27,224.7,47009.1,19122.14,17603.99,52.29,28.01,1.82,FMCG,Bearish,No,20194.48,0.2681921000194105
2025-03-17,Monday,March,2025,20297.41,20504.04,19966.54,20248.64,20248.64,-0.38,260.0,47570.2,19154.6,17622.62,52.29,27.43,1.08,Realty,Bearish,No,20248.64,0.0
2025-03-18,Tuesday,March,2025,20297.41,20445.65,20005.53,20211.3,20171.89,0.2,273.0,49670.3,19193.74,17640.54,87.33,26.57,1.47,Banking,Bearish,No,20248.64,-0.18440744662357642
2025-03-19,Wednesday,March,2025,20258.82,20482.3,19916.11,20138.26,20211.3,-0.36,220.2,40134.9,19238.43,17659.06,88.52,27.43,0.9,IT,Bearish,No,20211.3,-0.36138199917868163
2025-03-20,Thursday,March,2025,20152.51,20395.05,19720.12,19960.35,20138.26,-0.88,279.9,55298.2,19279.47,17678.0,81.2,27.77,0.54,FMCG,Bearish,No,20138.26,-0.8834427601987453
2025-03-21,Friday,March,2025,19885.87,20530.53,19666.68,20306.71,19960.35,1.74,240.4,49354.4,19318.66,17697.83,82.76,26.65,1.15,FMCG,Bearish,No,19960.35,1.7352401135250666
2025-03-24,Monday,March,2025,20285.62,20828.12,20194.98,20735.47,20306.71,2.11,281.0,52512.4,19366.88,17719.9,84.33,28.03,1.8,FMCG,Bearish,No,20306.71,2.1114203137780665
2025-03-25,Tuesday,March,2025,20285.62,21057.31,20505.42,20857.66,20735.47,0.59,302.4,61766.8,19414.92,17743.53,52.29,28.41,1.36,FMCG,Bearish,No,20735.47,0.5892801079502836
2025-03-26,Wednesday,March,2025,20802.06,20989.69,20593.09,20780.53,20857.66,-0.37,265.7,50143.7,19458.49,17768.38,81.12,28.13,1.16,FMCG,Bearish,No,20857.66,-0.36979220104269134
2025-03-27,Thursday,March,2025,20802.06,20918.1,20599.72,20772.92,20780.53,-0.04,256.4,39537.4,19503.61,17793.25,79.27,27.91,0.84,IT,Bearish,No,20780.53,-0.03662081765961014
2025-03-28,Friday,March,2025,20681.66,21145.3,20476.54,20937.64,20772.92,0.79,197.0,42329.7,19550.14,17816.88,78.09,27.69,1.46,Banking,Bearish,No,20772.92,0.7929554439144867
2025-03-31,Monday,March,2025,20993.16,21510.35,20823.51,21337.92,20937.64,1.91,311.5,70245.4,19603.72,17844.32,78.81,27.7,1.25,Realty,Bearish,No,20937.64,1.911772291433031
2025-04-01,Tuesday,April,2025,20993.16,21898.18,21148.3,21773.46,21337.92,2.04,325.1,71440.4,19665.83,17873.8,79.02,27.55,1.71,Energy,Bearish,No,21337.92,2.0411549016961397
2025-04-02,Wednesday,April,2025,21826.58,22259.6,21543.99,21975.09,21773.46,0.93,285.3,64236.6,19730.28,17901.77,52.29,27.14,1.48,Energy,Bearish,No,21773.46,0.9260356415562847
2025-04-03,Thursday,April,2025,22062.56,22269.75,21752.64,21958.86,21975.09,-0.07,284.7,59758.9,19793.24,17930.95,83.3,27.52,1.17,IT,Bearish,No,21975.09,-0.0738563528067442
2025-04-04,Friday,April,2025,21908.39,22098.77,21674.91,21864.92,21958.86,-0.43,244.2,48967.3,19849.82,17961.43,82.75,26.45,1.1,FMCG,Bearish,No,21958.86,-0.4277999859737815
2025-04-07,Monday,April,2025,21828.55,21996.17,21821.26,21988.82,21864.92,0.57,343.6,79139.5,19909.48,17992.31,83.3,26.74,1.35,Realty,Bearish,No,21864.92,0.5666611174429244
2025-04-08,Tuesday,April,2025,22021.71,22648.17,21658.03,22280.22,21988.82,1.33,167.5,38154.3,19969.89,18024.26,87.09,26.29,1.48,Realty,Bearish,No,21988.82,1.3252189066989564
2025-04-09,Wednesday,April,2025,22021.71,22463.88,22238.96,22451.7,22280.22,0.77,239.7,58534.6,20037.63,18054.44,93.24,25.99,1.63,Realty,Bearish,No,22280.22,0.7696512871057807
2025-04-10,Thursday,April,2025,22397.83,22717.41,22171.68,22490.33,22451.7,0.17,290.5,71727.1,20105.51,18085.14,92.43,26.03,1.04,Unknown,Unknown,No,22451.7,0.17205824057866898
2025-04-11,Friday,April,2025,22520.08,23055.06,22275.69,22807.55,22490.33,1.41,244.8,59710.9,20174.05,18116.25,92.08,26.68,1.47,IT,Bearish,No,22490.33,1.4104728565565623
2025-04-14,Monday,April,2025,22756.87,23261.31,22425.13,22927.09,22807.55,0.52,296.1,74480.6,20246.97,18148.88,92.07,26.04,1.65,Unknown,Bearish,No,22807.55,0.5241246867813547
2025-04-15,Tuesday,April,2025,23074.13,23194.19,22978.3,23098.26,22927.09,0.75,262.9,62516.1,20322.55,18180.62,95.39,25.91,0.41,Auto,Bearish,No,22927.09,0.7465840627833634
2025-04-16,Wednesday,April,2025,23137.18,23671.39,23026.93,23098.26,23098.26,2.0,431.7,93404.6,20412.02,18215.39,96.34,26.04,1.84,Metal,Bearish,No,23098.26,0.0
2025-04-17,Thursday,April,2025,23606.43,23870.86,23321.45,23585.64,23559.13,0.11,216.5,46874.0,20474.12,18251.04,96.16,25.11,1.22,IT,Bearish,No,23098.26,2.110029067124541
2025-04-18,Friday,April,2025,23579.29,23829.32,23171.8,23420.14,23585.64,-0.7,247.0,61401.0,20537.42,18286.14,89.53,24.57,0.64,Unknown,Neutral,No,23585.64,-0.7016981519263417
2025-04-21,Monday,April,2025,23551.03,23899.75,22878.8,23222.66,23420.14,-0.84,370.6,81533.9,20591.43,18322.89,80.25,24.23,0.73,IT,Neutral,No,23420.14,-0.8432058903149152
2025-04-22,Tuesday,April,2025,23170.92,23457.07,22368.61,22648.31,23222.66,-2.47,325.1,67164.8,20633.4,18357.05,62.16,25.69,0.2,IT,Bearish,No,23222.66,-2.473230887417714
2025-04-23,Wednesday,April,2025,22699.99,22850.86,22418.77,22568.77,22648.31,-0.35,301.0,67555.3,20677.35,18390.05,60.77,25.27,0.82,Pharma,Bearish,No,22648.31,-0.35119618196678193
2025-04-24,Thursday,April,2025,22478.17,22648.01,22193.39,22362.36,22568.77,-0.91,284.6,61284.0,20716.64,18421.29,58.45,23.99,0.68,Energy,Neutral,No,22568.77,-0.9145824074595108
2025-04-25,Friday,April,2025,22516.23,22743.47,22169.9,22395.92,22362.36,0.15,292.7,66708.5,20762.82,18455.09,57.13,23.19,1.16,IT,Neutral,No,22362.36,0.15007360582692378
2025-04-28,Monday,April,2025,22451.01,22493.36,22169.9,22308.7,22395.92,-0.39,218.6,49743.6,20819.44,18488.8,50.54,23.17,0.69,Banking,Neutral,No,22395.92,-0.38944593479525524
2025-04-29,Tuesday,April,2025,22245.8,22695.73,22017.91,22465.58,22308.7,0.7,248.5,57853.5,20881.64,18521.03,50.26,22.53,1.23,IT,Neutral,No,22308.7,0.7032234061151077
2025-04-30,Wednesday,April,2025,22501.01,22945.72,22263.99,22706.54,22465.58,1.07,251.0,57864.8,20958.81,18554.07,53.81,21.53,0.95,Auto,Neutral,No,22465.58,1.0725741334076355
2025-05-01,Thursday,May,2025,22778.93,22887.35,22544.82,22652.64,22706.54,-0.24,113.5,25098.4,21033.34,18585.29,46.99,21.66,0.74,Pharma,Neutral,No,22706.54,-0.23737654437885053
2025-05-02,Friday,May,2025,22591.88,22753.37,22384.69,22545.85,22652.64,-0.47,227.8,46466.6,21108.39,18615.78,42.56,21.8,0.52,Auto,Neutral,No,22652.64,-0.4714240812549922
2025-05-05,Monday,May,2025,22514.72,22808.56,22513.1,22806.92,22545.85,1.16,469.4,115729.1,21194.36,18647.49,44.51,21.51,1.43,IT,Neutral,No,22545.85,1.1579514633513472
2025-05-06,Tuesday,May,2025,22738.94,23005.34,22197.45,22460.59,22806.92,-1.52,253.2,54901.6,21274.81,18676.53,28.35,21.92,0.2,Unknown,Unknown,No,22806.92,-1.5185303407912956
2025-05-07,Wednesday,May,2025,22492.86,22710.41,21776.59,21989.27,22460.59,-2.1,335.9,73967.6,21345.44,18703.2,23.23,23.82,0.2,FMCG,Bearish,No,22460.59,-2.0984310741614522
2025-05-08,Thursday,May,2025,22001.29,22062.31,21746.01,21806.49,21989.27,-0.83,333.4,73530.7,21414.51,18730.02,23.09,24.15,0.31,FMCG,Bearish,No,21989.27,-0.8312235922338432
2025-05-09,Friday,May,2025,21808.54,22155.82,21726.55,22072.83,21806.49,1.22,311.6,66232.1,21486.22,18756.6,31.26,23.87,1.1,Realty,Bearish,No,21806.49,1.2213795067431765
2025-05-12,Monday,May,2025,22019.49,22352.78,21881.61,22213.69,22072.83,0.64,247.1,52787.5,21558.11,18783.61,41.75,23.79,1.52,Metal,Neutral,No,22072.83,0.6381601271789659
2025-05-13,Tuesday,May,2025,22199.9,22452.92,21708.59,21958.86,22213.69,-1.15,224.4,46918.9,21621.49,18811.21,39.14,23.08,1.08,Energy,Bearish,No,22213.69,-1.1471754580170972
2025-05-14,Wednesday,May,2025,21911.71,22318.03,21692.2,22096.66,21958.86,0.63,337.7,70790.2,21685.06,18837.73,45.15,22.54,1.11,Banking,Neutral,No,21958.86,0.6275371307982257
2025-05-15,Thursday,May,2025,22128.79,22233.04,21950.25,22054.15,22096.66,-0.19,296.2,59189.1,21744.88,18864.91,52.29,22.31,0.49,Energy,Neutral,No,22096.66,-0.19238201610559424
2025-05-16,Friday,May,2025,21984.49,22108.19,21592.99,21715.18,22054.15,-1.54,383.2,90833.4,21793.6,18889.87,40.11,21.83,0.4,FMCG,Neutral,No,22054.15,-1.5369896368710703
2025-05-19,Monday,May,2025,21663.13,22024.3,21485.27,21844.94,21715.18,0.6,328.8,73195.1,21838.85,18915.63,39.57,21.39,1.62,Banking,Bearish,No,21715.18,0.5975543375647745
2025-05-20,Tuesday,May,2025,21898.37,22003.42,21395.39,21498.53,21844.94,-1.59,214.9,42578.9,21870.82,18939.43,30.39,21.15,0.54,Realty,Bearish,No,21844.94,-1.585767688077879
2025-05-21,Wednesday,May,2025,21470.16,21597.22,21251.31,21377.83,21498.53,-0.56,227.1,49442.0,21892.16,18963.51,29.74,20.67,0.38,Banking,Bearish,No,21498.53,-0.5614337352367678
2025-05-22,Thursday,May,2025,21490.76,21882.54,21259.36,21649.43,21377.83,1.27,301.4,61757.1,21921.26,18987.79,36.46,20.71,1.97,Metal,Bearish,No,21377.83,1.2704750669268046
2025-05-23,Friday,May,2025,21662.16,21765.57,21595.17,21698.46,21649.43,0.23,174.2,36367.5,21950.26,19011.98,32.12,24.57,0.97,Banking,Bearish,No,21649.43,0.22647247525684894
2025-05-26,Monday,May,2025,21580.43,21990.88,21420.08,21828.68,21698.46,0.6,212.0,49064.2,21983.4,19036.01,39.04,20.13,1.04,FMCG,Bearish,No,21698.46,0.6001347561071209
2025-05-27,Tuesday,May,2025,21741.96,22411.74,21586.88,22253.01,21828.68,1.94,353.8,84806.1,22024.23,19062.56,54.65,19.15,2.0,Banking,Neutral,No,21828.68,1.9439104884033214
2025-05-28,Wednesday,May,2025,22213.6,22387.5,22033.89,22207.75,22253.01,-0.2,266.2,61479.6,22065.62,19088.73,57.43,18.13,1.02,Metal,Neutral,No,22253.01,-0.20338821579641767
2025-05-29,Thursday,May,2025,22257.23,22458.81,21988.71,22189.68,22207.75,-0.08,329.7,79488.9,22110.21,19116.22,52.38,18.75,1.36,Banking,Neutral,No,22207.75,-0.08136799090407497
2025-05-30,Friday,May,2025,22232.36,22464.87,21963.23,22195.36,22189.68,0.03,178.0,42708.1,22147.98,19144.84,49.6,19.04,0.97,Pharma,Neutral,No,22189.68,0.0255974849569723
2025-06-02,Monday,June,2025,22163.16,22540.93,21916.33,22292.66,22195.36,0.44,186.0,41888.7,22179.12,19174.55,57.74,19.31,1.12,Auto,Neutral,No,22195.36,0.43837991363960427
2025-06-03,Tuesday,June,2025,22375.08,22523.3,21648.25,21792.61,22292.66,-2.24,460.6,108564.4,22197.82,19202.44,43.97,20.34,0.2,Energy,Neutral,No,22292.66,-2.243114998389601
2025-06-04,Wednesday,June,2025,21814.1,22523.3,21652.8,21913.41,21792.61,0.55,232.8,51473.5,22220.48,19232.77,47.29,20.0,1.23,Energy,Neutral,No,21792.61,0.5543163485236475
2025-06-05,Thursday,June,2025,21814.1,22107.31,21686.56,21901.35,21913.41,-0.06,108.7,21922.6,22243.05,19263.85,54.1,19.98,0.97,Banking,Neutral,No,21913.41,-0.055034793763276954
2025-06-06,Friday,June,2025,21978.43,22170.09,21672.03,21862.68,21901.35,-0.18,252.8,58910.6,22261.55,19295.48,50.41,21.23,0.73,IT,Neutral,No,21901.35,-0.17656445835529888
2025-06-09,Monday,June,2025,21809.72,22033.99,21535.18,21758.92,21862.68,-0.47,179.3,36136.1,22269.97,19326.75,56.72,20.75,0.34,IT,Neutral,No,21862.68,-0.4745987225719904
2025-06-10,Tuesday,June,2025,21809.72,22171.0,21581.59,21955.86,21758.92,0.91,241.7,51114.0,22273.62,19358.49,64.35,21.33,1.45,Realty,Neutral,No,21758.92,0.9051000693049212
2025-06-11,Wednesday,June,2025,21999.15,22102.65,21835.2,21938.41,21955.86,-0.08,138.9,29739.8,22272.88,19390.53,58.21,21.01,1.07,Energy,Neutral,No,21955.86,-0.07947764287074488
2025-06-12,Thursday,June,2025,21979.11,22319.74,21617.39,21957.69,21938.41,0.09,291.1,67847.1,22272.86,19421.74,57.49,20.37,0.95,Pharma,Neutral,No,21938.41,0.08788239439411896
2025-06-13,Friday,June,2025,21947.44,22157.05,21771.54,21980.88,21957.69,0.11,249.8,50334.8,22275.18,19453.36,54.69,21.73,1.32,FMCG,Neutral,No,21957.69,0.1056122023764901
2025-06-16,Monday,June,2025,21947.44,22299.87,21800.32,22061.63,21980.88,0.37,160.9,35106.3,22276.64,19485.62,42.52,21.07,1.17,Metal,Neutral,No,21980.88,0.36736472789078506
2025-06-17,Tuesday,June,2025,22183.51,22415.16,21815.01,22045.21,22061.63,-0.07,235.6,51281.1,22271.94,19515.19,43.5,21.18,1.11,Banking,Neutral,No,22061.63,-0.07442786412428225
2025-06-18,Wednesday,June,2025,22034.94,22235.19,21268.02,21463.07,22045.21,-2.64,395.9,86368.6,22252.16,19540.61,29.98,24.1,0.2,IT,Bearish,No,22045.21,-2.640664343864265
2025-06-19,Thursday,June,2025,21467.42,21661.69,21121.16,21314.04,21463.07,-0.69,242.3,50134.6,22228.64,19565.62,27.49,24.57,0.29,Pharma,Bearish,No,21463.07,-0.694355467321305
2025-06-20,Friday,June,2025,21373.19,21623.46,21004.74,21253.61,21314.04,-0.28,333.5,71974.7,22197.56,19590.74,22.96,24.53,1.3,FMCG,Bearish,No,21314.04,-0.2835220352406221
2025-06-23,Monday,June,2025,21236.67,21670.58,21084.47,21516.38,21253.61,1.24,343.6,81114.7,22169.34,19616.8,41.8,24.7,1.53,Auto,Neutral,No,21253.61,1.2363546710417685
2025-06-24,Tuesday,June,2025,21497.47,21790.73,21258.8,21551.46,21516.38,0.16,199.2,39251.8,22138.41,19643.11,38.67,23.69,0.66,FMCG,Bearish,No,21516.38,0.16303857805075997
2025-06-25,Wednesday,June,2025,21476.45,21691.42,21103.62,21317.0,21551.46,-1.09,261.4,59897.7,22093.57,19668.87,33.95,23.6,0.5,Banking,Bearish,No,21551.46,-1.0879077333971765
2025-06-26,Thursday,June,2025,21476.45,21476.13,20780.21,21047.58,21317.0,-1.26,209.8,42467.7,22042.8,19693.99,30.13,22.15,0.75,Banking,Bearish,No,21317.0,-1.2638739034573263
2025-06-27,Friday,June,2025,20975.92,21476.13,20783.94,20909.7,21047.58,-0.66,151.2,31398.7,21992.6,19718.09,29.64,21.81,1.23,IT,Bearish,No,21047.58,-0.6550871881708064
2025-06-30,Monday,June,2025,20963.82,21138.6,20638.25,20811.76,20909.7,-0.47,191.3,41732.8,21944.38,19740.01,21.2,22.51,0.93,FMCG,Bearish,No,20909.7,-0.4683950511006964
2025-07-01,Tuesday,July,2025,20747.59,20883.72,20652.59,20788.53,20811.76,-0.11,183.4,41252.8,21907.18,19760.77,21.14,22.75,1.18,Energy,Bearish,No,20811.76,-0.11161958431194462
2025-07-02,Wednesday,July,2025,20818.87,21077.84,20327.76,20583.8,20788.53,-0.98,267.3,64839.8,21867.48,19779.41,18.45,22.83,1.17,Unknown,Bearish,No,20788.53,-0.9848219186253168
2025-07-03,Thursday,July,2025,20675.52,20779.79,20344.25,20447.37,20583.8,-0.66,170.9,36078.1,21829.18,19794.46,16.53,22.87,1.26,Metal,Bearish,No,20583.8,-0.6628027866574699
2025-07-04,Friday,July,2025,20457.1,20647.93,20048.52,20237.3,20447.37,-1.03,277.7,51360.8,21786.01,19806.78,12.31,22.65,0.74,Unknown,Bearish,No,20447.37,-1.027369290035832
2025-07-07,Monday,July,2025,20183.73,20308.57,20008.47,20133.0,20237.3,-0.52,258.8,52371.8,21742.5,19818.59,11.88,22.43,1.02,IT,Bearish,No,20237.3,-0.5153849574795021
2025-07-08,Tuesday,July,2025,20125.01,20377.88,19614.16,19863.74,20133.0,-1.34,245.3,51159.7,21690.46,19830.78,13.57,21.88,0.26,Banking,Bearish,No,20133.0,-1.337406248447814
2025-07-09,Wednesday,July,2025,19886.37,20098.93,19731.93,19944.05,19863.74,0.4,301.3,56119.8,21635.21,19842.05,17.78,22.33,1.12,FMCG,Bearish,No,19863.74,0.4043045267406726
2025-07-10,Thursday,July,2025,19967.08,20178.82,19564.4,19774.1,19944.05,-0.85,244.2,50835.9,21577.64,19852.76,52.29,23.16,0.84,Banking,Bearish,No,19944.05,-0.8521338444297961
2025-07-11,Friday,July,2025,19781.04,19853.53,19690.84,19763.27,19774.1,-0.05,187.2,35587.5,21521.99,19863.91,5.82,23.79,0.86,Energy,Bearish,No,19774.1,-0.05476861146650471
2025-07-14,Monday,July,2025,19781.04,19909.13,19474.0,19581.21,19763.27,-0.92,365.0,73051.7,21457.47,19872.19,3.77,23.43,0.3,Banking,Bearish,No,19763.27,-0.9212038291234259
2025-07-15,Tuesday,July,2025,19639.93,19973.91,19435.12,19767.77,19581.21,0.95,216.7,44190.8,21403.62,19879.68,12.81,22.59,1.3,FMCG,Bearish,No,19581.21,0.9527501109482065
2025-07-16,Wednesday,July,2025,19739.31,19999.15,19360.22,19618.47,19767.77,-0.76,304.8,61578.8,21356.2,19884.88,13.6,22.36,0.22,FMCG,Bearish,No,19767.77,-0.7552698154622361
2025-07-17,Thursday,July,2025,19701.15,19900.22,19246.58,19443.04,19618.47,-0.89,231.0,40588.7,21308.93,19889.75,13.34,21.89,1.16,Banking,Bearish,No,19618.47,-0.894208365891939
2025-07-18,Friday,July,2025,19462.27,19803.48,18858.25,19194.77,19443.04,-1.28,211.8,37827.2,21251.37,19892.72,12.41,21.25,0.56,Auto,Bearish,No,19443.04,-1.2769093721969427
2025-07-21,Monday,July,2025,19066.62,19698.52,18853.72,19481.0,19194.77,1.49,273.6,57097.1,21196.72,19898.57,22.91,22.56,1.82,IT,Unknown,No,19194.77,1.4911874432462568
2025-07-22,Tuesday,July,2025,19470.02,19852.13,19313.01,19693.32,19481.0,1.09,415.3,88981.0,21151.41,19904.96,31.61,22.19,1.1,Banking,Bearish,No,19481.0,1.0898824495662425
2025-07-23,Wednesday,July,2025,19683.07,19847.0,19550.88,19714.6,19693.32,0.11,138.8,27712.3,21103.76,19912.2,34.11,23.33,0.89,Energy,Bearish,No,19693.32,0.10805694519765502
2025-07-24,Thursday,July,2025,19778.48,20080.46,19402.16,19702.99,19714.6,-0.06,180.9,36334.0,21056.74,19920.47,37.32,23.01,1.16,Pharma,Bearish,No,19714.6,-0.05889036551589657
2025-07-25,Friday,July,2025,19668.63,19909.66,19447.76,19688.56,19702.99,-0.07,297.4,61540.4,21016.21,19929.33,38.99,23.02,1.42,Banking,Bearish,No,19702.99,-0.07323761520459732
2025-07-28,Monday,July,2025,19697.37,19814.34,19571.2,19688.11,19688.56,0.0,163.7,31624.2,20973.07,19939.05,44.98,22.03,1.06,FMCG,Neutral,No,19688.56,-0.0022855912265840037
2025-07-29,Tuesday,July,2025,19604.29,20049.8,19499.12,19942.82,19688.11,1.29,267.3,47699.2,20941.96,19950.49,49.97,21.79,1.18,IT,Neutral,No,19688.11,1.293724994425565
2025-07-30,Wednesday,July,2025,19893.15,20136.13,19786.82,20029.07,19942.82,0.43,249.6,52674.2,20914.98,19961.64,56.93,20.86,1.41,Metal,Neutral,No,19942.82,0.43248647884301217
2025-07-31,Thursday,July,2025,20076.96,20524.36,19875.29,20320.24,20029.07,1.45,278.2,51197.6,20888.4,19975.67,63.14,21.05,1.16,Pharma,Neutral,No,20029.07,1.4537369932802766
2025-08-01,Friday,August,2025,20076.96,20369.45,20206.77,20330.27,20320.24,0.05,253.0,55399.7,20861.04,19988.38,69.23,19.81,1.41,Auto,Bullish,No,20320.24,0.04935965323243641
2025-08-04,Monday,August,2025,20389.18,20510.62,20137.28,20257.94,20330.27,-0.36,222.1,39537.4,20829.62,20000.09,63.36,20.2,1.2,Banking,Neutral,No,20330.27,-0.3557749110070931
2025-08-05,Tuesday,August,2025,20327.22,20514.03,19682.78,19865.34,20257.94,-1.94,319.2,63463.8,20781.87,20009.03,55.94,20.0,0.2,Realty,Neutral,No,20257.94,-1.9380055425181366
2025-08-06,Wednesday,August,2025,19939.32,20375.9,19777.6,20211.97,19865.34,1.74,297.9,61828.5,20741.95,20019.27,67.1,19.56,1.54,Banking,Bullish,No,19865.34,1.7448984009334902
2025-08-07,Thursday,August,2025,20305.67,20646.12,20180.18,20519.31,20211.97,1.52,245.8,48160.6,20708.54,20030.24,78.7,18.95,1.35,FMCG,Bullish,No,20211.97,1.5205840895271472
2025-08-08,Friday,August,2025,20567.03,20788.73,20005.1,20223.09,20519.31,-1.44,182.2,37564.1,20669.1,20038.59,66.01,18.02,0.63,Pharma,Bullish,No,20519.31,-1.4436157940983452
2025-08-11,Monday,August,2025,20248.9,20466.75,20006.89,20224.48,20223.09,0.01,335.7,70514.8,20627.74,20047.48,62.61,17.1,1.14,FMCG,Bullish,No,20223.09,0.006873331424621152
2025-08-12,Tuesday,August,2025,20262.08,20486.17,20117.53,20341.05,20224.48,0.58,198.9,37366.8,20598.7,20061.9,64.23,16.39,0.68,Metal,Bullish,No,20224.48,0.5763807029896428
2025-08-13,Wednesday,August,2025,20262.08,20464.91,19982.18,20100.25,20341.05,-1.18,233.8,47186.8,20562.44,20076.41,58.17,15.76,0.76,Energy,Neutral,No,20341.05,-1.1838130283343253
2025-08-14,Thursday,August,2025,20077.72,20388.67,19982.18,20157.7,20100.25,0.29,246.2,47935.1,20527.57,20089.71,59.48,15.6,1.07,Banking,Neutral,No,20100.25,0.2858173405803447
2025-08-15,Friday,August,2025,20204.27,20353.08,20009.48,20157.95,20157.7,0.0,158.0,32214.9,20493.47,20103.43,59.5,15.57,0.63,Auto,Neutral,No,20157.7,0.0012402208585304871
2025-08-18,Monday,August,2025,20185.11,20347.73,20020.21,20182.81,20157.95,0.12,281.1,51302.1,20461.95,20117.39,55.35,15.6,1.22,Banking,Neutral,No,20157.95,0.12332603265709352
2025-08-19,Tuesday,August,2025,20236.11,20503.71,20010.85,20277.99,20182.81,0.47,258.7,55005.3,20428.39,20131.59,55.52,14.86,1.63,Pharma,Neutral,No,20182.81,0.4715894367533574
2025-08-20,Wednesday,August,2025,20265.3,20338.25,19875.98,19947.79,20277.99,-1.63,286.5,53360.3,20388.58,20143.65,41.87,24.57,0.49,Pharma,Neutral,No,20277.99,-1.6283665195613604
2025-08-21,Thursday,August,2025,19940.57,20283.87,19822.38,20164.36,19947.79,1.09,243.7,51001.9,20352.72,20156.71,46.68,15.55,1.78,IT,Neutral,No,19947.79,1.0856841785480984
2025-08-22,Friday,August,2025,20177.15,20651.7,20036.79,20509.03,20164.36,1.71,232.0,50139.0,20323.28,20173.57,54.53,16.44,1.82,Energy,Neutral,No,20164.36,1.7093029483702842
2025-08-25,Monday,August,2025,20501.24,20821.65,19765.7,20079.51,20509.03,-2.09,345.8,72943.0,20283.64,20187.46,53.81,17.68,0.55,Unknown,Neutral,No,20509.03,-2.094296999906873
2025-08-26,Tuesday,August,2025,20250.7,20311.24,19916.69,19976.41,20079.51,-0.51,254.0,53962.1,20242.26,20201.29,45.41,18.89,0.97,FMCG,Neutral,No,20079.51,-0.5134587447601986
2025-08-27,Wednesday,August,2025,20092.34,20256.28,19491.4,19651.74,19976.41,-1.63,263.8,49847.9,20206.03,20213.12,33.2,18.59,0.39,FMCG,Bearish,No,19976.41,-1.6252670024293567
2025-08-28,Thursday,August,2025,19651.99,19739.51,19473.5,19560.62,19651.74,-0.46,274.7,58752.9,20170.96,20224.09,36.06,24.57,0.62,Banking,Bearish,No,19651.74,-0.4636739545709571
2025-08-29,Friday,August,2025,19552.94,20055.91,19215.91,19716.07,19560.62,0.79,354.3,63201.4,20140.21,20234.07,39.95,17.78,2.19,Auto,Bearish,No,19560.62,0.7947089611679012
2025-09-01,Monday,September,2025,19742.45,19921.46,19430.32,19608.11,19716.07,-0.55,248.4,48523.4,20102.05,20242.7,35.47,16.72,0.87,Banking,Bearish,No,19716.07,-0.5475736290244411
2025-09-02,Tuesday,September,2025,19582.85,19815.4,19500.85,19732.77,19608.11,0.64,236.8,44580.4,20065.67,20252.09,42.36,16.5,1.26,Pharma,Neutral,No,19608.11,0.6357573473425019
2025-09-03,Wednesday,September,2025,19706.35,20010.93,19500.85,19982.63,19732.77,1.27,224.9,47097.0,20038.99,20263.75,46.63,16.55,1.75,Auto,Neutral,No,19732.77,1.266218579550669
2025-09-04,Thursday,September,2025,19985.2,20194.01,19732.99,19941.34,19982.63,-0.21,220.8,46718.3,20016.86,20274.94,45.9,17.55,0.36,IT,Neutral,No,19982.63,-0.2066294576840029
2025-09-05,Friday,September,2025,19919.12,20093.86,19554.17,19727.23,19941.34,-1.07,249.1,52309.0,19993.21,20283.09,41.95,16.65,0.82,IT,Neutral,No,19941.34,-1.073699159635213
2025-09-08,Monday,September,2025,19738.11,19946.21,19333.62,19539.62,19727.23,-0.95,205.2,38466.7,19967.77,20290.2,37.36,15.92,1.09,FMCG,Bearish,No,19727.23,-0.9510204929936974
2025-09-09,Tuesday,September,2025,19738.11,19639.04,19150.13,19226.53,19539.62,-1.6,267.3,60306.1,19936.53,20295.1,37.58,15.89,0.86,FMCG,Unknown,No,19539.62,-1.6023341293228843
2025-09-10,Wednesday,September,2025,19042.98,19627.78,18748.33,19328.7,19226.53,0.53,262.8,52593.3,19911.43,20300.59,35.02,24.57,1.35,Energy,Bearish,No,19226.53,0.5314011420677672
2025-09-11,Thursday,September,2025,19217.0,19426.29,19056.97,19265.85,19328.7,-0.33,240.9,50386.0,19887.8,20306.07,25.21,16.98,0.59,IT,Bearish,No,19328.7,-0.32516413416319867
2025-09-12,Friday,September,2025,19216.85,19507.99,19030.49,19320.63,19265.85,0.28,212.4,39019.7,19869.46,20311.96,32.21,24.57,1.36,FMCG,Bearish,No,19265.85,0.2843373118756892
2025-09-15,Monday,September,2025,19336.84,19678.17,19133.89,19473.78,19320.63,0.79,314.6,66295.5,19856.28,20317.49,38.49,15.78,0.93,IT,Bearish,No,19320.63,0.7926760152230948
2025-09-16,Tuesday,September,2025,19428.75,19820.21,19265.34,19654.9,19473.78,0.93,161.1,32243.3,19852.1,20324.33,50.08,15.72,1.76,IT,Neutral,No,19473.78,0.9300711007313559
2025-09-17,Wednesday,September,2025,19791.11,20052.79,19346.66,19605.89,19654.9,-0.25,130.3,26762.2,19845.34,20330.27,51.13,15.54,1.15,Unknown,Neutral,No,19654.9,-0.2493525787462772
2025-09-18,Thursday,September,2025,19658.51,19996.05,19346.66,19879.16,19605.89,1.39,302.3,59372.3,19847.44,20336.46,53.86,15.04,1.35,Auto,Neutral,No,19605.89,1.393815837995625
2025-09-19,Friday,September,2025,19995.95,20237.69,19540.8,19779.93,19879.16,-0.5,320.9,67369.3,19847.77,20342.04,54.08,14.69,1.16,IT,Neutral,No,19879.16,-0.4991659607347572
2025-09-22,Monday,September,2025,19833.35,20305.28,19540.8,20038.12,19779.93,1.31,291.7,63951.4,19856.91,20350.12,56.82,14.91,1.39,Auto,Neutral,No,19779.93,1.305313011724504
2025-09-23,Tuesday,September,2025,19942.91,20310.85,19700.67,20067.1,20038.12,0.14,234.8,44013.2,19862.9,20360.23,52.09,15.68,1.08,Auto,Neutral,No,20038.12,0.14462434599652846
2025-09-24,Wednesday,September,2025,19996.93,20663.5,19722.22,20383.48,20067.1,1.58,234.8,46765.0,19878.2,20371.2,59.64,16.17,1.74,Auto,Neutral,No,20067.1,1.5766104718668918
2025-09-25,Thursday,September,2025,20352.21,20455.57,20204.13,20307.26,20383.48,-0.37,110.1,39537.4,19895.48,20382.21,63.45,16.53,0.86,FMCG,Bullish,No,20383.48,-0.37393026117228834
2025-09-26,Friday,September,2025,20234.4,20504.42,20032.33,20301.68,20307.26,-0.03,162.9,30932.9,19917.62,20392.86,69.3,15.93,0.92,Banking,Bullish,No,20307.26,-0.0274778576725669
2025-09-29,Monday,September,2025,20367.53,20564.48,19779.47,19972.6,20301.68,-1.62,341.0,66921.0,19927.45,20399.92,68.75,16.05,0.27,Auto,Bullish,No,20301.68,-1.6209495962895768
2025-09-30,Tuesday,September,2025,19963.1,20262.74,19797.41,20095.95,19972.6,0.62,156.3,29312.5,19935.51,20406.66,69.07,16.01,1.49,Pharma,Bullish,No,19972.6,0.6175961066661436
2025-10-01,Wednesday,October,2025,20108.31,20502.86,19797.41,20289.66,20095.95,0.96,216.6,45251.5,19947.01,20414.67,73.9,16.32,1.33,Banking,Bullish,No,20095.95,0.9639255670918723
2025-10-02,Thursday,October,2025,20373.45,20634.8,20007.91,20267.91,20289.66,-0.11,131.4,25238.2,19958.31,20422.79,72.46,15.89,1.28,Energy,Bullish,No,20289.66,-0.10719745919842916
2025-10-03,Friday,October,2025,20385.06,20489.24,20279.78,20383.95,20267.91,0.57,194.2,38641.9,19972.21,20432.69,71.96,15.84,1.02,Auto,Bullish,No,20267.91,0.5725306654706918
2025-10-06,Monday,October,2025,20367.35,20706.31,20302.75,20640.85,20383.95,1.26,350.6,72238.5,19991.27,20446.23,72.95,15.59,1.13,IT,Bullish,No,20383.95,1.260305289210373
2025-10-07,Tuesday,October,2025,20556.35,21102.15,20302.75,20951.72,20640.85,1.51,257.8,51822.0,20011.45,20459.79,77.93,16.45,1.83,Banking,Bullish,No,20640.85,1.5060910766756344
2025-10-08,Wednesday,October,2025,20877.03,20917.49,20766.14,20806.46,20951.72,-0.69,309.8,66777.6,20026.99,20472.48,70.32,24.57,0.45,IT,Bullish,No,20951.72,-0.6933082343597663
2025-10-09,Thursday,October,2025,20878.21,21096.26,20716.98,20934.59,20806.46,0.62,215.7,41645.0,20039.28,20484.04,74.99,17.54,1.04,Energy,Bullish,No,20806.46,0.6158183564143108
2025-10-10,Friday,October,2025,20951.27,21238.69,20193.58,20474.46,20934.59,-2.2,418.8,92260.4,20042.17,20493.9,58.68,19.92,0.44,IT,Neutral,No,20934.59,-2.1979413019314014
2025-10-13,Monday,October,2025,20419.79,20504.68,20372.7,20457.5,20474.46,-0.08,245.1,49954.2,20046.16,20503.44,57.81,24.57,1.51,Pharma,Neutral,No,20474.46,-0.0828349074896194
2025-10-14,Tuesday,October,2025,20500.95,20646.62,20371.19,20516.76,20457.5,0.29,206.8,43046.5,20059.19,20514.75,52.97,20.86,1.21,Auto,Neutral,No,20457.5,0.28967371379688817
2025-10-15,Wednesday,October,2025,20450.52,20733.38,20379.9,20662.03,20516.76,0.71,245.4,51943.1,20068.19,20528.55,57.67,20.44,0.92,Auto,Unknown,No,20516.76,0.7080552679857856
2025-10-16,Thursday,October,2025,20552.17,20820.34,20355.14,20622.63,20662.03,-0.19,143.1,26912.1,20070.25,20542.12,56.84,20.43,0.67,Metal,Neutral,No,20662.03,-0.19068794305301956
2025-10-17,Friday,October,2025,20498.42,20929.77,20282.22,20711.32,20622.63,0.43,210.7,45881.7,20080.02,20553.94,67.54,20.62,1.14,Metal,Neutral,No,20622.63,0.4300615391926184
2025-10-20,Monday,October,2025,20621.48,20856.36,20454.74,20689.07,20711.32,-0.11,310.6,69991.5,20089.31,20565.76,64.79,19.46,1.16,Auto,Bullish,No,20711.32,-0.10742917399760132
2025-10-21,Tuesday,October,2025,20760.9,20870.12,20414.75,20522.71,20689.07,-0.8,282.1,58125.1,20092.94,20576.1,55.89,19.42,0.45,Banking,Neutral,No,20689.07,-0.8040960758506814
2025-10-22,Wednesday,October,2025,20510.24,20689.93,20126.59,20304.48,20522.71,-1.06,148.5,29494.0,20097.03,20584.61,52.29,19.05,0.38,Banking,Neutral,No,20522.71,-1.0633585915310384
2025-10-23,Thursday,October,2025,20302.42,20565.32,19990.51,20252.76,20304.48,-0.25,222.5,47629.1,20098.93,20593.29,46.89,18.87,0.9,Realty,Neutral,No,20304.48,-0.2547221105884079
2025-10-24,Friday,October,2025,20264.12,20498.35,19896.88,20129.55,20252.76,-0.61,260.7,54790.5,20098.36,20600.88,37.06,18.05,1.01,Banking,Bearish,No,20252.76,-0.608361527021498
2025-10-27,Monday,October,2025,20068.53,20498.35,19798.74,19925.72,20129.55,-1.01,316.2,64907.6,20093.22,20607.22,22.55,18.94,0.28,Energy,Bearish,No,20129.55,-1.012590942172071
2025-10-28,Tuesday,October,2025,19897.05,20177.98,19763.67,20043.62,19925.72,0.59,226.9,49711.7,20088.53,20614.09,29.29,19.45,0.49,Auto,Bearish,No,19925.72,0.591697564755491
2025-10-29,Wednesday,October,2025,20020.56,20152.56,19865.02,19996.86,20043.62,-0.23,224.5,45627.2,20089.51,20620.31,23.36,19.02,0.89,Banking,Bearish,No,20043.62,-0.23329119191043535
2025-10-30,Thursday,October,2025,19941.01,20302.21,19742.36,20101.96,19996.86,0.53,308.1,58817.3,20088.26,20626.77,36.74,18.99,1.99,Metal,Bearish,No,19996.86,0.5255825164550761
2025-10-31,Friday,October,2025,20072.66,20122.29,19860.57,19909.8,20101.96,-0.96,253.7,45710.2,20076.28,20631.14,32.67,18.55,0.54,Metal,Bearish,No,20101.96,-0.9559266857560151
2025-11-03,Monday,November,2025,19902.53,20104.95,19527.84,19728.49,19909.8,-0.91,222.2,43428.7,20069.26,20634.75,26.85,18.95,1.05,Auto,Bearish,No,19909.8,-0.9106570633557227
2025-11-04,Tuesday,November,2025,19713.82,20149.56,19598.8,20032.68,19728.49,1.54,346.1,71445.3,20070.38,20638.62,33.09,18.57,1.21,IT,Bearish,No,19728.49,1.5418818166012638
2025-11-05,Wednesday,November,2025,20058.71,20260.37,19919.5,20120.73,20032.68,0.44,293.1,55106.8,20079.76,20643.9,36.86,18.7,1.18,Auto,Bearish,No,20032.68,0.4395318050305764
2025-11-06,Thursday,November,2025,20058.71,20193.43,19900.42,20001.98,20120.73,-0.59,120.0,21725.8,20088.59,20648.43,31.72,18.79,1.13,Auto,Bearish,No,20120.73,-0.5901873341573591
2025-11-07,Friday,November,2025,20094.68,20314.22,19867.64,20087.09,20001.98,0.43,256.7,55782.4,20096.01,20651.96,34.97,17.89,1.1,Auto,Bearish,No,20001.98,0.42550787472040563
2025-11-10,Monday,November,2025,20024.86,20137.58,19775.9,19887.85,20087.09,-0.99,209.6,40033.8,20101.61,20654.99,34.41,18.07,0.31,Pharma,Bearish,No,20087.09,-0.9918808548177043
2025-11-11,Tuesday,November,2025,19856.21,19938.86,19773.21,19855.86,19887.85,-0.16,252.1,49716.7,20104.07,20657.67,37.87,18.1,0.97,Banking,Bearish,No,19887.85,-0.16085197746361707
2025-11-12,Wednesday,November,2025,19879.33,20163.79,19766.35,20049.84,19855.86,0.98,325.5,59924.7,20105.41,20662.5,44.91,17.58,1.57,Banking,Neutral,No,19855.86,0.9769408124352184
2025-11-13,Thursday,November,2025,20086.99,20160.74,19796.0,19868.95,20049.84,-0.9,302.7,58719.3,20103.96,20659.44,43.64,18.14,1.29,IT,Neutral,No,20049.84,-0.9022017133303778
2025-11-14,Friday,November,2025,19797.06,20106.69,19570.45,19879.14,19868.95,0.05,265.6,51994.1,20107.0,20657.56,48.74,18.34,0.62,IT,Neutral,No,19868.95,0.05128605185477184
2025-11-17,Monday,November,2025,19873.01,20039.05,19801.69,19967.39,19879.14,0.44,202.5,43690.9,20115.56,20654.78,47.91,18.32,1.25,Auto,Neutral,No,19879.14,0.44393268521676493
2025-11-18,Tuesday,November,2025,20015.28,20370.03,19858.62,20211.83,19967.39,1.22,253.0,54873.5,20135.26,20653.09,55.31,19.13,1.15,Banking,Neutral,No,19967.39,1.224196051662247
2025-11-19,Wednesday,November,2025,20114.66,20223.23,19918.55,20026.64,20211.83,-0.92,301.8,56681.0,20149.22,20651.37,52.29,24.57,0.74,Auto,Neutral,No,20211.83,-0.9162455848876738
2025-11-20,Thursday,November,2025,20021.36,20346.96,19735.57,20060.61,20026.64,0.17,232.7,47204.4,20165.12,20649.68,53.88,24.57,0.8,Banking,Neutral,No,20026.64,0.16962406075108538
2025-11-21,Friday,November,2025,19971.12,20309.89,19777.56,20114.94,20060.61,0.27,140.9,29652.8,20181.0,20649.83,60.63,18.17,0.89,IT,Bullish,No,20060.61,0.2708292519519501
2025-11-24,Monday,November,2025,20065.88,20340.36,19955.86,20229.44,20114.94,0.57,301.8,58510.8,20196.12,20653.58,56.04,17.43,1.68,Realty,Neutral,No,20114.94,0.5692286429887438
2025-11-25,Tuesday,November,2025,20234.63,20410.39,19777.71,19951.01,20229.44,-1.38,202.0,39450.1,20202.04,20656.56,45.34,17.62,0.56,Metal,Neutral,No,20229.44,-1.3763603935650235
2025-11-26,Wednesday,November,2025,19938.0,20122.61,19851.02,20035.21,19951.01,0.42,260.5,57253.1,20210.63,20662.5,50.93,16.79,0.75,Realty,Neutral,No,19951.01,0.4220337717238412
2025-11-27,Thursday,November,2025,19966.65,20224.49,19753.29,20010.66,20035.21,-0.12,238.6,50225.6,20213.26,20667.92,47.78,17.49,0.91,Auto,Neutral,No,20035.21,-0.12253427840286811
2025-11-28,Friday,November,2025,20083.98,20260.0,19909.84,20085.84,20010.66,0.38,309.6,61404.5,20219.37,20674.38,56.19,17.28,1.32,FMCG,Neutral,No,20010.66,0.3756997520321683
2025-12-01,Monday,December,2025,20065.73,20437.72,19871.58,20241.86,20085.84,0.78,244.4,49808.3,20223.45,20683.05,61.19,17.59,1.32,Metal,Bullish,No,20085.84,0.7767661198137615
2025-12-02,Tuesday,December,2025,20275.25,20360.11,20047.2,20131.46,20241.86,-0.55,125.7,25941.8,20224.74,20691.51,52.49,17.91,0.96,Banking,Neutral,No,20241.86,-0.5454044242969839
2025-12-03,Wednesday,December,2025,20222.16,20272.0,20015.2,20064.65,20131.46,-0.33,245.2,49187.1,20218.36,20699.55,56.41,18.63,1.46,Realty,Neutral,No,20131.46,-0.3318686275113562
2025-12-04,Thursday,December,2025,20023.93,20124.21,19996.98,20097.16,20064.65,0.16,248.0,48960.0,20214.16,20708.27,57.04,18.01,1.35,FMCG,Neutral,No,20064.65,0.16202625014639377
2025-12-05,Friday,December,2025,20134.28,20167.48,19877.08,19909.91,20097.16,-0.93,331.4,64125.4,20206.32,20715.39,48.26,18.37,1.11,Pharma,Neutral,No,20097.16,-0.9317236863318001
2025-12-08,Monday,December,2025,19934.71,20154.4,19774.36,19993.58,19909.91,0.42,209.2,39057.5,20206.74,20722.26,42.66,18.38,1.26,Pharma,Neutral,No,19909.91,0.4202429845237969
2025-12-09,Tuesday,December,2025,19910.23,20222.57,19391.77,19700.82,19993.58,-1.46,336.5,72572.8,20198.84,20726.81,39.78,17.8,0.78,Auto,Bearish,No,19993.58,-1.4642700306798584
2025-12-10,Wednesday,December,2025,19772.17,19898.77,19614.13,19740.53,19700.82,0.2,283.9,51463.6,20187.86,20730.92,40.0,17.37,0.86,Metal,Bearish,No,19700.82,0.20156521403677172
2025-12-11,Thursday,December,2025,19746.51,19912.48,19634.25,19799.92,19740.53,0.3,191.1,38602.1,20178.5,20734.61,40.19,17.3,1.32,IT,Neutral,No,19740.53,0.3008531179254023
2025-12-12,Friday,December,2025,19768.27,20125.13,19614.41,19969.71,19799.92,0.86,281.5,61382.0,20170.21,20738.06,42.18,17.48,1.75,Auto,Neutral,No,19799.92,0.8575287172877512
2025-12-15,Monday,December,2025,19872.68,20126.03,19776.19,20028.79,19969.71,0.3,146.4,28588.7,20157.97,20740.29,52.7,17.66,1.17,FMCG,Neutral,No,19969.71,0.2958480618897408
2025-12-16,Tuesday,December,2025,19952.22,20066.18,19894.9,20008.7,20028.79,-0.1,258.9,39537.4,20139.11,20740.84,49.04,17.03,0.84,Pharma,Neutral,No,20028.79,-0.10030561007429878
2025-12-17,Wednesday,December,2025,20002.19,20116.54,19894.54,20008.86,20008.7,0.0,233.4,50955.3,20123.16,20739.33,49.93,16.87,1.4,IT,Neutral,No,20008.7,0.000799652151313451
2025-12-18,Thursday,December,2025,19928.55,20546.29,19787.21,20401.6,20008.86,1.96,241.9,52329.7,20112.5,20740.36,59.45,17.19,1.42,Metal,Neutral,No,20008.86,1.9628304661035059
2025-12-19,Friday,December,2025,20440.33,20755.88,19932.46,20244.99,20401.6,-0.77,234.9,49029.9,20107.91,20740.34,50.09,17.71,1.43,FMCG,Neutral,No,20401.6,-0.7676358716963226
2025-12-22,Monday,December,2025,20221.97,20503.33,20099.71,20380.11,20244.99,0.67,318.2,66302.0,20106.36,20741.38,57.33,17.83,1.32,Auto,Neutral,No,20244.99,0.6674243849959866
2025-12-23,Tuesday,December,2025,20284.64,20708.16,20106.56,20527.94,20380.11,0.73,268.0,53475.9,20106.59,20742.97,63.04,17.06,0.76,FMCG,Bullish,No,20380.11,0.7253640927355058
2025-12-24,Wednesday,December,2025,20487.11,20631.68,20106.56,20579.98,20527.94,0.25,267.3,40566.9,20104.94,20745.18,52.29,17.52,1.22,Auto,Bullish,No,20527.94,0.2535081454836719
2025-12-25,Thursday,December,2025,20514.36,20797.69,20293.31,20575.97,20579.98,-0.02,174.9,37607.0,20104.01,20748.25,70.65,17.46,1.42,FMCG,Bullish,No,20579.98,-0.0194849557676849
2025-12-26,Friday,December,2025,20500.41,20755.19,20397.03,20651.05,20575.97,0.36,298.4,55851.5,20102.81,20749.98,70.49,17.59,1.46,Realty,Bullish,No,20575.97,0.3648916673187126
2025-12-29,Monday,December,2025,20513.82,20585.26,20358.7,20651.05,20651.05,-1.07,244.7,46169.4,20097.62,20748.45,73.78,17.9,0.65,Banking,Bullish,No,20651.05,0.0
2025-12-30,Tuesday,December,2025,20435.95,20515.4,20172.46,20251.19,20429.85,-0.87,277.3,54080.0,20092.19,20745.42,65.27,16.47,0.76,Banking,Bullish,No,20651.05,-1.936269584355278
2025-12-31,Wednesday,December,2025,20193.24,20478.01,20083.54,20367.37,20251.19,0.57,223.7,43950.1,20093.45,20743.35,66.41,16.68,1.53,Auto,Bullish,No,20251.19,0.5736946816458701
2026-01-01,Thursday,January,2026,20482.04,20659.51,20412.9,20590.01,20367.37,1.09,141.3,31424.2,20100.19,20742.43,67.41,17.7,0.78,Energy,Bullish,No,20367.37,1.0931210067868333
2026-01-02,Friday,January,2026,20651.32,20840.59,20386.35,20574.92,20590.01,-0.07,184.5,39361.5,20109.1,20740.62,65.72,16.33,0.81,Pharma,Bullish,No,20590.01,-0.0732879682914197
2026-01-05,Monday,January,2026,20675.62,20751.35,20450.53,20525.71,20574.92,-0.24,267.3,60079.3,20121.1,20736.56,64.63,16.83,0.71,Realty,Bullish,No,20574.92,-0.23917468451881774
2026-01-06,Tuesday,January,2026,20569.77,20787.47,20041.91,20256.29,20525.71,-1.31,415.1,89283.6,20125.35,20728.97,56.08,16.96,0.82,Banking,Neutral,No,20525.71,-1.3125977128196697
2026-01-07,Wednesday,January,2026,20220.76,20341.39,20079.56,20200.06,20256.29,-0.28,187.5,36535.8,20129.42,20720.1,44.07,16.96,0.64,Pharma,Neutral,No,20256.29,-0.2775927872280638
2026-01-08,Thursday,January,2026,20219.7,20307.29,19913.36,20000.0,20200.06,-0.99,290.0,63692.8,20127.38,20710.3,42.97,17.19,0.46,Energy,Neutral,No,20200.06,-0.99039309784229
2026-01-09,Friday,January,2026,19981.83,20452.61,19876.59,20345.45,20000.0,1.73,444.6,95550.7,20136.09,20702.71,49.11,18.47,1.44,Metal,Neutral,No,20000.0,1.7272500000000037
2026-01-12,Monday,January,2026,20366.24,20765.36,20286.05,20683.92,20345.45,1.66,373.9,82107.2,20155.2,20696.18,53.64,17.92,1.31,Auto,Neutral,No,20345.45,1.6636152063483358
2026-01-13,Tuesday,January,2026,20739.23,21246.55,20571.53,21076.12,20683.92,1.9,240.3,48224.8,20176.07,20690.16,59.99,18.32,1.95,IT,Neutral,No,20683.92,1.8961589485938872
2026-01-14,Wednesday,January,2026,21113.9,21236.76,20677.16,20798.19,21076.12,-1.32,270.9,52342.4,20189.62,20681.89,54.03,19.11,0.42,Realty,Neutral,No,21076.12,-1.3186962306155037
2026-01-15,Thursday,January,2026,20798.71,21113.56,20539.86,20854.02,20798.19,0.27,248.8,50738.6,20206.66,20673.71,53.71,18.3,1.25,Energy,Neutral,No,20798.19,0.26843682070411773
2026-01-16,Friday,January,2026,20858.14,21007.57,20832.67,20981.95,20854.02,0.61,326.8,66295.8,20224.56,20664.59,60.44,17.61,1.05,FMCG,Bullish,No,20854.02,0.6134548638583845
2026-01-19,Monday,January,2026,20995.77,21261.84,20660.21,20925.39,20981.95,-0.27,161.3,35574.2,20245.31,20654.58,63.36,16.87,0.91,Pharma,Bullish,No,20981.95,-0.26956503089560935
2026-01-20,Tuesday,January,2026,20994.81,21106.28,20845.17,20956.44,20925.39,0.15,273.9,39537.4,20267.32,20643.87,62.08,15.97,0.99,IT,Bullish,No,20925.39,0.14838433118808908
2026-01-21,Wednesday,January,2026,20925.66,21317.39,20624.3,21014.74,20956.44,0.28,276.1,58340.4,20286.62,20631.15,59.34,16.52,0.53,Auto,Neutral,No,20956.44,0.27819610582714865
2026-01-22,Thursday,January,2026,20998.43,21176.54,20782.29,20960.07,21014.74,-0.26,214.8,46176.5,20308.44,20618.02,58.32,16.83,0.56,Auto,Neutral,No,21014.74,-0.2601507322955311
2026-01-23,Friday,January,2026,20928.16,21196.02,20616.6,20883.89,20960.07,-0.36,366.9,74863.2,20328.53,20605.34,57.65,16.33,0.51,Banking,Neutral,No,20960.07,-0.3634529846512931
2026-01-26,Monday,January,2026,20892.49,21125.06,20616.6,20963.73,20883.89,0.38,184.4,36342.4,20348.46,20594.04,66.45,16.75,1.45,Metal,Bullish,No,20883.89,0.3823042546192311
2026-01-27,Tuesday,January,2026,21003.77,21160.24,20585.04,20739.54,20963.73,-1.07,295.9,66224.6,20359.02,20584.5,61.63,17.17,1.03,FMCG,Bullish,No,20963.73,-1.069418467038064
2026-01-28,Wednesday,January,2026,21003.77,20881.81,20670.9,20794.38,20739.54,0.26,245.2,47304.9,20374.37,20575.63,68.27,18.1,0.94,FMCG,Bullish,No,20739.54,0.2644224510283263
2026-01-29,Thursday,January,2026,20790.78,20994.85,20632.06,20835.79,20794.38,0.2,252.5,50546.0,20389.87,20567.99,63.11,18.47,1.2,IT,Bullish,No,20794.38,0.19914034465081362
2026-01-30,Friday,January,2026,20902.85,21106.68,20819.22,21022.58,20835.79,0.9,333.8,73774.2,20408.03,20561.13,59.86,17.9,1.09,Banking,Neutral,No,20835.79,0.8964862863371192
2026-02-02,Monday,February,2026,20972.49,21309.21,20789.0,21124.39,21022.58,0.48,163.5,35265.8,20425.93,20555.21,51.69,18.57,1.25,IT,Neutral,No,21022.58,0.4842887980447579
2026-02-03,Tuesday,February,2026,21029.34,21280.07,20847.53,21097.67,21124.39,-0.13,267.3,52043.2,20448.86,20548.37,62.73,19.19,0.85,Pharma,Bullish,No,21124.39,-0.12648885955997388
2026-02-04,Wednesday,February,2026,21118.02,21276.6,20813.28,20970.76,21097.67,-0.6,368.4,82027.1,20467.57,20539.69,54.68,18.19,0.65,Banking,Neutral,No,21097.67,-0.601535619810149
2026-02-05,Thursday,February,2026,20968.23,21391.81,20696.74,21118.37,20970.76,0.7,302.8,69003.2,20489.72,20532.02,55.38,17.78,1.41,IT,Neutral,No,20970.76,0.7038848377455114
